file,frame,path,skater,x,y,z
Axel_1.npy,0,D:/work/讨论/FS-Jump3D-main/FS-Jump3D-main/data/npy/Skater_A/Axel\Axel_1.npy,Skater_A,4.173385,6.24332,-14.847134
Axel_1.npy,1,D:/work/讨论/FS-Jump3D-main/FS-Jump3D-main/data/npy/Skater_A/Axel\Axel_1.npy,Skater_A,4.176251,5.886968,-15.066287
Axel_1.npy,2,D:/work/讨论/FS-Jump3D-main/FS-Jump3D-main/data/npy/Skater_A/Axel\Axel_1.npy,Skater_A,4.0561323,5.427062,-15.279326
Axel_1.npy,3,D:/work/讨论/FS-Jump3D-main/FS-Jump3D-main/data/npy/Skater_A/Axel\Axel_1.npy,Skater_A,3.8871365,4.9852467,-15.46104
Axel_1.npy,4,D:/work/讨论/FS-Jump3D-main/FS-Jump3D-main/data/npy/Skater_A/Axel\Axel_1.npy,Skater_A,3.6405902,4.3116794,-15.802482
Axel_1.npy,5,D:/work/讨论/FS-Jump3D-main/FS-Jump3D-main/data/npy/Skater_A/Axel\Axel_1.npy,Skater_A,3.3647988,3.5559332,-16.115139
Axel_1.npy,6,D:/work/讨论/FS-Jump3D-main/FS-Jump3D-main/data/npy/Skater_A/Axel\Axel_1.npy,Skater_A,3.201245,3.216185,-16.239405
Axel_1.npy,7,D:/work/讨论/FS-Jump3D-main/FS-Jump3D-main/data/npy/Skater_A/Axel\Axel_1.npy,Skater_A,3.0704355,2.9699264,-16.220043
Axel_1.npy,8,D:/work/讨论/FS-Jump3D-main/FS-Jump3D-main/data/npy/Skater_A/Axel\Axel_1.npy,Skater_A,2.71183,2.2705467,-16.031887
Axel_1.npy,9,D:/work/讨论/FS-Jump3D-main/FS-Jump3D-main/data/npy/Skater_A/Axel\Axel_1.npy,Skater_A,2.192321,1.6141474,-15.947421
Axel_1.npy,10,D:/work/讨论/FS-Jump3D-main/FS-Jump3D-main/data/npy/Skater_A/Axel\Axel_1.npy,Skater_A,1.8454815,1.2523504,-15.927257
Axel_1.npy,11,D:/work/讨论/FS-Jump3D-main/FS-Jump3D-main/data/npy/Skater_A/Axel\Axel_1.npy,Skater_A,1.5746747,0.95667654,-15.835913
Axel_1.npy,12,D:/work/讨论/FS-Jump3D-main/FS-Jump3D-main/data/npy/Skater_A/Axel\Axel_1.npy,Skater_A,1.0903081,0.4811623,-15.733782
Axel_1.npy,13,D:/work/讨论/FS-Jump3D-main/FS-Jump3D-main/data/npy/Skater_A/Axel\Axel_1.npy,Skater_A,0.35131755,-0.14797077,-15.653494
Axel_1.npy,14,D:/work/讨论/FS-Jump3D-main/FS-Jump3D-main/data/npy/Skater_A/Axel\Axel_1.npy,Skater_A,-0.016909283,-0.42029908,-15.519877
Axel_1.npy,15,D:/work/讨论/FS-Jump3D-main/FS-Jump3D-main/data/npy/Skater_A/Axel\Axel_1.npy,Skater_A,-0.28423938,-0.51334804,-15.265911
Axel_1.npy,16,D:/work/讨论/FS-Jump3D-main/FS-Jump3D-main/data/npy/Skater_A/Axel\Axel_1.npy,Skater_A,-0.57191676,-0.6612084,-15.040678
Axel_1.npy,17,D:/work/讨论/FS-Jump3D-main/FS-Jump3D-main/data/npy/Skater_A/Axel\Axel_1.npy,Skater_A,-0.9229939,-0.9565798,-14.900959
Axel_1.npy,18,D:/work/讨论/FS-Jump3D-main/FS-Jump3D-main/data/npy/Skater_A/Axel\Axel_1.npy,Skater_A,-1.5142195,-1.3667881,-14.737641
Axel_1.npy,19,D:/work/讨论/FS-Jump3D-main/FS-Jump3D-main/data/npy/Skater_A/Axel\Axel_1.npy,Skater_A,-2.1736522,-1.8199965,-14.555563
Axel_1.npy,20,D:/work/讨论/FS-Jump3D-main/FS-Jump3D-main/data/npy/Skater_A/Axel\Axel_1.npy,Skater_A,-2.3446286,-1.8846635,-14.460967
Axel_1.npy,21,D:/work/讨论/FS-Jump3D-main/FS-Jump3D-main/data/npy/Skater_A/Axel\Axel_1.npy,Skater_A,-2.167096,-1.582547,-14.35326
Axel_1.npy,22,D:/work/讨论/FS-Jump3D-main/FS-Jump3D-main/data/npy/Skater_A/Axel\Axel_1.npy,Skater_A,-2.3485188,-1.6770974,-14.270049
Axel_1.npy,23,D:/work/讨论/FS-Jump3D-main/FS-Jump3D-main/data/npy/Skater_A/Axel\Axel_1.npy,Skater_A,-3.445803,-2.6685176,-14.04623
Axel_1.npy,24,D:/work/讨论/FS-Jump3D-main/FS-Jump3D-main/data/npy/Skater_A/Axel\Axel_1.npy,Skater_A,-3.7303984,-3.0071979,-14.058951
Axel_1.npy,25,D:/work/讨论/FS-Jump3D-main/FS-Jump3D-main/data/npy/Skater_A/Axel\Axel_1.npy,Skater_A,-3.8815167,-2.945394,-13.817461
Axel_1.npy,26,D:/work/讨论/FS-Jump3D-main/FS-Jump3D-main/data/npy/Skater_A/Axel\Axel_1.npy,Skater_A,-4.109397,-2.908211,-13.441915
Axel_1.npy,27,D:/work/讨论/FS-Jump3D-main/FS-Jump3D-main/data/npy/Skater_A/Axel\Axel_1.npy,Skater_A,-4.2173705,-2.9691653,-13.27104
Axel_1.npy,28,D:/work/讨论/FS-Jump3D-main/FS-Jump3D-main/data/npy/Skater_A/Axel\Axel_1.npy,Skater_A,-4.299171,-2.9385598,-13.061937
Axel_1.npy,29,D:/work/讨论/FS-Jump3D-main/FS-Jump3D-main/data/npy/Skater_A/Axel\Axel_1.npy,Skater_A,-4.4645376,-2.799809,-12.578475
Axel_1.npy,30,D:/work/讨论/FS-Jump3D-main/FS-Jump3D-main/data/npy/Skater_A/Axel\Axel_1.npy,Skater_A,-4.5799108,-2.761271,-12.225774
Axel_1.npy,31,D:/work/讨论/FS-Jump3D-main/FS-Jump3D-main/data/npy/Skater_A/Axel\Axel_1.npy,Skater_A,-4.655635,-2.844989,-12.000518
Axel_1.npy,32,D:/work/讨论/FS-Jump3D-main/FS-Jump3D-main/data/npy/Skater_A/Axel\Axel_1.npy,Skater_A,-4.764579,-2.9132326,-11.703016
Axel_1.npy,33,D:/work/讨论/FS-Jump3D-main/FS-Jump3D-main/data/npy/Skater_A/Axel\Axel_1.npy,Skater_A,-4.8771276,-2.9660344,-11.382717
Axel_1.npy,34,D:/work/讨论/FS-Jump3D-main/FS-Jump3D-main/data/npy/Skater_A/Axel\Axel_1.npy,Skater_A,-4.980982,-3.056032,-11.071619
Axel_1.npy,35,D:/work/讨论/FS-Jump3D-main/FS-Jump3D-main/data/npy/Skater_A/Axel\Axel_1.npy,Skater_A,-5.143033,-3.404689,-10.366521
Axel_1.npy,36,D:/work/讨论/FS-Jump3D-main/FS-Jump3D-main/data/npy/Skater_A/Axel\Axel_1.npy,Skater_A,-5.5012712,-4.253708,-9.061175
Axel_1.npy,37,D:/work/讨论/FS-Jump3D-main/FS-Jump3D-main/data/npy/Skater_A/Axel\Axel_1.npy,Skater_A,-5.490882,-4.4338865,-8.840727
Axel_1.npy,38,D:/work/讨论/FS-Jump3D-main/FS-Jump3D-main/data/npy/Skater_A/Axel\Axel_1.npy,Skater_A,-5.3273835,-4.79581,-8.541667
Axel_1.npy,39,D:/work/讨论/FS-Jump3D-main/FS-Jump3D-main/data/npy/Skater_A/Axel\Axel_1.npy,Skater_A,-5.290477,-5.253865,-8.197924
Axel_1.npy,40,D:/work/讨论/FS-Jump3D-main/FS-Jump3D-main/data/npy/Skater_A/Axel\Axel_1.npy,Skater_A,-5.1378593,-5.5958376,-7.636345
Axel_1.npy,41,D:/work/讨论/FS-Jump3D-main/FS-Jump3D-main/data/npy/Skater_A/Axel\Axel_1.npy,Skater_A,-4.871249,-5.8812194,-6.970976
Axel_1.npy,42,D:/work/讨论/FS-Jump3D-main/FS-Jump3D-main/data/npy/Skater_A/Axel\Axel_1.npy,Skater_A,-4.7247157,-6.2011843,-6.4712934
Axel_1.npy,43,D:/work/讨论/FS-Jump3D-main/FS-Jump3D-main/data/npy/Skater_A/Axel\Axel_1.npy,Skater_A,-4.550459,-6.551869,-5.9973507
Axel_1.npy,44,D:/work/讨论/FS-Jump3D-main/FS-Jump3D-main/data/npy/Skater_A/Axel\Axel_1.npy,Skater_A,-4.3428283,-6.881979,-5.5932074
Axel_1.npy,45,D:/work/讨论/FS-Jump3D-main/FS-Jump3D-main/data/npy/Skater_A/Axel\Axel_1.npy,Skater_A,-4.17918,-7.200744,-5.2857594
Axel_1.npy,46,D:/work/讨论/FS-Jump3D-main/FS-Jump3D-main/data/npy/Skater_A/Axel\Axel_1.npy,Skater_A,-3.9567633,-7.521009,-4.9488034
Axel_1.npy,47,D:/work/讨论/FS-Jump3D-main/FS-Jump3D-main/data/npy/Skater_A/Axel\Axel_1.npy,Skater_A,-3.579037,-7.94726,-4.4833784
Axel_1.npy,48,D:/work/讨论/FS-Jump3D-main/FS-Jump3D-main/data/npy/Skater_A/Axel\Axel_1.npy,Skater_A,-3.3172972,-8.3217535,-4.1357713
Axel_1.npy,49,D:/work/讨论/FS-Jump3D-main/FS-Jump3D-main/data/npy/Skater_A/Axel\Axel_1.npy,Skater_A,-3.1772795,-8.623923,-3.9065254
Axel_1.npy,50,D:/work/讨论/FS-Jump3D-main/FS-Jump3D-main/data/npy/Skater_A/Axel\Axel_1.npy,Skater_A,-3.0993068,-8.853478,-3.7458832
Axel_1.npy,51,D:/work/讨论/FS-Jump3D-main/FS-Jump3D-main/data/npy/Skater_A/Axel\Axel_1.npy,Skater_A,-3.0397937,-9.036881,-3.612637
Axel_1.npy,52,D:/work/讨论/FS-Jump3D-main/FS-Jump3D-main/data/npy/Skater_A/Axel\Axel_1.npy,Skater_A,-2.960891,-9.231146,-3.4659731
Axel_1.npy,53,D:/work/讨论/FS-Jump3D-main/FS-Jump3D-main/data/npy/Skater_A/Axel\Axel_1.npy,Skater_A,-2.8397365,-9.432281,-3.2840152
Axel_1.npy,54,D:/work/讨论/FS-Jump3D-main/FS-Jump3D-main/data/npy/Skater_A/Axel\Axel_1.npy,Skater_A,-2.6788418,-9.69289,-3.0540771
Axel_1.npy,55,D:/work/讨论/FS-Jump3D-main/FS-Jump3D-main/data/npy/Skater_A/Axel\Axel_1.npy,Skater_A,-2.4768643,-10.076088,-2.7536304
Axel_1.npy,56,D:/work/讨论/FS-Jump3D-main/FS-Jump3D-main/data/npy/Skater_A/Axel\Axel_1.npy,Skater_A,-2.2762938,-10.490378,-2.4379635
Axel_1.npy,57,D:/work/讨论/FS-Jump3D-main/FS-Jump3D-main/data/npy/Skater_A/Axel\Axel_1.npy,Skater_A,-2.1071916,-10.901265,-2.1420455
Axel_1.npy,58,D:/work/讨论/FS-Jump3D-main/FS-Jump3D-main/data/npy/Skater_A/Axel\Axel_1.npy,Skater_A,-1.9768859,-11.283308,-1.8711035
Axel_1.npy,59,D:/work/讨论/FS-Jump3D-main/FS-Jump3D-main/data/npy/Skater_A/Axel\Axel_1.npy,Skater_A,-1.8887532,-11.624342,-1.633726
Axel_1.npy,60,D:/work/讨论/FS-Jump3D-main/FS-Jump3D-main/data/npy/Skater_A/Axel\Axel_1.npy,Skater_A,-1.8065844,-12.275153,-1.2555377
Axel_1.npy,61,D:/work/讨论/FS-Jump3D-main/FS-Jump3D-main/data/npy/Skater_A/Axel\Axel_1.npy,Skater_A,-1.8308595,-12.856327,-1.0256737
Axel_1.npy,62,D:/work/讨论/FS-Jump3D-main/FS-Jump3D-main/data/npy/Skater_A/Axel\Axel_1.npy,Skater_A,-1.8730571,-13.011304,-0.84252334
Axel_1.npy,63,D:/work/讨论/FS-Jump3D-main/FS-Jump3D-main/data/npy/Skater_A/Axel\Axel_1.npy,Skater_A,-1.8673911,-12.974975,-0.608362
Axel_1.npy,64,D:/work/讨论/FS-Jump3D-main/FS-Jump3D-main/data/npy/Skater_A/Axel\Axel_1.npy,Skater_A,-1.9272423,-13.12222,-0.3969768
Axel_1.npy,65,D:/work/讨论/FS-Jump3D-main/FS-Jump3D-main/data/npy/Skater_A/Axel\Axel_1.npy,Skater_A,-2.0960717,-13.397499,-0.12481783
Axel_1.npy,66,D:/work/讨论/FS-Jump3D-main/FS-Jump3D-main/data/npy/Skater_A/Axel\Axel_1.npy,Skater_A,-2.261608,-13.578601,0.14695491
Axel_1.npy,67,D:/work/讨论/FS-Jump3D-main/FS-Jump3D-main/data/npy/Skater_A/Axel\Axel_1.npy,Skater_A,-2.6332164,-13.921954,0.5999296
Axel_1.npy,68,D:/work/讨论/FS-Jump3D-main/FS-Jump3D-main/data/npy/Skater_A/Axel\Axel_1.npy,Skater_A,-3.3246822,-14.480745,1.1416434
Axel_1.npy,69,D:/work/讨论/FS-Jump3D-main/FS-Jump3D-main/data/npy/Skater_A/Axel\Axel_1.npy,Skater_A,-3.4951952,-14.455655,1.6176597
Axel_1.npy,70,D:/work/讨论/FS-Jump3D-main/FS-Jump3D-main/data/npy/Skater_A/Axel\Axel_1.npy,Skater_A,-3.6328459,-14.2916565,2.3095336
Axel_1.npy,71,D:/work/讨论/FS-Jump3D-main/FS-Jump3D-main/data/npy/Skater_A/Axel\Axel_1.npy,Skater_A,-4.1774106,-14.358412,2.893657
Axel_1.npy,72,D:/work/讨论/FS-Jump3D-main/FS-Jump3D-main/data/npy/Skater_A/Axel\Axel_1.npy,Skater_A,-5.203673,-14.569038,3.5602455
Axel_1.npy,73,D:/work/讨论/FS-Jump3D-main/FS-Jump3D-main/data/npy/Skater_A/Axel\Axel_1.npy,Skater_A,-5.8290505,-14.506745,4.0316005
Axel_1.npy,74,D:/work/讨论/FS-Jump3D-main/FS-Jump3D-main/data/npy/Skater_A/Axel\Axel_1.npy,Skater_A,-6.404044,-14.249169,4.5175533
Axel_1.npy,75,D:/work/讨论/FS-Jump3D-main/FS-Jump3D-main/data/npy/Skater_A/Axel\Axel_1.npy,Skater_A,-6.8599973,-13.79491,5.122056
Axel_1.npy,76,D:/work/讨论/FS-Jump3D-main/FS-Jump3D-main/data/npy/Skater_A/Axel\Axel_1.npy,Skater_A,-7.2752566,-13.211766,5.776202
Axel_1.npy,77,D:/work/讨论/FS-Jump3D-main/FS-Jump3D-main/data/npy/Skater_A/Axel\Axel_1.npy,Skater_A,-7.6879864,-12.560141,6.371725
Axel_1.npy,78,D:/work/讨论/FS-Jump3D-main/FS-Jump3D-main/data/npy/Skater_A/Axel\Axel_1.npy,Skater_A,-7.972058,-11.699704,7.041695
Axel_1.npy,79,D:/work/讨论/FS-Jump3D-main/FS-Jump3D-main/data/npy/Skater_A/Axel\Axel_1.npy,Skater_A,-8.191813,-10.94444,7.5596466
Axel_1.npy,80,D:/work/讨论/FS-Jump3D-main/FS-Jump3D-main/data/npy/Skater_A/Axel\Axel_1.npy,Skater_A,-8.585267,-10.437453,7.7451158
Axel_1.npy,81,D:/work/讨论/FS-Jump3D-main/FS-Jump3D-main/data/npy/Skater_A/Axel\Axel_1.npy,Skater_A,-9.500775,-9.916189,7.6952667
Axel_1.npy,82,D:/work/讨论/FS-Jump3D-main/FS-Jump3D-main/data/npy/Skater_A/Axel\Axel_1.npy,Skater_A,-10.22315,-9.38792,7.6815643
Axel_1.npy,83,D:/work/讨论/FS-Jump3D-main/FS-Jump3D-main/data/npy/Skater_A/Axel\Axel_1.npy,Skater_A,-10.347082,-8.608156,7.9465528
Axel_1.npy,84,D:/work/讨论/FS-Jump3D-main/FS-Jump3D-main/data/npy/Skater_A/Axel\Axel_1.npy,Skater_A,-10.472693,-7.6701255,8.071197
Axel_1.npy,85,D:/work/讨论/FS-Jump3D-main/FS-Jump3D-main/data/npy/Skater_A/Axel\Axel_1.npy,Skater_A,-10.997899,-6.896371,7.890467
Axel_1.npy,86,D:/work/讨论/FS-Jump3D-main/FS-Jump3D-main/data/npy/Skater_A/Axel\Axel_1.npy,Skater_A,-11.477812,-6.290482,7.752339
Axel_1.npy,87,D:/work/讨论/FS-Jump3D-main/FS-Jump3D-main/data/npy/Skater_A/Axel\Axel_1.npy,Skater_A,-11.639063,-5.5258517,7.7145605
Axel_1.npy,88,D:/work/讨论/FS-Jump3D-main/FS-Jump3D-main/data/npy/Skater_A/Axel\Axel_1.npy,Skater_A,-11.625146,-4.5800433,7.714413
Axel_1.npy,89,D:/work/讨论/FS-Jump3D-main/FS-Jump3D-main/data/npy/Skater_A/Axel\Axel_1.npy,Skater_A,-11.679302,-3.6836357,7.6680756
Axel_1.npy,90,D:/work/讨论/FS-Jump3D-main/FS-Jump3D-main/data/npy/Skater_A/Axel\Axel_1.npy,Skater_A,-12.072995,-2.9275453,7.3361945
Axel_1.npy,91,D:/work/讨论/FS-Jump3D-main/FS-Jump3D-main/data/npy/Skater_A/Axel\Axel_1.npy,Skater_A,-12.634185,-2.2100356,6.8040085
Axel_1.npy,92,D:/work/讨论/FS-Jump3D-main/FS-Jump3D-main/data/npy/Skater_A/Axel\Axel_1.npy,Skater_A,-12.841497,-1.4903696,6.274177
Axel_1.npy,93,D:/work/讨论/FS-Jump3D-main/FS-Jump3D-main/data/npy/Skater_A/Axel\Axel_1.npy,Skater_A,-12.775864,-0.75981563,5.66718
Axel_1.npy,94,D:/work/讨论/FS-Jump3D-main/FS-Jump3D-main/data/npy/Skater_A/Axel\Axel_1.npy,Skater_A,-12.765488,-0.1378402,4.93542
Axel_1.npy,95,D:/work/讨论/FS-Jump3D-main/FS-Jump3D-main/data/npy/Skater_A/Axel\Axel_1.npy,Skater_A,-12.918406,0.36268565,4.1283526
Axel_1.npy,96,D:/work/讨论/FS-Jump3D-main/FS-Jump3D-main/data/npy/Skater_A/Axel\Axel_1.npy,Skater_A,-13.136356,0.77963465,3.3604696
Axel_1.npy,97,D:/work/讨论/FS-Jump3D-main/FS-Jump3D-main/data/npy/Skater_A/Axel\Axel_1.npy,Skater_A,-13.469541,1.2339115,2.58177
Axel_1.npy,98,D:/work/讨论/FS-Jump3D-main/FS-Jump3D-main/data/npy/Skater_A/Axel\Axel_1.npy,Skater_A,-13.775391,1.8202319,1.7995589
Axel_1.npy,99,D:/work/讨论/FS-Jump3D-main/FS-Jump3D-main/data/npy/Skater_A/Axel\Axel_1.npy,Skater_A,-13.870563,2.3273356,0.9564237
Axel_1.npy,100,D:/work/讨论/FS-Jump3D-main/FS-Jump3D-main/data/npy/Skater_A/Axel\Axel_1.npy,Skater_A,-13.956509,2.800912,0.19929369
Axel_1.npy,101,D:/work/讨论/FS-Jump3D-main/FS-Jump3D-main/data/npy/Skater_A/Axel\Axel_1.npy,Skater_A,-13.942441,3.3458068,-0.4713103
Axel_1.npy,102,D:/work/讨论/FS-Jump3D-main/FS-Jump3D-main/data/npy/Skater_A/Axel\Axel_1.npy,Skater_A,-13.9545355,3.9190538,-0.9837047
Axel_1.npy,103,D:/work/讨论/FS-Jump3D-main/FS-Jump3D-main/data/npy/Skater_A/Axel\Axel_1.npy,Skater_A,-14.001959,4.4276032,-1.3695319
Axel_1.npy,104,D:/work/讨论/FS-Jump3D-main/FS-Jump3D-main/data/npy/Skater_A/Axel\Axel_1.npy,Skater_A,-14.106351,4.944336,-1.5878736
Axel_1.npy,105,D:/work/讨论/FS-Jump3D-main/FS-Jump3D-main/data/npy/Skater_A/Axel\Axel_1.npy,Skater_A,-14.2554655,5.676874,-1.8100528
Axel_1.npy,106,D:/work/讨论/FS-Jump3D-main/FS-Jump3D-main/data/npy/Skater_A/Axel\Axel_1.npy,Skater_A,-14.324773,6.781114,-1.9989047
Axel_1.npy,107,D:/work/讨论/FS-Jump3D-main/FS-Jump3D-main/data/npy/Skater_A/Axel\Axel_1.npy,Skater_A,-14.296117,7.853482,-2.0795481
Axel_1.npy,108,D:/work/讨论/FS-Jump3D-main/FS-Jump3D-main/data/npy/Skater_A/Axel\Axel_1.npy,Skater_A,-14.137533,8.833806,-1.980533
Axel_1.npy,109,D:/work/讨论/FS-Jump3D-main/FS-Jump3D-main/data/npy/Skater_A/Axel\Axel_1.npy,Skater_A,-13.7753105,9.826112,-1.6688614
Axel_1.npy,110,D:/work/讨论/FS-Jump3D-main/FS-Jump3D-main/data/npy/Skater_A/Axel\Axel_1.npy,Skater_A,-13.197784,10.750018,-1.0972775
Axel_1.npy,111,D:/work/讨论/FS-Jump3D-main/FS-Jump3D-main/data/npy/Skater_A/Axel\Axel_1.npy,Skater_A,-12.527346,11.501877,-0.4076124
Axel_1.npy,112,D:/work/讨论/FS-Jump3D-main/FS-Jump3D-main/data/npy/Skater_A/Axel\Axel_1.npy,Skater_A,-11.8809185,12.040025,0.33391765
Axel_1.npy,113,D:/work/讨论/FS-Jump3D-main/FS-Jump3D-main/data/npy/Skater_A/Axel\Axel_1.npy,Skater_A,-11.104966,12.347122,1.1612585
Axel_1.npy,114,D:/work/讨论/FS-Jump3D-main/FS-Jump3D-main/data/npy/Skater_A/Axel\Axel_1.npy,Skater_A,-10.246816,12.495723,1.9740901
Axel_1.npy,115,D:/work/讨论/FS-Jump3D-main/FS-Jump3D-main/data/npy/Skater_A/Axel\Axel_1.npy,Skater_A,-9.679925,12.386631,2.7588992
Axel_1.npy,116,D:/work/讨论/FS-Jump3D-main/FS-Jump3D-main/data/npy/Skater_A/Axel\Axel_1.npy,Skater_A,-9.17116,12.075222,3.5407028
Axel_1.npy,117,D:/work/讨论/FS-Jump3D-main/FS-Jump3D-main/data/npy/Skater_A/Axel\Axel_1.npy,Skater_A,-8.54506,11.630037,4.335914
Axel_1.npy,118,D:/work/讨论/FS-Jump3D-main/FS-Jump3D-main/data/npy/Skater_A/Axel\Axel_1.npy,Skater_A,-7.951151,11.120723,5.068246
Axel_1.npy,119,D:/work/讨论/FS-Jump3D-main/FS-Jump3D-main/data/npy/Skater_A/Axel\Axel_1.npy,Skater_A,-7.416778,10.538251,5.777074
Axel_1.npy,120,D:/work/讨论/FS-Jump3D-main/FS-Jump3D-main/data/npy/Skater_A/Axel\Axel_1.npy,Skater_A,-6.838387,9.955254,6.4162483
Axel_1.npy,121,D:/work/讨论/FS-Jump3D-main/FS-Jump3D-main/data/npy/Skater_A/Axel\Axel_1.npy,Skater_A,-6.181923,9.364647,6.9375668
Axel_1.npy,122,D:/work/讨论/FS-Jump3D-main/FS-Jump3D-main/data/npy/Skater_A/Axel\Axel_1.npy,Skater_A,-5.365441,8.7933235,7.4578724
Axel_1.npy,123,D:/work/讨论/FS-Jump3D-main/FS-Jump3D-main/data/npy/Skater_A/Axel\Axel_1.npy,Skater_A,-4.437582,8.315106,8.15961
Axel_1.npy,124,D:/work/讨论/FS-Jump3D-main/FS-Jump3D-main/data/npy/Skater_A/Axel\Axel_1.npy,Skater_A,-3.3957,8.211507,8.87533
Axel_1.npy,125,D:/work/讨论/FS-Jump3D-main/FS-Jump3D-main/data/npy/Skater_A/Axel\Axel_1.npy,Skater_A,-2.2631133,8.275689,9.502544
Axel_1.npy,126,D:/work/讨论/FS-Jump3D-main/FS-Jump3D-main/data/npy/Skater_A/Axel\Axel_1.npy,Skater_A,-0.83179575,8.262088,10.185322
Axel_1.npy,127,D:/work/讨论/FS-Jump3D-main/FS-Jump3D-main/data/npy/Skater_A/Axel\Axel_1.npy,Skater_A,0.74399465,7.6789007,10.751129
Axel_1.npy,128,D:/work/讨论/FS-Jump3D-main/FS-Jump3D-main/data/npy/Skater_A/Axel\Axel_1.npy,Skater_A,1.6177099,6.628467,10.950252
Axel_1.npy,129,D:/work/讨论/FS-Jump3D-main/FS-Jump3D-main/data/npy/Skater_A/Axel\Axel_1.npy,Skater_A,2.016754,5.433002,10.931096
Axel_1.npy,130,D:/work/讨论/FS-Jump3D-main/FS-Jump3D-main/data/npy/Skater_A/Axel\Axel_1.npy,Skater_A,1.9954262,3.9761572,10.859189
Axel_1.npy,131,D:/work/讨论/FS-Jump3D-main/FS-Jump3D-main/data/npy/Skater_A/Axel\Axel_1.npy,Skater_A,1.470951,2.5164125,10.860715
Axel_1.npy,132,D:/work/讨论/FS-Jump3D-main/FS-Jump3D-main/data/npy/Skater_A/Axel\Axel_1.npy,Skater_A,0.6865118,1.3968745,10.95286
Axel_1.npy,133,D:/work/讨论/FS-Jump3D-main/FS-Jump3D-main/data/npy/Skater_A/Axel\Axel_1.npy,Skater_A,0.30960476,0.65647113,11.108069
Axel_1.npy,134,D:/work/讨论/FS-Jump3D-main/FS-Jump3D-main/data/npy/Skater_A/Axel\Axel_1.npy,Skater_A,0.10470493,-0.08034501,11.292341
Axel_1.npy,135,D:/work/讨论/FS-Jump3D-main/FS-Jump3D-main/data/npy/Skater_A/Axel\Axel_1.npy,Skater_A,-0.05872074,-1.3111541,11.579872
Axel_1.npy,136,D:/work/讨论/FS-Jump3D-main/FS-Jump3D-main/data/npy/Skater_A/Axel\Axel_1.npy,Skater_A,-0.09257348,-2.0558865,11.724223
Axel_1.npy,137,D:/work/讨论/FS-Jump3D-main/FS-Jump3D-main/data/npy/Skater_A/Axel\Axel_1.npy,Skater_A,-0.08037206,-2.5283802,11.785884
Axel_1.npy,138,D:/work/讨论/FS-Jump3D-main/FS-Jump3D-main/data/npy/Skater_A/Axel\Axel_1.npy,Skater_A,-0.048527014,-2.9257784,11.808525
Axel_1.npy,139,D:/work/讨论/FS-Jump3D-main/FS-Jump3D-main/data/npy/Skater_A/Axel\Axel_1.npy,Skater_A,-0.009586351,-3.2767632,11.810438
Axel_1.npy,140,D:/work/讨论/FS-Jump3D-main/FS-Jump3D-main/data/npy/Skater_A/Axel\Axel_1.npy,Skater_A,0.033924382,-3.5947297,11.794572
Axel_1.npy,141,D:/work/讨论/FS-Jump3D-main/FS-Jump3D-main/data/npy/Skater_A/Axel\Axel_1.npy,Skater_A,0.08509282,-3.9154642,11.765415
Axel_1.npy,142,D:/work/讨论/FS-Jump3D-main/FS-Jump3D-main/data/npy/Skater_A/Axel\Axel_1.npy,Skater_A,0.1344362,-4.2021413,11.7366
Axel_1.npy,143,D:/work/讨论/FS-Jump3D-main/FS-Jump3D-main/data/npy/Skater_A/Axel\Axel_1.npy,Skater_A,0.17926522,-4.4369025,11.706223
Axel_1.npy,144,D:/work/讨论/FS-Jump3D-main/FS-Jump3D-main/data/npy/Skater_A/Axel\Axel_1.npy,Skater_A,0.22825202,-4.6496253,11.657559
Axel_1.npy,145,D:/work/讨论/FS-Jump3D-main/FS-Jump3D-main/data/npy/Skater_A/Axel\Axel_1.npy,Skater_A,0.28136706,-4.8525424,11.594854
Axel_1.npy,146,D:/work/讨论/FS-Jump3D-main/FS-Jump3D-main/data/npy/Skater_A/Axel\Axel_1.npy,Skater_A,0.3324255,-5.0342703,11.531285
Axel_1.npy,147,D:/work/讨论/FS-Jump3D-main/FS-Jump3D-main/data/npy/Skater_A/Axel\Axel_1.npy,Skater_A,0.3806445,-5.193735,11.468792
Axel_1.npy,148,D:/work/讨论/FS-Jump3D-main/FS-Jump3D-main/data/npy/Skater_A/Axel\Axel_1.npy,Skater_A,0.43097457,-5.344491,11.394917
Axel_1.npy,149,D:/work/讨论/FS-Jump3D-main/FS-Jump3D-main/data/npy/Skater_A/Axel\Axel_1.npy,Skater_A,0.48737457,-5.5049477,11.308812
Axel_1.npy,150,D:/work/讨论/FS-Jump3D-main/FS-Jump3D-main/data/npy/Skater_A/Axel\Axel_1.npy,Skater_A,0.5632647,-5.712796,11.191704
Axel_1.npy,151,D:/work/讨论/FS-Jump3D-main/FS-Jump3D-main/data/npy/Skater_A/Axel\Axel_1.npy,Skater_A,0.6722392,-5.9980874,11.023471
Axel_1.npy,152,D:/work/讨论/FS-Jump3D-main/FS-Jump3D-main/data/npy/Skater_A/Axel\Axel_1.npy,Skater_A,0.78782666,-6.283629,10.842908
Axel_1.npy,153,D:/work/讨论/FS-Jump3D-main/FS-Jump3D-main/data/npy/Skater_A/Axel\Axel_1.npy,Skater_A,0.90809697,-6.5492053,10.649903
Axel_1.npy,154,D:/work/讨论/FS-Jump3D-main/FS-Jump3D-main/data/npy/Skater_A/Axel\Axel_1.npy,Skater_A,1.0808377,-6.873315,10.357066
Axel_1.npy,155,D:/work/讨论/FS-Jump3D-main/FS-Jump3D-main/data/npy/Skater_A/Axel\Axel_1.npy,Skater_A,1.2742158,-7.156398,10.011022
Axel_1.npy,156,D:/work/讨论/FS-Jump3D-main/FS-Jump3D-main/data/npy/Skater_A/Axel\Axel_1.npy,Skater_A,1.4380051,-7.3024116,9.708733
Axel_1.npy,157,D:/work/讨论/FS-Jump3D-main/FS-Jump3D-main/data/npy/Skater_A/Axel\Axel_1.npy,Skater_A,1.5946469,-7.369447,9.415778
Axel_1.npy,158,D:/work/讨论/FS-Jump3D-main/FS-Jump3D-main/data/npy/Skater_A/Axel\Axel_1.npy,Skater_A,1.7896352,-7.4012957,9.050995
Axel_1.npy,159,D:/work/讨论/FS-Jump3D-main/FS-Jump3D-main/data/npy/Skater_A/Axel\Axel_1.npy,Skater_A,2.0083358,-7.3837824,8.64809
Axel_1.npy,160,D:/work/讨论/FS-Jump3D-main/FS-Jump3D-main/data/npy/Skater_A/Axel\Axel_1.npy,Skater_A,2.1992497,-7.320668,8.30283
Axel_1.npy,161,D:/work/讨论/FS-Jump3D-main/FS-Jump3D-main/data/npy/Skater_A/Axel\Axel_1.npy,Skater_A,2.3644419,-7.22824,8.009192
Axel_1.npy,162,D:/work/讨论/FS-Jump3D-main/FS-Jump3D-main/data/npy/Skater_A/Axel\Axel_1.npy,Skater_A,2.5206249,-7.112346,7.7359443
Axel_1.npy,163,D:/work/讨论/FS-Jump3D-main/FS-Jump3D-main/data/npy/Skater_A/Axel\Axel_1.npy,Skater_A,2.6633317,-6.9886565,7.494143
Axel_1.npy,164,D:/work/讨论/FS-Jump3D-main/FS-Jump3D-main/data/npy/Skater_A/Axel\Axel_1.npy,Skater_A,2.7880263,-6.868114,7.2901053
Axel_1.npy,165,D:/work/讨论/FS-Jump3D-main/FS-Jump3D-main/data/npy/Skater_A/Axel\Axel_1.npy,Skater_A,2.8891358,-6.7555203,7.129267
Axel_1.npy,166,D:/work/讨论/FS-Jump3D-main/FS-Jump3D-main/data/npy/Skater_A/Axel\Axel_1.npy,Skater_A,2.9745798,-6.644966,6.99525
Axel_1.npy,167,D:/work/讨论/FS-Jump3D-main/FS-Jump3D-main/data/npy/Skater_A/Axel\Axel_1.npy,Skater_A,3.074626,-6.5089707,6.842641
Axel_1.npy,168,D:/work/讨论/FS-Jump3D-main/FS-Jump3D-main/data/npy/Skater_A/Axel\Axel_1.npy,Skater_A,6.42519,-4.1932173,1.7006052
Axel_1.npy,169,D:/work/讨论/FS-Jump3D-main/FS-Jump3D-main/data/npy/Skater_A/Axel\Axel_1.npy,Skater_A,6.57469,-4.072807,1.5966916
Axel_1.npy,170,D:/work/讨论/FS-Jump3D-main/FS-Jump3D-main/data/npy/Skater_A/Axel\Axel_1.npy,Skater_A,6.693247,-3.9663956,1.4949902
Axel_1.npy,171,D:/work/讨论/FS-Jump3D-main/FS-Jump3D-main/data/npy/Skater_A/Axel\Axel_1.npy,Skater_A,6.817627,-3.8510447,1.3634356
Axel_1.npy,172,D:/work/讨论/FS-Jump3D-main/FS-Jump3D-main/data/npy/Skater_A/Axel\Axel_1.npy,Skater_A,6.940613,-3.740294,1.212999
Axel_1.npy,173,D:/work/讨论/FS-Jump3D-main/FS-Jump3D-main/data/npy/Skater_A/Axel\Axel_1.npy,Skater_A,7.060837,-3.6379488,1.0219772
Axel_1.npy,174,D:/work/讨论/FS-Jump3D-main/FS-Jump3D-main/data/npy/Skater_A/Axel\Axel_1.npy,Skater_A,7.1757298,-3.5512023,0.7900257
Axel_1.npy,175,D:/work/讨论/FS-Jump3D-main/FS-Jump3D-main/data/npy/Skater_A/Axel\Axel_1.npy,Skater_A,7.265398,-3.494792,0.5793142
Axel_1.npy,176,D:/work/讨论/FS-Jump3D-main/FS-Jump3D-main/data/npy/Skater_A/Axel\Axel_1.npy,Skater_A,7.3600154,-3.44905,0.335868
Axel_1.npy,177,D:/work/讨论/FS-Jump3D-main/FS-Jump3D-main/data/npy/Skater_A/Axel\Axel_1.npy,Skater_A,7.4917183,-3.4060779,-0.029875543
Axel_1.npy,178,D:/work/讨论/FS-Jump3D-main/FS-Jump3D-main/data/npy/Skater_A/Axel\Axel_1.npy,Skater_A,7.593621,-3.3945346,-0.34373653
Axel_1.npy,179,D:/work/讨论/FS-Jump3D-main/FS-Jump3D-main/data/npy/Skater_A/Axel\Axel_1.npy,Skater_A,7.664355,-3.4029295,-0.5881986
Axel_1.npy,180,D:/work/讨论/FS-Jump3D-main/FS-Jump3D-main/data/npy/Skater_A/Axel\Axel_1.npy,Skater_A,7.7606907,-3.4415975,-0.95377696
Axel_1.npy,181,D:/work/讨论/FS-Jump3D-main/FS-Jump3D-main/data/npy/Skater_A/Axel\Axel_1.npy,Skater_A,7.8775516,-3.5318525,-1.4425783
Axel_1.npy,182,D:/work/讨论/FS-Jump3D-main/FS-Jump3D-main/data/npy/Skater_A/Axel\Axel_1.npy,Skater_A,7.9619308,-3.624584,-1.8194304
Axel_1.npy,183,D:/work/讨论/FS-Jump3D-main/FS-Jump3D-main/data/npy/Skater_A/Axel\Axel_1.npy,Skater_A,8.027029,-3.7159019,-2.1225893
Axel_1.npy,184,D:/work/讨论/FS-Jump3D-main/FS-Jump3D-main/data/npy/Skater_A/Axel\Axel_1.npy,Skater_A,8.083251,-3.8100693,-2.3876944
Axel_1.npy,185,D:/work/讨论/FS-Jump3D-main/FS-Jump3D-main/data/npy/Skater_A/Axel\Axel_1.npy,Skater_A,8.129345,-3.8977766,-2.6050494
Axel_1.npy,186,D:/work/讨论/FS-Jump3D-main/FS-Jump3D-main/data/npy/Skater_A/Axel\Axel_1.npy,Skater_A,8.172434,-3.9868658,-2.8030968
Axel_1.npy,187,D:/work/讨论/FS-Jump3D-main/FS-Jump3D-main/data/npy/Skater_A/Axel\Axel_1.npy,Skater_A,8.219025,-4.0869107,-3.0074837
Axel_1.npy,188,D:/work/讨论/FS-Jump3D-main/FS-Jump3D-main/data/npy/Skater_A/Axel\Axel_1.npy,Skater_A,8.273991,-4.209769,-3.2386901
Axel_1.npy,189,D:/work/讨论/FS-Jump3D-main/FS-Jump3D-main/data/npy/Skater_A/Axel\Axel_1.npy,Skater_A,8.347254,-4.3786087,-3.532691
Axel_1.npy,190,D:/work/讨论/FS-Jump3D-main/FS-Jump3D-main/data/npy/Skater_A/Axel\Axel_1.npy,Skater_A,8.429513,-4.561177,-3.84782
Axel_1.npy,191,D:/work/讨论/FS-Jump3D-main/FS-Jump3D-main/data/npy/Skater_A/Axel\Axel_1.npy,Skater_A,8.503999,-4.7224226,-4.1269054
Axel_1.npy,192,D:/work/讨论/FS-Jump3D-main/FS-Jump3D-main/data/npy/Skater_A/Axel\Axel_1.npy,Skater_A,8.572574,-4.8659883,-4.3806777
Axel_1.npy,193,D:/work/讨论/FS-Jump3D-main/FS-Jump3D-main/data/npy/Skater_A/Axel\Axel_1.npy,Skater_A,8.635919,-4.9955254,-4.6145835
Axel_1.npy,194,D:/work/讨论/FS-Jump3D-main/FS-Jump3D-main/data/npy/Skater_A/Axel\Axel_1.npy,Skater_A,8.69715,-5.117598,-4.841784
Axel_1.npy,195,D:/work/讨论/FS-Jump3D-main/FS-Jump3D-main/data/npy/Skater_A/Axel\Axel_1.npy,Skater_A,8.755736,-5.233626,-5.0688624
Axel_1.npy,196,D:/work/讨论/FS-Jump3D-main/FS-Jump3D-main/data/npy/Skater_A/Axel\Axel_1.npy,Skater_A,8.806321,-5.3333306,-5.274095
Axel_1.npy,197,D:/work/讨论/FS-Jump3D-main/FS-Jump3D-main/data/npy/Skater_A/Axel\Axel_1.npy,Skater_A,8.843637,-5.413603,-5.444024
Axel_1.npy,198,D:/work/讨论/FS-Jump3D-main/FS-Jump3D-main/data/npy/Skater_A/Axel\Axel_1.npy,Skater_A,8.888229,-5.4815464,-5.5920167
Axel_1.npy,199,D:/work/讨论/FS-Jump3D-main/FS-Jump3D-main/data/npy/Skater_A/Axel\Axel_1.npy,Skater_A,8.916528,-5.5252085,-5.7216635
Axel_1.npy,200,D:/work/讨论/FS-Jump3D-main/FS-Jump3D-main/data/npy/Skater_A/Axel\Axel_1.npy,Skater_A,8.943759,-5.571687,-5.8388567
Axel_1.npy,201,D:/work/讨论/FS-Jump3D-main/FS-Jump3D-main/data/npy/Skater_A/Axel\Axel_1.npy,Skater_A,8.954629,-5.5929375,-5.9553905
Axel_1.npy,202,D:/work/讨论/FS-Jump3D-main/FS-Jump3D-main/data/npy/Skater_A/Axel\Axel_1.npy,Skater_A,8.948247,-5.606096,-6.0580754
Axel_1.npy,203,D:/work/讨论/FS-Jump3D-main/FS-Jump3D-main/data/npy/Skater_A/Axel\Axel_1.npy,Skater_A,8.934645,-5.6171727,-6.166644
Axel_1.npy,204,D:/work/讨论/FS-Jump3D-main/FS-Jump3D-main/data/npy/Skater_A/Axel\Axel_1.npy,Skater_A,8.916187,-5.650745,-6.2682667
Axel_1.npy,205,D:/work/讨论/FS-Jump3D-main/FS-Jump3D-main/data/npy/Skater_A/Axel\Axel_1.npy,Skater_A,8.902581,-5.685276,-6.361886
Axel_1.npy,206,D:/work/讨论/FS-Jump3D-main/FS-Jump3D-main/data/npy/Skater_A/Axel\Axel_1.npy,Skater_A,8.9271965,-5.705558,-6.441452
Axel_1.npy,207,D:/work/讨论/FS-Jump3D-main/FS-Jump3D-main/data/npy/Skater_A/Axel\Axel_1.npy,Skater_A,9.109145,-5.6544185,-6.4993243
Axel_1.npy,208,D:/work/讨论/FS-Jump3D-main/FS-Jump3D-main/data/npy/Skater_A/Axel\Axel_1.npy,Skater_A,9.134868,-5.686825,-6.570172
Axel_1.npy,209,D:/work/讨论/FS-Jump3D-main/FS-Jump3D-main/data/npy/Skater_A/Axel\Axel_1.npy,Skater_A,9.023699,-5.7963204,-6.62751
Axel_1.npy,210,D:/work/讨论/FS-Jump3D-main/FS-Jump3D-main/data/npy/Skater_A/Axel\Axel_1.npy,Skater_A,9.05032,-5.833786,-6.6552014
Axel_1.npy,211,D:/work/讨论/FS-Jump3D-main/FS-Jump3D-main/data/npy/Skater_A/Axel\Axel_1.npy,Skater_A,9.063903,-5.890344,-6.6695294
Axel_1.npy,212,D:/work/讨论/FS-Jump3D-main/FS-Jump3D-main/data/npy/Skater_A/Axel\Axel_1.npy,Skater_A,9.313334,-5.843468,-6.645312
Axel_1.npy,213,D:/work/讨论/FS-Jump3D-main/FS-Jump3D-main/data/npy/Skater_A/Axel\Axel_1.npy,Skater_A,9.371735,-5.900495,-6.6318393
Axel_1.npy,214,D:/work/讨论/FS-Jump3D-main/FS-Jump3D-main/data/npy/Skater_A/Axel\Axel_1.npy,Skater_A,9.416893,-5.959532,-6.6211977
Axel_1.npy,215,D:/work/讨论/FS-Jump3D-main/FS-Jump3D-main/data/npy/Skater_A/Axel\Axel_1.npy,Skater_A,9.431628,-6.041085,-6.614316
Axel_1.npy,216,D:/work/讨论/FS-Jump3D-main/FS-Jump3D-main/data/npy/Skater_A/Axel\Axel_1.npy,Skater_A,9.421419,-6.147534,-6.6018734
Axel_1.npy,217,D:/work/讨论/FS-Jump3D-main/FS-Jump3D-main/data/npy/Skater_A/Axel\Axel_1.npy,Skater_A,9.297822,-6.276402,-6.646634
Axel_1.npy,218,D:/work/讨论/FS-Jump3D-main/FS-Jump3D-main/data/npy/Skater_A/Axel\Axel_1.npy,Skater_A,9.363968,-6.3392,-6.6766043
Axel_1.npy,219,D:/work/讨论/FS-Jump3D-main/FS-Jump3D-main/data/npy/Skater_A/Axel\Axel_1.npy,Skater_A,9.416213,-6.417957,-6.7062726
Axel_1.npy,220,D:/work/讨论/FS-Jump3D-main/FS-Jump3D-main/data/npy/Skater_A/Axel\Axel_1.npy,Skater_A,9.464546,-6.4934926,-6.7352967
Axel_1.npy,221,D:/work/讨论/FS-Jump3D-main/FS-Jump3D-main/data/npy/Skater_A/Axel\Axel_1.npy,Skater_A,9.504186,-6.5654097,-6.7694
Axel_1.npy,222,D:/work/讨论/FS-Jump3D-main/FS-Jump3D-main/data/npy/Skater_A/Axel\Axel_1.npy,Skater_A,9.536533,-6.625966,-6.8441143
Axel_1.npy,223,D:/work/讨论/FS-Jump3D-main/FS-Jump3D-main/data/npy/Skater_A/Axel\Axel_1.npy,Skater_A,9.5673,-6.7060256,-6.867367
Axel_1.npy,224,D:/work/讨论/FS-Jump3D-main/FS-Jump3D-main/data/npy/Skater_A/Axel\Axel_1.npy,Skater_A,9.611148,-6.802066,-6.9008756
Axel_1.npy,225,D:/work/讨论/FS-Jump3D-main/FS-Jump3D-main/data/npy/Skater_A/Axel\Axel_1.npy,Skater_A,9.664592,-6.923969,-6.9495754
Axel_1.npy,226,D:/work/讨论/FS-Jump3D-main/FS-Jump3D-main/data/npy/Skater_A/Axel\Axel_1.npy,Skater_A,9.718129,-7.0418534,-7.0047555
Axel_1.npy,227,D:/work/讨论/FS-Jump3D-main/FS-Jump3D-main/data/npy/Skater_A/Axel\Axel_1.npy,Skater_A,9.768528,-7.1553073,-7.05226
Axel_1.npy,228,D:/work/讨论/FS-Jump3D-main/FS-Jump3D-main/data/npy/Skater_A/Axel\Axel_1.npy,Skater_A,9.813753,-7.26337,-7.0988746
Axel_1.npy,229,D:/work/讨论/FS-Jump3D-main/FS-Jump3D-main/data/npy/Skater_A/Axel\Axel_1.npy,Skater_A,9.862419,-7.375172,-7.1455426
Axel_1.npy,230,D:/work/讨论/FS-Jump3D-main/FS-Jump3D-main/data/npy/Skater_A/Axel\Axel_1.npy,Skater_A,9.896724,-7.494243,-7.1843643
Axel_1.npy,231,D:/work/讨论/FS-Jump3D-main/FS-Jump3D-main/data/npy/Skater_A/Axel\Axel_1.npy,Skater_A,9.947491,-7.6203027,-7.230462
Axel_1.npy,232,D:/work/讨论/FS-Jump3D-main/FS-Jump3D-main/data/npy/Skater_A/Axel\Axel_1.npy,Skater_A,10.007281,-7.7398787,-7.2869854
Axel_1.npy,233,D:/work/讨论/FS-Jump3D-main/FS-Jump3D-main/data/npy/Skater_A/Axel\Axel_1.npy,Skater_A,10.057497,-7.838125,-7.336134
Axel_1.npy,234,D:/work/讨论/FS-Jump3D-main/FS-Jump3D-main/data/npy/Skater_A/Axel\Axel_1.npy,Skater_A,10.092196,-7.927429,-7.361478
Axel_1.npy,235,D:/work/讨论/FS-Jump3D-main/FS-Jump3D-main/data/npy/Skater_A/Axel\Axel_1.npy,Skater_A,10.114097,-8.013856,-7.3765726
Axel_1.npy,236,D:/work/讨论/FS-Jump3D-main/FS-Jump3D-main/data/npy/Skater_A/Axel\Axel_1.npy,Skater_A,10.128169,-8.102974,-7.3873034
Axel_1.npy,237,D:/work/讨论/FS-Jump3D-main/FS-Jump3D-main/data/npy/Skater_A/Axel\Axel_1.npy,Skater_A,10.155358,-8.173445,-7.4236264
Axel_1.npy,238,D:/work/讨论/FS-Jump3D-main/FS-Jump3D-main/data/npy/Skater_A/Axel\Axel_1.npy,Skater_A,10.089394,-8.254415,-7.5281816
Axel_1.npy,239,D:/work/讨论/FS-Jump3D-main/FS-Jump3D-main/data/npy/Skater_A/Axel\Axel_1.npy,Skater_A,10.040346,-8.352415,-7.538371
Axel_1.npy,240,D:/work/讨论/FS-Jump3D-main/FS-Jump3D-main/data/npy/Skater_A/Axel\Axel_1.npy,Skater_A,10.034212,-8.413417,-7.5581784
Axel_1.npy,241,D:/work/讨论/FS-Jump3D-main/FS-Jump3D-main/data/npy/Skater_A/Axel\Axel_1.npy,Skater_A,10.058253,-8.451934,-7.578722
Axel_1.npy,242,D:/work/讨论/FS-Jump3D-main/FS-Jump3D-main/data/npy/Skater_A/Axel\Axel_1.npy,Skater_A,10.05942,-8.500066,-7.6211653
Axel_1.npy,243,D:/work/讨论/FS-Jump3D-main/FS-Jump3D-main/data/npy/Skater_A/Axel\Axel_1.npy,Skater_A,10.099505,-8.564347,-7.602982
Axel_1.npy,244,D:/work/讨论/FS-Jump3D-main/FS-Jump3D-main/data/npy/Skater_A/Axel\Axel_1.npy,Skater_A,10.174952,-8.625166,-7.5798
Axel_1.npy,245,D:/work/讨论/FS-Jump3D-main/FS-Jump3D-main/data/npy/Skater_A/Axel\Axel_1.npy,Skater_A,10.418172,-8.646488,-7.4506674
Axel_1.npy,246,D:/work/讨论/FS-Jump3D-main/FS-Jump3D-main/data/npy/Skater_A/Axel\Axel_1.npy,Skater_A,10.449203,-8.706212,-7.482306
Axel_1.npy,247,D:/work/讨论/FS-Jump3D-main/FS-Jump3D-main/data/npy/Skater_A/Axel\Axel_1.npy,Skater_A,10.47736,-8.748217,-7.5226936
Axel_1.npy,248,D:/work/讨论/FS-Jump3D-main/FS-Jump3D-main/data/npy/Skater_A/Axel\Axel_1.npy,Skater_A,10.530725,-8.797182,-7.5608835
Axel_1.npy,249,D:/work/讨论/FS-Jump3D-main/FS-Jump3D-main/data/npy/Skater_A/Axel\Axel_1.npy,Skater_A,10.592763,-8.8452015,-7.6134963
Axel_1.npy,250,D:/work/讨论/FS-Jump3D-main/FS-Jump3D-main/data/npy/Skater_A/Axel\Axel_1.npy,Skater_A,10.489756,-8.93794,-7.8075643
Axel_1.npy,251,D:/work/讨论/FS-Jump3D-main/FS-Jump3D-main/data/npy/Skater_A/Axel\Axel_1.npy,Skater_A,10.510197,-8.989132,-7.937282
Axel_1.npy,252,D:/work/讨论/FS-Jump3D-main/FS-Jump3D-main/data/npy/Skater_A/Axel\Axel_1.npy,Skater_A,10.664474,-9.084258,-7.9114957
Axel_1.npy,253,D:/work/讨论/FS-Jump3D-main/FS-Jump3D-main/data/npy/Skater_A/Axel\Axel_1.npy,Skater_A,10.695045,-9.178128,-7.980451
Axel_1.npy,254,D:/work/讨论/FS-Jump3D-main/FS-Jump3D-main/data/npy/Skater_A/Axel\Axel_1.npy,Skater_A,10.76037,-9.196895,-8.048532
Axel_1.npy,255,D:/work/讨论/FS-Jump3D-main/FS-Jump3D-main/data/npy/Skater_A/Axel\Axel_1.npy,Skater_A,10.826444,-9.20427,-8.122429
Axel_1.npy,256,D:/work/讨论/FS-Jump3D-main/FS-Jump3D-main/data/npy/Skater_A/Axel\Axel_1.npy,Skater_A,10.893535,-9.227591,-8.192952
Axel_1.npy,257,D:/work/讨论/FS-Jump3D-main/FS-Jump3D-main/data/npy/Skater_A/Axel\Axel_1.npy,Skater_A,10.962478,-9.260927,-8.260406
Axel_1.npy,258,D:/work/讨论/FS-Jump3D-main/FS-Jump3D-main/data/npy/Skater_A/Axel\Axel_1.npy,Skater_A,11.03073,-9.287699,-8.321738
Axel_1.npy,259,D:/work/讨论/FS-Jump3D-main/FS-Jump3D-main/data/npy/Skater_A/Axel\Axel_1.npy,Skater_A,11.087394,-9.289164,-8.392455
Axel_1.npy,260,D:/work/讨论/FS-Jump3D-main/FS-Jump3D-main/data/npy/Skater_A/Axel\Axel_1.npy,Skater_A,11.154904,-9.267313,-8.483408
Axel_1.npy,261,D:/work/讨论/FS-Jump3D-main/FS-Jump3D-main/data/npy/Skater_A/Axel\Axel_1.npy,Skater_A,11.224894,-9.235815,-8.572817
Axel_1.npy,262,D:/work/讨论/FS-Jump3D-main/FS-Jump3D-main/data/npy/Skater_A/Axel\Axel_1.npy,Skater_A,11.273991,-9.183879,-8.637513
Axel_1.npy,263,D:/work/讨论/FS-Jump3D-main/FS-Jump3D-main/data/npy/Skater_A/Axel\Axel_1.npy,Skater_A,11.309658,-9.110091,-8.693581
Axel_1.npy,264,D:/work/讨论/FS-Jump3D-main/FS-Jump3D-main/data/npy/Skater_A/Axel\Axel_1.npy,Skater_A,11.355104,-9.015448,-8.758329
Axel_1.npy,265,D:/work/讨论/FS-Jump3D-main/FS-Jump3D-main/data/npy/Skater_A/Axel\Axel_1.npy,Skater_A,11.400762,-8.921171,-8.827013
Axel_1.npy,266,D:/work/讨论/FS-Jump3D-main/FS-Jump3D-main/data/npy/Skater_A/Axel\Axel_1.npy,Skater_A,11.444961,-8.825481,-8.891482
Axel_1.npy,267,D:/work/讨论/FS-Jump3D-main/FS-Jump3D-main/data/npy/Skater_A/Axel\Axel_1.npy,Skater_A,11.49352,-8.715388,-8.965422
Axel_1.npy,268,D:/work/讨论/FS-Jump3D-main/FS-Jump3D-main/data/npy/Skater_A/Axel\Axel_1.npy,Skater_A,11.552827,-8.579615,-9.053604
Axel_1.npy,269,D:/work/讨论/FS-Jump3D-main/FS-Jump3D-main/data/npy/Skater_A/Axel\Axel_1.npy,Skater_A,11.6053295,-8.439878,-9.139072
Axel_1.npy,270,D:/work/讨论/FS-Jump3D-main/FS-Jump3D-main/data/npy/Skater_A/Axel\Axel_1.npy,Skater_A,11.652853,-8.303263,-9.215753
Axel_1.npy,271,D:/work/讨论/FS-Jump3D-main/FS-Jump3D-main/data/npy/Skater_A/Axel\Axel_1.npy,Skater_A,11.699569,-8.166646,-9.292342
Axel_1.npy,272,D:/work/讨论/FS-Jump3D-main/FS-Jump3D-main/data/npy/Skater_A/Axel\Axel_1.npy,Skater_A,11.743676,-8.024669,-9.364564
Axel_1.npy,273,D:/work/讨论/FS-Jump3D-main/FS-Jump3D-main/data/npy/Skater_A/Axel\Axel_1.npy,Skater_A,11.788227,-7.869835,-9.440426
Axel_1.npy,274,D:/work/讨论/FS-Jump3D-main/FS-Jump3D-main/data/npy/Skater_A/Axel\Axel_1.npy,Skater_A,11.8316965,-7.711407,-9.515573
Axel_1.npy,275,D:/work/讨论/FS-Jump3D-main/FS-Jump3D-main/data/npy/Skater_A/Axel\Axel_1.npy,Skater_A,11.8663225,-7.576833,-9.575984
Axel_1.npy,276,D:/work/讨论/FS-Jump3D-main/FS-Jump3D-main/data/npy/Skater_A/Axel\Axel_1.npy,Skater_A,11.894326,-7.4665174,-9.625196
Axel_1.npy,277,D:/work/讨论/FS-Jump3D-main/FS-Jump3D-main/data/npy/Skater_A/Axel\Axel_1.npy,Skater_A,11.91841,-7.3657894,-9.668255
Axel_1.npy,278,D:/work/讨论/FS-Jump3D-main/FS-Jump3D-main/data/npy/Skater_A/Axel\Axel_1.npy,Skater_A,11.937204,-7.2793427,-9.703084
Axel_1.npy,279,D:/work/讨论/FS-Jump3D-main/FS-Jump3D-main/data/npy/Skater_A/Axel\Axel_1.npy,Skater_A,11.952073,-7.2071533,-9.730971
Axel_1.npy,280,D:/work/讨论/FS-Jump3D-main/FS-Jump3D-main/data/npy/Skater_A/Axel\Axel_1.npy,Skater_A,11.965012,-7.1478443,-9.754818
Axel_1.npy,281,D:/work/讨论/FS-Jump3D-main/FS-Jump3D-main/data/npy/Skater_A/Axel\Axel_1.npy,Skater_A,11.977154,-7.0959477,-9.777103
Axel_1.npy,282,D:/work/讨论/FS-Jump3D-main/FS-Jump3D-main/data/npy/Skater_A/Axel\Axel_1.npy,Skater_A,11.986402,-7.05538,-9.793738
Axel_1.npy,283,D:/work/讨论/FS-Jump3D-main/FS-Jump3D-main/data/npy/Skater_A/Axel\Axel_1.npy,Skater_A,11.995031,-7.016479,-9.809865
Axel_1.npy,284,D:/work/讨论/FS-Jump3D-main/FS-Jump3D-main/data/npy/Skater_A/Axel\Axel_1.npy,Skater_A,12.003559,-6.970596,-9.82614
Axel_1.npy,285,D:/work/讨论/FS-Jump3D-main/FS-Jump3D-main/data/npy/Skater_A/Axel\Axel_1.npy,Skater_A,12.00679,-6.9581766,-9.831808
Axel_10.npy,0,D:/work/讨论/FS-Jump3D-main/FS-Jump3D-main/data/npy/Skater_A/Axel\Axel_10.npy,Skater_A,6.287403,10.793441,-12.651219
Axel_10.npy,1,D:/work/讨论/FS-Jump3D-main/FS-Jump3D-main/data/npy/Skater_A/Axel\Axel_10.npy,Skater_A,6.307778,10.668154,-12.561772
Axel_10.npy,2,D:/work/讨论/FS-Jump3D-main/FS-Jump3D-main/data/npy/Skater_A/Axel\Axel_10.npy,Skater_A,6.296633,10.720594,-12.645065
Axel_10.npy,3,D:/work/讨论/FS-Jump3D-main/FS-Jump3D-main/data/npy/Skater_A/Axel\Axel_10.npy,Skater_A,6.4184675,10.745174,-12.664548
Axel_10.npy,4,D:/work/讨论/FS-Jump3D-main/FS-Jump3D-main/data/npy/Skater_A/Axel\Axel_10.npy,Skater_A,6.649858,10.792523,-12.663369
Axel_10.npy,5,D:/work/讨论/FS-Jump3D-main/FS-Jump3D-main/data/npy/Skater_A/Axel\Axel_10.npy,Skater_A,6.6493826,10.840652,-12.700191
Axel_10.npy,6,D:/work/讨论/FS-Jump3D-main/FS-Jump3D-main/data/npy/Skater_A/Axel\Axel_10.npy,Skater_A,6.6863456,10.892288,-12.725168
Axel_10.npy,7,D:/work/讨论/FS-Jump3D-main/FS-Jump3D-main/data/npy/Skater_A/Axel\Axel_10.npy,Skater_A,6.508248,10.837119,-12.8244
Axel_10.npy,8,D:/work/讨论/FS-Jump3D-main/FS-Jump3D-main/data/npy/Skater_A/Axel\Axel_10.npy,Skater_A,5.746537,10.527435,-12.565436
Axel_10.npy,9,D:/work/讨论/FS-Jump3D-main/FS-Jump3D-main/data/npy/Skater_A/Axel\Axel_10.npy,Skater_A,5.914677,10.424174,-11.862278
Axel_10.npy,10,D:/work/讨论/FS-Jump3D-main/FS-Jump3D-main/data/npy/Skater_A/Axel\Axel_10.npy,Skater_A,5.920317,10.497767,-11.420437
Axel_10.npy,11,D:/work/讨论/FS-Jump3D-main/FS-Jump3D-main/data/npy/Skater_A/Axel\Axel_10.npy,Skater_A,4.811734,9.495687,-14.193015
Axel_10.npy,12,D:/work/讨论/FS-Jump3D-main/FS-Jump3D-main/data/npy/Skater_A/Axel\Axel_10.npy,Skater_A,4.882618,9.094258,-14.284725
Axel_10.npy,13,D:/work/讨论/FS-Jump3D-main/FS-Jump3D-main/data/npy/Skater_A/Axel\Axel_10.npy,Skater_A,4.650051,8.8551445,-14.2509365
Axel_10.npy,14,D:/work/讨论/FS-Jump3D-main/FS-Jump3D-main/data/npy/Skater_A/Axel\Axel_10.npy,Skater_A,4.39345,8.248299,-14.403319
Axel_10.npy,15,D:/work/讨论/FS-Jump3D-main/FS-Jump3D-main/data/npy/Skater_A/Axel\Axel_10.npy,Skater_A,4.129218,7.3050303,-14.891657
Axel_10.npy,16,D:/work/讨论/FS-Jump3D-main/FS-Jump3D-main/data/npy/Skater_A/Axel\Axel_10.npy,Skater_A,3.9732337,6.710412,-15.1143875
Axel_10.npy,17,D:/work/讨论/FS-Jump3D-main/FS-Jump3D-main/data/npy/Skater_A/Axel\Axel_10.npy,Skater_A,3.7934043,5.8932014,-15.265961
Axel_10.npy,18,D:/work/讨论/FS-Jump3D-main/FS-Jump3D-main/data/npy/Skater_A/Axel\Axel_10.npy,Skater_A,3.693274,4.989836,-15.481792
Axel_10.npy,19,D:/work/讨论/FS-Jump3D-main/FS-Jump3D-main/data/npy/Skater_A/Axel\Axel_10.npy,Skater_A,3.5636852,4.3449454,-15.664406
Axel_10.npy,20,D:/work/讨论/FS-Jump3D-main/FS-Jump3D-main/data/npy/Skater_A/Axel\Axel_10.npy,Skater_A,3.3710277,3.6981516,-15.762334
Axel_10.npy,21,D:/work/讨论/FS-Jump3D-main/FS-Jump3D-main/data/npy/Skater_A/Axel\Axel_10.npy,Skater_A,3.1043584,2.9796784,-15.846058
Axel_10.npy,22,D:/work/讨论/FS-Jump3D-main/FS-Jump3D-main/data/npy/Skater_A/Axel\Axel_10.npy,Skater_A,2.8836741,2.4502578,-15.891878
Axel_10.npy,23,D:/work/讨论/FS-Jump3D-main/FS-Jump3D-main/data/npy/Skater_A/Axel\Axel_10.npy,Skater_A,2.6084368,1.9672698,-15.829307
Axel_10.npy,24,D:/work/讨论/FS-Jump3D-main/FS-Jump3D-main/data/npy/Skater_A/Axel\Axel_10.npy,Skater_A,2.197189,1.4586686,-15.6915
Axel_10.npy,25,D:/work/讨论/FS-Jump3D-main/FS-Jump3D-main/data/npy/Skater_A/Axel\Axel_10.npy,Skater_A,1.7145779,1.0290798,-15.531909
Axel_10.npy,26,D:/work/讨论/FS-Jump3D-main/FS-Jump3D-main/data/npy/Skater_A/Axel\Axel_10.npy,Skater_A,1.2469451,0.69548696,-15.377627
Axel_10.npy,27,D:/work/讨论/FS-Jump3D-main/FS-Jump3D-main/data/npy/Skater_A/Axel\Axel_10.npy,Skater_A,0.8811728,0.45051265,-15.241217
Axel_10.npy,28,D:/work/讨论/FS-Jump3D-main/FS-Jump3D-main/data/npy/Skater_A/Axel\Axel_10.npy,Skater_A,0.56746495,0.16294692,-15.014257
Axel_10.npy,29,D:/work/讨论/FS-Jump3D-main/FS-Jump3D-main/data/npy/Skater_A/Axel\Axel_10.npy,Skater_A,0.12926887,-0.19219247,-14.583536
Axel_10.npy,30,D:/work/讨论/FS-Jump3D-main/FS-Jump3D-main/data/npy/Skater_A/Axel\Axel_10.npy,Skater_A,-0.3709591,-0.44041303,-14.356718
Axel_10.npy,31,D:/work/讨论/FS-Jump3D-main/FS-Jump3D-main/data/npy/Skater_A/Axel\Axel_10.npy,Skater_A,-0.90638465,-0.77481747,-14.287068
Axel_10.npy,32,D:/work/讨论/FS-Jump3D-main/FS-Jump3D-main/data/npy/Skater_A/Axel\Axel_10.npy,Skater_A,-1.5445217,-1.3526038,-14.312222
Axel_10.npy,33,D:/work/讨论/FS-Jump3D-main/FS-Jump3D-main/data/npy/Skater_A/Axel\Axel_10.npy,Skater_A,-2.1498232,-1.8303546,-14.381005
Axel_10.npy,34,D:/work/讨论/FS-Jump3D-main/FS-Jump3D-main/data/npy/Skater_A/Axel\Axel_10.npy,Skater_A,-2.6264296,-2.2223573,-14.3659115
Axel_10.npy,35,D:/work/讨论/FS-Jump3D-main/FS-Jump3D-main/data/npy/Skater_A/Axel\Axel_10.npy,Skater_A,-3.1328912,-2.7615602,-14.280669
Axel_10.npy,36,D:/work/讨论/FS-Jump3D-main/FS-Jump3D-main/data/npy/Skater_A/Axel\Axel_10.npy,Skater_A,-3.5511613,-3.410069,-14.147434
Axel_10.npy,37,D:/work/讨论/FS-Jump3D-main/FS-Jump3D-main/data/npy/Skater_A/Axel\Axel_10.npy,Skater_A,-3.7038746,-3.7160714,-14.016488
Axel_10.npy,38,D:/work/讨论/FS-Jump3D-main/FS-Jump3D-main/data/npy/Skater_A/Axel\Axel_10.npy,Skater_A,-3.9463735,-3.5444927,-13.77498
Axel_10.npy,39,D:/work/讨论/FS-Jump3D-main/FS-Jump3D-main/data/npy/Skater_A/Axel\Axel_10.npy,Skater_A,-4.187581,-3.4727883,-13.568286
Axel_10.npy,40,D:/work/讨论/FS-Jump3D-main/FS-Jump3D-main/data/npy/Skater_A/Axel\Axel_10.npy,Skater_A,-4.3682466,-3.677053,-13.371414
Axel_10.npy,41,D:/work/讨论/FS-Jump3D-main/FS-Jump3D-main/data/npy/Skater_A/Axel\Axel_10.npy,Skater_A,-4.5594935,-3.7959788,-13.176292
Axel_10.npy,42,D:/work/讨论/FS-Jump3D-main/FS-Jump3D-main/data/npy/Skater_A/Axel\Axel_10.npy,Skater_A,-4.650288,-3.8400636,-13.097433
Axel_10.npy,43,D:/work/讨论/FS-Jump3D-main/FS-Jump3D-main/data/npy/Skater_A/Axel\Axel_10.npy,Skater_A,-4.736227,-4.0135617,-13.054901
Axel_10.npy,44,D:/work/讨论/FS-Jump3D-main/FS-Jump3D-main/data/npy/Skater_A/Axel\Axel_10.npy,Skater_A,-4.850877,-4.1778226,-12.929511
Axel_10.npy,45,D:/work/讨论/FS-Jump3D-main/FS-Jump3D-main/data/npy/Skater_A/Axel\Axel_10.npy,Skater_A,-4.9443684,-4.435386,-12.70283
Axel_10.npy,46,D:/work/讨论/FS-Jump3D-main/FS-Jump3D-main/data/npy/Skater_A/Axel\Axel_10.npy,Skater_A,-5.075787,-5.001515,-12.357794
Axel_10.npy,47,D:/work/讨论/FS-Jump3D-main/FS-Jump3D-main/data/npy/Skater_A/Axel\Axel_10.npy,Skater_A,-5.316846,-5.372046,-12.087762
Axel_10.npy,48,D:/work/讨论/FS-Jump3D-main/FS-Jump3D-main/data/npy/Skater_A/Axel\Axel_10.npy,Skater_A,-5.692612,-5.697876,-11.769113
Axel_10.npy,49,D:/work/讨论/FS-Jump3D-main/FS-Jump3D-main/data/npy/Skater_A/Axel\Axel_10.npy,Skater_A,-5.913532,-6.052292,-11.387115
Axel_10.npy,50,D:/work/讨论/FS-Jump3D-main/FS-Jump3D-main/data/npy/Skater_A/Axel\Axel_10.npy,Skater_A,-5.951696,-6.3427258,-11.021613
Axel_10.npy,51,D:/work/讨论/FS-Jump3D-main/FS-Jump3D-main/data/npy/Skater_A/Axel\Axel_10.npy,Skater_A,-5.8892536,-6.6100063,-10.630345
Axel_10.npy,52,D:/work/讨论/FS-Jump3D-main/FS-Jump3D-main/data/npy/Skater_A/Axel\Axel_10.npy,Skater_A,-5.8347173,-6.837072,-10.265092
Axel_10.npy,53,D:/work/讨论/FS-Jump3D-main/FS-Jump3D-main/data/npy/Skater_A/Axel\Axel_10.npy,Skater_A,-5.8307476,-7.0529914,-9.887757
Axel_10.npy,54,D:/work/讨论/FS-Jump3D-main/FS-Jump3D-main/data/npy/Skater_A/Axel\Axel_10.npy,Skater_A,-5.8073792,-7.4075603,-9.425302
Axel_10.npy,55,D:/work/讨论/FS-Jump3D-main/FS-Jump3D-main/data/npy/Skater_A/Axel\Axel_10.npy,Skater_A,-5.6893964,-7.812204,-8.833545
Axel_10.npy,56,D:/work/讨论/FS-Jump3D-main/FS-Jump3D-main/data/npy/Skater_A/Axel\Axel_10.npy,Skater_A,-5.6146703,-7.9964666,-8.426869
Axel_10.npy,57,D:/work/讨论/FS-Jump3D-main/FS-Jump3D-main/data/npy/Skater_A/Axel\Axel_10.npy,Skater_A,-5.611911,-8.200213,-8.0797615
Axel_10.npy,58,D:/work/讨论/FS-Jump3D-main/FS-Jump3D-main/data/npy/Skater_A/Axel\Axel_10.npy,Skater_A,-5.6855764,-8.709934,-7.7293983
Axel_10.npy,59,D:/work/讨论/FS-Jump3D-main/FS-Jump3D-main/data/npy/Skater_A/Axel\Axel_10.npy,Skater_A,-5.7849035,-9.267917,-7.4157453
Axel_10.npy,60,D:/work/讨论/FS-Jump3D-main/FS-Jump3D-main/data/npy/Skater_A/Axel\Axel_10.npy,Skater_A,-5.8571253,-9.723457,-7.137396
Axel_10.npy,61,D:/work/讨论/FS-Jump3D-main/FS-Jump3D-main/data/npy/Skater_A/Axel\Axel_10.npy,Skater_A,-5.9016857,-10.477176,-6.845314
Axel_10.npy,62,D:/work/讨论/FS-Jump3D-main/FS-Jump3D-main/data/npy/Skater_A/Axel\Axel_10.npy,Skater_A,-5.87202,-12.283937,-6.082975
Axel_10.npy,63,D:/work/讨论/FS-Jump3D-main/FS-Jump3D-main/data/npy/Skater_A/Axel\Axel_10.npy,Skater_A,-5.8421073,-12.548022,-5.911079
Axel_10.npy,64,D:/work/讨论/FS-Jump3D-main/FS-Jump3D-main/data/npy/Skater_A/Axel\Axel_10.npy,Skater_A,-5.8055463,-12.666197,-5.7728634
Axel_10.npy,65,D:/work/讨论/FS-Jump3D-main/FS-Jump3D-main/data/npy/Skater_A/Axel\Axel_10.npy,Skater_A,-5.723813,-12.815663,-5.5444574
Axel_10.npy,66,D:/work/讨论/FS-Jump3D-main/FS-Jump3D-main/data/npy/Skater_A/Axel\Axel_10.npy,Skater_A,-5.5748496,-13.025034,-5.1966577
Axel_10.npy,67,D:/work/讨论/FS-Jump3D-main/FS-Jump3D-main/data/npy/Skater_A/Axel\Axel_10.npy,Skater_A,-5.387334,-13.230479,-4.8364735
Axel_10.npy,68,D:/work/讨论/FS-Jump3D-main/FS-Jump3D-main/data/npy/Skater_A/Axel\Axel_10.npy,Skater_A,-5.226488,-13.456514,-4.5299387
Axel_10.npy,69,D:/work/讨论/FS-Jump3D-main/FS-Jump3D-main/data/npy/Skater_A/Axel\Axel_10.npy,Skater_A,-5.0954843,-13.754212,-4.213609
Axel_10.npy,70,D:/work/讨论/FS-Jump3D-main/FS-Jump3D-main/data/npy/Skater_A/Axel\Axel_10.npy,Skater_A,-4.9309845,-14.116138,-3.8058343
Axel_10.npy,71,D:/work/讨论/FS-Jump3D-main/FS-Jump3D-main/data/npy/Skater_A/Axel\Axel_10.npy,Skater_A,-4.786737,-14.487522,-3.4014294
Axel_10.npy,72,D:/work/讨论/FS-Jump3D-main/FS-Jump3D-main/data/npy/Skater_A/Axel\Axel_10.npy,Skater_A,-4.737911,-14.797085,-3.0817804
Axel_10.npy,73,D:/work/讨论/FS-Jump3D-main/FS-Jump3D-main/data/npy/Skater_A/Axel\Axel_10.npy,Skater_A,-4.714498,-15.095095,-2.7701852
Axel_10.npy,74,D:/work/讨论/FS-Jump3D-main/FS-Jump3D-main/data/npy/Skater_A/Axel\Axel_10.npy,Skater_A,-4.724497,-15.540376,-2.3145092
Axel_10.npy,75,D:/work/讨论/FS-Jump3D-main/FS-Jump3D-main/data/npy/Skater_A/Axel\Axel_10.npy,Skater_A,-4.77604,-16.012182,-1.8206533
Axel_10.npy,76,D:/work/讨论/FS-Jump3D-main/FS-Jump3D-main/data/npy/Skater_A/Axel\Axel_10.npy,Skater_A,-4.7775216,-16.164133,-1.5636156
Axel_10.npy,77,D:/work/讨论/FS-Jump3D-main/FS-Jump3D-main/data/npy/Skater_A/Axel\Axel_10.npy,Skater_A,-4.705212,-16.159431,-1.3327793
Axel_10.npy,78,D:/work/讨论/FS-Jump3D-main/FS-Jump3D-main/data/npy/Skater_A/Axel\Axel_10.npy,Skater_A,-4.638284,-16.191338,-1.0510852
Axel_10.npy,79,D:/work/讨论/FS-Jump3D-main/FS-Jump3D-main/data/npy/Skater_A/Axel\Axel_10.npy,Skater_A,-4.624668,-16.24086,-0.7057786
Axel_10.npy,80,D:/work/讨论/FS-Jump3D-main/FS-Jump3D-main/data/npy/Skater_A/Axel\Axel_10.npy,Skater_A,-4.656851,-16.251715,-0.31129485
Axel_10.npy,81,D:/work/讨论/FS-Jump3D-main/FS-Jump3D-main/data/npy/Skater_A/Axel\Axel_10.npy,Skater_A,-4.78542,-16.255764,0.0892964
Axel_10.npy,82,D:/work/讨论/FS-Jump3D-main/FS-Jump3D-main/data/npy/Skater_A/Axel\Axel_10.npy,Skater_A,-4.9308696,-16.243753,0.53478986
Axel_10.npy,83,D:/work/讨论/FS-Jump3D-main/FS-Jump3D-main/data/npy/Skater_A/Axel\Axel_10.npy,Skater_A,-5.076984,-16.135052,1.149882
Axel_10.npy,84,D:/work/讨论/FS-Jump3D-main/FS-Jump3D-main/data/npy/Skater_A/Axel\Axel_10.npy,Skater_A,-5.317598,-15.9478855,1.7852234
Axel_10.npy,85,D:/work/讨论/FS-Jump3D-main/FS-Jump3D-main/data/npy/Skater_A/Axel\Axel_10.npy,Skater_A,-5.6520996,-15.720167,2.3327084
Axel_10.npy,86,D:/work/讨论/FS-Jump3D-main/FS-Jump3D-main/data/npy/Skater_A/Axel\Axel_10.npy,Skater_A,-5.986592,-15.397844,2.894157
Axel_10.npy,87,D:/work/讨论/FS-Jump3D-main/FS-Jump3D-main/data/npy/Skater_A/Axel\Axel_10.npy,Skater_A,-6.41858,-15.042304,3.5167603
Axel_10.npy,88,D:/work/讨论/FS-Jump3D-main/FS-Jump3D-main/data/npy/Skater_A/Axel\Axel_10.npy,Skater_A,-6.887986,-14.660329,4.1066217
Axel_10.npy,89,D:/work/讨论/FS-Jump3D-main/FS-Jump3D-main/data/npy/Skater_A/Axel\Axel_10.npy,Skater_A,-7.188713,-14.055287,4.8405113
Axel_10.npy,90,D:/work/讨论/FS-Jump3D-main/FS-Jump3D-main/data/npy/Skater_A/Axel\Axel_10.npy,Skater_A,-7.5006247,-13.347305,5.600617
Axel_10.npy,91,D:/work/讨论/FS-Jump3D-main/FS-Jump3D-main/data/npy/Skater_A/Axel\Axel_10.npy,Skater_A,-7.9323125,-12.749129,6.1073527
Axel_10.npy,92,D:/work/讨论/FS-Jump3D-main/FS-Jump3D-main/data/npy/Skater_A/Axel\Axel_10.npy,Skater_A,-8.42294,-12.192739,6.4608226
Axel_10.npy,93,D:/work/讨论/FS-Jump3D-main/FS-Jump3D-main/data/npy/Skater_A/Axel\Axel_10.npy,Skater_A,-9.018745,-11.611617,6.717116
Axel_10.npy,94,D:/work/讨论/FS-Jump3D-main/FS-Jump3D-main/data/npy/Skater_A/Axel\Axel_10.npy,Skater_A,-9.561452,-10.940925,6.997516
Axel_10.npy,95,D:/work/讨论/FS-Jump3D-main/FS-Jump3D-main/data/npy/Skater_A/Axel\Axel_10.npy,Skater_A,-9.961716,-10.162166,7.348916
Axel_10.npy,96,D:/work/讨论/FS-Jump3D-main/FS-Jump3D-main/data/npy/Skater_A/Axel\Axel_10.npy,Skater_A,-10.248267,-9.399562,7.6700115
Axel_10.npy,97,D:/work/讨论/FS-Jump3D-main/FS-Jump3D-main/data/npy/Skater_A/Axel\Axel_10.npy,Skater_A,-10.4690895,-8.579661,7.977926
Axel_10.npy,98,D:/work/讨论/FS-Jump3D-main/FS-Jump3D-main/data/npy/Skater_A/Axel\Axel_10.npy,Skater_A,-10.770235,-7.751814,8.19146
Axel_10.npy,99,D:/work/讨论/FS-Jump3D-main/FS-Jump3D-main/data/npy/Skater_A/Axel\Axel_10.npy,Skater_A,-11.199036,-7.0631995,8.240987
Axel_10.npy,100,D:/work/讨论/FS-Jump3D-main/FS-Jump3D-main/data/npy/Skater_A/Axel\Axel_10.npy,Skater_A,-11.543804,-6.5020823,8.232761
Axel_10.npy,101,D:/work/讨论/FS-Jump3D-main/FS-Jump3D-main/data/npy/Skater_A/Axel\Axel_10.npy,Skater_A,-11.631211,-5.8516746,8.304096
Axel_10.npy,102,D:/work/讨论/FS-Jump3D-main/FS-Jump3D-main/data/npy/Skater_A/Axel\Axel_10.npy,Skater_A,-11.648805,-5.049622,8.286057
Axel_10.npy,103,D:/work/讨论/FS-Jump3D-main/FS-Jump3D-main/data/npy/Skater_A/Axel\Axel_10.npy,Skater_A,-11.831563,-4.21312,8.04168
Axel_10.npy,104,D:/work/讨论/FS-Jump3D-main/FS-Jump3D-main/data/npy/Skater_A/Axel\Axel_10.npy,Skater_A,-11.979228,-3.3696425,7.6824937
Axel_10.npy,105,D:/work/讨论/FS-Jump3D-main/FS-Jump3D-main/data/npy/Skater_A/Axel\Axel_10.npy,Skater_A,-12.0833645,-2.5725734,7.2514725
Axel_10.npy,106,D:/work/讨论/FS-Jump3D-main/FS-Jump3D-main/data/npy/Skater_A/Axel\Axel_10.npy,Skater_A,-12.269653,-1.8124743,6.7036347
Axel_10.npy,107,D:/work/讨论/FS-Jump3D-main/FS-Jump3D-main/data/npy/Skater_A/Axel\Axel_10.npy,Skater_A,-12.430751,-1.0818865,6.0543385
Axel_10.npy,108,D:/work/讨论/FS-Jump3D-main/FS-Jump3D-main/data/npy/Skater_A/Axel\Axel_10.npy,Skater_A,-12.556161,-0.41938305,5.3085184
Axel_10.npy,109,D:/work/讨论/FS-Jump3D-main/FS-Jump3D-main/data/npy/Skater_A/Axel\Axel_10.npy,Skater_A,-12.781802,0.14745487,4.4667697
Axel_10.npy,110,D:/work/讨论/FS-Jump3D-main/FS-Jump3D-main/data/npy/Skater_A/Axel\Axel_10.npy,Skater_A,-13.171623,0.6733667,3.5955317
Axel_10.npy,111,D:/work/讨论/FS-Jump3D-main/FS-Jump3D-main/data/npy/Skater_A/Axel\Axel_10.npy,Skater_A,-13.50257,1.1588852,2.7290545
Axel_10.npy,112,D:/work/讨论/FS-Jump3D-main/FS-Jump3D-main/data/npy/Skater_A/Axel\Axel_10.npy,Skater_A,-13.738541,1.633017,1.883863
Axel_10.npy,113,D:/work/讨论/FS-Jump3D-main/FS-Jump3D-main/data/npy/Skater_A/Axel\Axel_10.npy,Skater_A,-13.930243,2.128434,1.0479999
Axel_10.npy,114,D:/work/讨论/FS-Jump3D-main/FS-Jump3D-main/data/npy/Skater_A/Axel\Axel_10.npy,Skater_A,-14.075557,2.748937,0.23146218
Axel_10.npy,115,D:/work/讨论/FS-Jump3D-main/FS-Jump3D-main/data/npy/Skater_A/Axel\Axel_10.npy,Skater_A,-14.133543,3.55569,-0.6248335
Axel_10.npy,116,D:/work/讨论/FS-Jump3D-main/FS-Jump3D-main/data/npy/Skater_A/Axel\Axel_10.npy,Skater_A,-14.195653,4.168346,-1.328038
Axel_10.npy,117,D:/work/讨论/FS-Jump3D-main/FS-Jump3D-main/data/npy/Skater_A/Axel\Axel_10.npy,Skater_A,-14.246323,4.7834024,-1.750949
Axel_10.npy,118,D:/work/讨论/FS-Jump3D-main/FS-Jump3D-main/data/npy/Skater_A/Axel\Axel_10.npy,Skater_A,-14.233214,5.5607047,-2.1093118
Axel_10.npy,119,D:/work/讨论/FS-Jump3D-main/FS-Jump3D-main/data/npy/Skater_A/Axel\Axel_10.npy,Skater_A,-14.118409,6.432662,-2.3146148
Axel_10.npy,120,D:/work/讨论/FS-Jump3D-main/FS-Jump3D-main/data/npy/Skater_A/Axel\Axel_10.npy,Skater_A,-14.016888,7.283909,-2.3668196
Axel_10.npy,121,D:/work/讨论/FS-Jump3D-main/FS-Jump3D-main/data/npy/Skater_A/Axel\Axel_10.npy,Skater_A,-13.901834,8.210674,-2.2704241
Axel_10.npy,122,D:/work/讨论/FS-Jump3D-main/FS-Jump3D-main/data/npy/Skater_A/Axel\Axel_10.npy,Skater_A,-13.74248,9.231737,-2.0135088
Axel_10.npy,123,D:/work/讨论/FS-Jump3D-main/FS-Jump3D-main/data/npy/Skater_A/Axel\Axel_10.npy,Skater_A,-13.429447,10.230564,-1.6158417
Axel_10.npy,124,D:/work/讨论/FS-Jump3D-main/FS-Jump3D-main/data/npy/Skater_A/Axel\Axel_10.npy,Skater_A,-12.998006,11.082848,-1.0926486
Axel_10.npy,125,D:/work/讨论/FS-Jump3D-main/FS-Jump3D-main/data/npy/Skater_A/Axel\Axel_10.npy,Skater_A,-12.496223,11.716355,-0.436349
Axel_10.npy,126,D:/work/讨论/FS-Jump3D-main/FS-Jump3D-main/data/npy/Skater_A/Axel\Axel_10.npy,Skater_A,-11.883501,12.106467,0.35357594
Axel_10.npy,127,D:/work/讨论/FS-Jump3D-main/FS-Jump3D-main/data/npy/Skater_A/Axel\Axel_10.npy,Skater_A,-11.234572,12.304376,1.179153
Axel_10.npy,128,D:/work/讨论/FS-Jump3D-main/FS-Jump3D-main/data/npy/Skater_A/Axel\Axel_10.npy,Skater_A,-10.672729,12.288617,1.9530907
Axel_10.npy,129,D:/work/讨论/FS-Jump3D-main/FS-Jump3D-main/data/npy/Skater_A/Axel\Axel_10.npy,Skater_A,-10.028015,12.126988,2.6572597
Axel_10.npy,130,D:/work/讨论/FS-Jump3D-main/FS-Jump3D-main/data/npy/Skater_A/Axel\Axel_10.npy,Skater_A,-9.365802,11.89851,3.3776736
Axel_10.npy,131,D:/work/讨论/FS-Jump3D-main/FS-Jump3D-main/data/npy/Skater_A/Axel\Axel_10.npy,Skater_A,-8.729125,11.553528,4.0229354
Axel_10.npy,132,D:/work/讨论/FS-Jump3D-main/FS-Jump3D-main/data/npy/Skater_A/Axel\Axel_10.npy,Skater_A,-8.162392,11.104903,4.5634403
Axel_10.npy,133,D:/work/讨论/FS-Jump3D-main/FS-Jump3D-main/data/npy/Skater_A/Axel\Axel_10.npy,Skater_A,-7.6131887,10.620189,5.127362
Axel_10.npy,134,D:/work/讨论/FS-Jump3D-main/FS-Jump3D-main/data/npy/Skater_A/Axel\Axel_10.npy,Skater_A,-7.034389,10.123528,5.717396
Axel_10.npy,135,D:/work/讨论/FS-Jump3D-main/FS-Jump3D-main/data/npy/Skater_A/Axel\Axel_10.npy,Skater_A,-6.42788,9.640699,6.384762
Axel_10.npy,136,D:/work/讨论/FS-Jump3D-main/FS-Jump3D-main/data/npy/Skater_A/Axel\Axel_10.npy,Skater_A,-5.723277,9.089316,7.060233
Axel_10.npy,137,D:/work/讨论/FS-Jump3D-main/FS-Jump3D-main/data/npy/Skater_A/Axel\Axel_10.npy,Skater_A,-4.9171596,8.575679,7.751752
Axel_10.npy,138,D:/work/讨论/FS-Jump3D-main/FS-Jump3D-main/data/npy/Skater_A/Axel\Axel_10.npy,Skater_A,-4.061107,8.203797,8.421614
Axel_10.npy,139,D:/work/讨论/FS-Jump3D-main/FS-Jump3D-main/data/npy/Skater_A/Axel\Axel_10.npy,Skater_A,-3.106759,8.156469,9.01265
Axel_10.npy,140,D:/work/讨论/FS-Jump3D-main/FS-Jump3D-main/data/npy/Skater_A/Axel\Axel_10.npy,Skater_A,-1.6644807,8.181018,9.65453
Axel_10.npy,141,D:/work/讨论/FS-Jump3D-main/FS-Jump3D-main/data/npy/Skater_A/Axel\Axel_10.npy,Skater_A,-0.057475097,7.8125534,10.107366
Axel_10.npy,142,D:/work/讨论/FS-Jump3D-main/FS-Jump3D-main/data/npy/Skater_A/Axel\Axel_10.npy,Skater_A,0.91308516,7.170749,10.252583
Axel_10.npy,143,D:/work/讨论/FS-Jump3D-main/FS-Jump3D-main/data/npy/Skater_A/Axel\Axel_10.npy,Skater_A,1.5267822,6.3348527,10.379689
Axel_10.npy,144,D:/work/讨论/FS-Jump3D-main/FS-Jump3D-main/data/npy/Skater_A/Axel\Axel_10.npy,Skater_A,1.8207303,4.9645185,10.520567
Axel_10.npy,145,D:/work/讨论/FS-Jump3D-main/FS-Jump3D-main/data/npy/Skater_A/Axel\Axel_10.npy,Skater_A,1.399324,3.517438,10.59612
Axel_10.npy,146,D:/work/讨论/FS-Jump3D-main/FS-Jump3D-main/data/npy/Skater_A/Axel\Axel_10.npy,Skater_A,0.54036105,2.6066105,10.630919
Axel_10.npy,147,D:/work/讨论/FS-Jump3D-main/FS-Jump3D-main/data/npy/Skater_A/Axel\Axel_10.npy,Skater_A,-0.5937515,2.2116406,10.720921
Axel_10.npy,148,D:/work/讨论/FS-Jump3D-main/FS-Jump3D-main/data/npy/Skater_A/Axel\Axel_10.npy,Skater_A,-1.8722756,2.2575228,10.843571
Axel_10.npy,149,D:/work/讨论/FS-Jump3D-main/FS-Jump3D-main/data/npy/Skater_A/Axel\Axel_10.npy,Skater_A,-2.8042388,2.670651,10.753357
Axel_10.npy,150,D:/work/讨论/FS-Jump3D-main/FS-Jump3D-main/data/npy/Skater_A/Axel\Axel_10.npy,Skater_A,-3.4660103,3.3479261,10.48758
Axel_10.npy,151,D:/work/讨论/FS-Jump3D-main/FS-Jump3D-main/data/npy/Skater_A/Axel\Axel_10.npy,Skater_A,-3.9067187,4.2207365,10.225968
Axel_10.npy,152,D:/work/讨论/FS-Jump3D-main/FS-Jump3D-main/data/npy/Skater_A/Axel\Axel_10.npy,Skater_A,-4.082069,5.1597013,9.977754
Axel_10.npy,153,D:/work/讨论/FS-Jump3D-main/FS-Jump3D-main/data/npy/Skater_A/Axel\Axel_10.npy,Skater_A,-3.8478897,6.3835425,10.106501
Axel_10.npy,154,D:/work/讨论/FS-Jump3D-main/FS-Jump3D-main/data/npy/Skater_A/Axel\Axel_10.npy,Skater_A,-2.9523911,7.2225056,10.351469
Axel_10.npy,155,D:/work/讨论/FS-Jump3D-main/FS-Jump3D-main/data/npy/Skater_A/Axel\Axel_10.npy,Skater_A,-1.4376447,8.009646,10.921621
Axel_10.npy,156,D:/work/讨论/FS-Jump3D-main/FS-Jump3D-main/data/npy/Skater_A/Axel\Axel_10.npy,Skater_A,0.23639192,8.31551,11.475217
Axel_10.npy,157,D:/work/讨论/FS-Jump3D-main/FS-Jump3D-main/data/npy/Skater_A/Axel\Axel_10.npy,Skater_A,0.67446864,7.1359286,11.653783
Axel_10.npy,158,D:/work/讨论/FS-Jump3D-main/FS-Jump3D-main/data/npy/Skater_A/Axel\Axel_10.npy,Skater_A,1.205371,5.644681,12.142043
Axel_10.npy,159,D:/work/讨论/FS-Jump3D-main/FS-Jump3D-main/data/npy/Skater_A/Axel\Axel_10.npy,Skater_A,1.6540519,4.155199,13.017703
Axel_10.npy,160,D:/work/讨论/FS-Jump3D-main/FS-Jump3D-main/data/npy/Skater_A/Axel\Axel_10.npy,Skater_A,1.1829374,3.2905715,13.078156
Axel_10.npy,161,D:/work/讨论/FS-Jump3D-main/FS-Jump3D-main/data/npy/Skater_A/Axel\Axel_10.npy,Skater_A,-0.032746337,2.1740954,12.957555
Axel_10.npy,162,D:/work/讨论/FS-Jump3D-main/FS-Jump3D-main/data/npy/Skater_A/Axel\Axel_10.npy,Skater_A,-0.8851383,1.3219863,13.320993
Axel_10.npy,163,D:/work/讨论/FS-Jump3D-main/FS-Jump3D-main/data/npy/Skater_A/Axel\Axel_10.npy,Skater_A,-1.2771051,0.66127354,13.865484
Axel_10.npy,164,D:/work/讨论/FS-Jump3D-main/FS-Jump3D-main/data/npy/Skater_A/Axel\Axel_10.npy,Skater_A,-1.4546716,0.045171436,14.407199
Axel_10.npy,165,D:/work/讨论/FS-Jump3D-main/FS-Jump3D-main/data/npy/Skater_A/Axel\Axel_10.npy,Skater_A,-1.5477281,-0.5376111,14.908068
Axel_10.npy,166,D:/work/讨论/FS-Jump3D-main/FS-Jump3D-main/data/npy/Skater_A/Axel\Axel_10.npy,Skater_A,-1.5609789,-1.1266266,15.287562
Axel_10.npy,167,D:/work/讨论/FS-Jump3D-main/FS-Jump3D-main/data/npy/Skater_A/Axel\Axel_10.npy,Skater_A,-1.4680314,-1.7741078,15.412333
Axel_10.npy,168,D:/work/讨论/FS-Jump3D-main/FS-Jump3D-main/data/npy/Skater_A/Axel\Axel_10.npy,Skater_A,-1.3706048,-2.7096603,15.291051
Axel_10.npy,169,D:/work/讨论/FS-Jump3D-main/FS-Jump3D-main/data/npy/Skater_A/Axel\Axel_10.npy,Skater_A,-1.2402685,-3.5970504,15.165871
Axel_10.npy,170,D:/work/讨论/FS-Jump3D-main/FS-Jump3D-main/data/npy/Skater_A/Axel\Axel_10.npy,Skater_A,-1.0134282,-4.435264,14.983839
Axel_10.npy,171,D:/work/讨论/FS-Jump3D-main/FS-Jump3D-main/data/npy/Skater_A/Axel\Axel_10.npy,Skater_A,-0.80154115,-5.225648,14.6754265
Axel_10.npy,172,D:/work/讨论/FS-Jump3D-main/FS-Jump3D-main/data/npy/Skater_A/Axel\Axel_10.npy,Skater_A,-0.6447985,-5.885323,14.349628
Axel_10.npy,173,D:/work/讨论/FS-Jump3D-main/FS-Jump3D-main/data/npy/Skater_A/Axel\Axel_10.npy,Skater_A,-0.34752667,-6.590518,13.896399
Axel_10.npy,174,D:/work/讨论/FS-Jump3D-main/FS-Jump3D-main/data/npy/Skater_A/Axel\Axel_10.npy,Skater_A,-0.0930785,-7.2784047,13.3701315
Axel_10.npy,175,D:/work/讨论/FS-Jump3D-main/FS-Jump3D-main/data/npy/Skater_A/Axel\Axel_10.npy,Skater_A,0.16739401,-7.8669076,12.805707
Axel_10.npy,176,D:/work/讨论/FS-Jump3D-main/FS-Jump3D-main/data/npy/Skater_A/Axel\Axel_10.npy,Skater_A,0.43366823,-8.373623,12.226061
Axel_10.npy,177,D:/work/讨论/FS-Jump3D-main/FS-Jump3D-main/data/npy/Skater_A/Axel\Axel_10.npy,Skater_A,0.62731266,-8.798454,11.658893
Axel_10.npy,178,D:/work/讨论/FS-Jump3D-main/FS-Jump3D-main/data/npy/Skater_A/Axel\Axel_10.npy,Skater_A,0.7729894,-9.144647,11.092039
Axel_10.npy,179,D:/work/讨论/FS-Jump3D-main/FS-Jump3D-main/data/npy/Skater_A/Axel\Axel_10.npy,Skater_A,0.9178957,-9.551342,10.4197855
Axel_10.npy,180,D:/work/讨论/FS-Jump3D-main/FS-Jump3D-main/data/npy/Skater_A/Axel\Axel_10.npy,Skater_A,1.1030929,-9.911134,9.705205
Axel_10.npy,181,D:/work/讨论/FS-Jump3D-main/FS-Jump3D-main/data/npy/Skater_A/Axel\Axel_10.npy,Skater_A,1.3427628,-10.171957,8.985505
Axel_10.npy,182,D:/work/讨论/FS-Jump3D-main/FS-Jump3D-main/data/npy/Skater_A/Axel\Axel_10.npy,Skater_A,1.6450056,-10.349008,8.228742
Axel_10.npy,183,D:/work/讨论/FS-Jump3D-main/FS-Jump3D-main/data/npy/Skater_A/Axel\Axel_10.npy,Skater_A,1.9599817,-10.365133,7.5765963
Axel_10.npy,184,D:/work/讨论/FS-Jump3D-main/FS-Jump3D-main/data/npy/Skater_A/Axel\Axel_10.npy,Skater_A,2.2433043,-10.189934,7.0517735
Axel_10.npy,185,D:/work/讨论/FS-Jump3D-main/FS-Jump3D-main/data/npy/Skater_A/Axel\Axel_10.npy,Skater_A,2.5895,-9.9609585,6.566216
Axel_10.npy,186,D:/work/讨论/FS-Jump3D-main/FS-Jump3D-main/data/npy/Skater_A/Axel\Axel_10.npy,Skater_A,3.021004,-9.773477,6.0190415
Axel_10.npy,187,D:/work/讨论/FS-Jump3D-main/FS-Jump3D-main/data/npy/Skater_A/Axel\Axel_10.npy,Skater_A,3.4745028,-9.413453,5.512037
Axel_10.npy,188,D:/work/讨论/FS-Jump3D-main/FS-Jump3D-main/data/npy/Skater_A/Axel\Axel_10.npy,Skater_A,3.8161302,-8.883136,5.286898
Axel_10.npy,189,D:/work/讨论/FS-Jump3D-main/FS-Jump3D-main/data/npy/Skater_A/Axel\Axel_10.npy,Skater_A,4.0772624,-8.418089,5.1714306
Axel_10.npy,190,D:/work/讨论/FS-Jump3D-main/FS-Jump3D-main/data/npy/Skater_A/Axel\Axel_10.npy,Skater_A,4.37393,-8.023282,5.0514765
Axel_10.npy,191,D:/work/讨论/FS-Jump3D-main/FS-Jump3D-main/data/npy/Skater_A/Axel\Axel_10.npy,Skater_A,4.7822213,-7.5106215,4.9468665
Axel_10.npy,192,D:/work/讨论/FS-Jump3D-main/FS-Jump3D-main/data/npy/Skater_A/Axel\Axel_10.npy,Skater_A,5.1940336,-7.040204,4.881293
Axel_10.npy,193,D:/work/讨论/FS-Jump3D-main/FS-Jump3D-main/data/npy/Skater_A/Axel\Axel_10.npy,Skater_A,5.5423913,-6.7341213,4.8624005
Axel_10.npy,194,D:/work/讨论/FS-Jump3D-main/FS-Jump3D-main/data/npy/Skater_A/Axel\Axel_10.npy,Skater_A,5.8808045,-6.444132,4.8832097
Axel_10.npy,195,D:/work/讨论/FS-Jump3D-main/FS-Jump3D-main/data/npy/Skater_A/Axel\Axel_10.npy,Skater_A,6.187475,-6.073126,4.920227
Axel_10.npy,196,D:/work/讨论/FS-Jump3D-main/FS-Jump3D-main/data/npy/Skater_A/Axel\Axel_10.npy,Skater_A,6.476247,-5.7099223,4.959298
Axel_10.npy,197,D:/work/讨论/FS-Jump3D-main/FS-Jump3D-main/data/npy/Skater_A/Axel\Axel_10.npy,Skater_A,6.7015996,-5.3428516,5.0043397
Axel_10.npy,198,D:/work/讨论/FS-Jump3D-main/FS-Jump3D-main/data/npy/Skater_A/Axel\Axel_10.npy,Skater_A,6.857877,-4.980969,5.0266757
Axel_10.npy,199,D:/work/讨论/FS-Jump3D-main/FS-Jump3D-main/data/npy/Skater_A/Axel\Axel_10.npy,Skater_A,6.9544964,-4.7066183,5.0171933
Axel_10.npy,200,D:/work/讨论/FS-Jump3D-main/FS-Jump3D-main/data/npy/Skater_A/Axel\Axel_10.npy,Skater_A,7.012538,-4.5504236,4.99408
Axel_10.npy,201,D:/work/讨论/FS-Jump3D-main/FS-Jump3D-main/data/npy/Skater_A/Axel\Axel_10.npy,Skater_A,7.1111336,-4.4037046,4.933158
Axel_10.npy,202,D:/work/讨论/FS-Jump3D-main/FS-Jump3D-main/data/npy/Skater_A/Axel\Axel_10.npy,Skater_A,7.3862705,-3.969349,4.700761
Axel_10.npy,203,D:/work/讨论/FS-Jump3D-main/FS-Jump3D-main/data/npy/Skater_A/Axel\Axel_10.npy,Skater_A,7.5939136,-3.5625956,4.4604893
Axel_10.npy,204,D:/work/讨论/FS-Jump3D-main/FS-Jump3D-main/data/npy/Skater_A/Axel\Axel_10.npy,Skater_A,7.598086,-3.4274838,4.397508
Axel_10.npy,205,D:/work/讨论/FS-Jump3D-main/FS-Jump3D-main/data/npy/Skater_A/Axel\Axel_10.npy,Skater_A,7.6732736,-3.149952,4.2195134
Axel_10.npy,206,D:/work/讨论/FS-Jump3D-main/FS-Jump3D-main/data/npy/Skater_A/Axel\Axel_10.npy,Skater_A,7.9550323,-2.332392,3.637177
Axel_10.npy,207,D:/work/讨论/FS-Jump3D-main/FS-Jump3D-main/data/npy/Skater_A/Axel\Axel_10.npy,Skater_A,8.376313,-1.543775,3.2595613
Axel_10.npy,208,D:/work/讨论/FS-Jump3D-main/FS-Jump3D-main/data/npy/Skater_A/Axel\Axel_10.npy,Skater_A,8.58285,-1.2477696,3.1444392
Axel_10.npy,209,D:/work/讨论/FS-Jump3D-main/FS-Jump3D-main/data/npy/Skater_A/Axel\Axel_10.npy,Skater_A,8.571849,-1.1463614,3.136687
Axel_10.npy,210,D:/work/讨论/FS-Jump3D-main/FS-Jump3D-main/data/npy/Skater_A/Axel\Axel_10.npy,Skater_A,8.619364,-1.0004286,3.107869
Axel_10.npy,211,D:/work/讨论/FS-Jump3D-main/FS-Jump3D-main/data/npy/Skater_A/Axel\Axel_10.npy,Skater_A,9.091053,-0.5287526,2.9295714
Axel_10.npy,212,D:/work/讨论/FS-Jump3D-main/FS-Jump3D-main/data/npy/Skater_A/Axel\Axel_10.npy,Skater_A,9.457958,-0.19123515,2.8001885
Axel_10.npy,213,D:/work/讨论/FS-Jump3D-main/FS-Jump3D-main/data/npy/Skater_A/Axel\Axel_10.npy,Skater_A,9.486414,-0.024012832,2.8482857
Axel_10.npy,214,D:/work/讨论/FS-Jump3D-main/FS-Jump3D-main/data/npy/Skater_A/Axel\Axel_10.npy,Skater_A,9.562416,0.13258462,2.8623486
Axel_10.npy,215,D:/work/讨论/FS-Jump3D-main/FS-Jump3D-main/data/npy/Skater_A/Axel\Axel_10.npy,Skater_A,9.648255,0.29116687,2.8467884
Axel_10.npy,216,D:/work/讨论/FS-Jump3D-main/FS-Jump3D-main/data/npy/Skater_A/Axel\Axel_10.npy,Skater_A,9.564251,0.4987201,2.8888247
Axel_10.npy,217,D:/work/讨论/FS-Jump3D-main/FS-Jump3D-main/data/npy/Skater_A/Axel\Axel_10.npy,Skater_A,9.488056,0.7438849,2.909297
Axel_10.npy,218,D:/work/讨论/FS-Jump3D-main/FS-Jump3D-main/data/npy/Skater_A/Axel\Axel_10.npy,Skater_A,9.560863,1.0268103,2.8709123
Axel_10.npy,219,D:/work/讨论/FS-Jump3D-main/FS-Jump3D-main/data/npy/Skater_A/Axel\Axel_10.npy,Skater_A,9.556765,1.3739944,2.876437
Axel_10.npy,220,D:/work/讨论/FS-Jump3D-main/FS-Jump3D-main/data/npy/Skater_A/Axel\Axel_10.npy,Skater_A,9.44095,1.656168,2.92397
Axel_10.npy,221,D:/work/讨论/FS-Jump3D-main/FS-Jump3D-main/data/npy/Skater_A/Axel\Axel_10.npy,Skater_A,9.390532,1.8806593,2.9120758
Axel_10.npy,222,D:/work/讨论/FS-Jump3D-main/FS-Jump3D-main/data/npy/Skater_A/Axel\Axel_10.npy,Skater_A,9.391491,2.1501148,2.846726
Axel_10.npy,223,D:/work/讨论/FS-Jump3D-main/FS-Jump3D-main/data/npy/Skater_A/Axel\Axel_10.npy,Skater_A,9.353193,2.4827318,2.7627861
Axel_10.npy,224,D:/work/讨论/FS-Jump3D-main/FS-Jump3D-main/data/npy/Skater_A/Axel\Axel_10.npy,Skater_A,9.349829,2.7143984,2.687091
Axel_10.npy,225,D:/work/讨论/FS-Jump3D-main/FS-Jump3D-main/data/npy/Skater_A/Axel\Axel_10.npy,Skater_A,9.387768,2.9301035,2.5775824
Axel_10.npy,226,D:/work/讨论/FS-Jump3D-main/FS-Jump3D-main/data/npy/Skater_A/Axel\Axel_10.npy,Skater_A,9.448589,3.1764836,2.416246
Axel_10.npy,227,D:/work/讨论/FS-Jump3D-main/FS-Jump3D-main/data/npy/Skater_A/Axel\Axel_10.npy,Skater_A,9.59043,3.4809928,2.1170442
Axel_10.npy,228,D:/work/讨论/FS-Jump3D-main/FS-Jump3D-main/data/npy/Skater_A/Axel\Axel_10.npy,Skater_A,9.8411875,3.787727,1.6855074
Axel_10.npy,229,D:/work/讨论/FS-Jump3D-main/FS-Jump3D-main/data/npy/Skater_A/Axel\Axel_10.npy,Skater_A,10.14385,4.054109,1.184942
Axel_10.npy,230,D:/work/讨论/FS-Jump3D-main/FS-Jump3D-main/data/npy/Skater_A/Axel\Axel_10.npy,Skater_A,10.369164,4.293414,0.71881235
Axel_10.npy,231,D:/work/讨论/FS-Jump3D-main/FS-Jump3D-main/data/npy/Skater_A/Axel\Axel_10.npy,Skater_A,10.426634,4.4798493,0.40712005
Axel_10.npy,232,D:/work/讨论/FS-Jump3D-main/FS-Jump3D-main/data/npy/Skater_A/Axel\Axel_10.npy,Skater_A,10.380992,4.6789284,0.15712176
Axel_10.npy,233,D:/work/讨论/FS-Jump3D-main/FS-Jump3D-main/data/npy/Skater_A/Axel\Axel_10.npy,Skater_A,10.257275,4.9121904,-0.118818454
Axel_10.npy,234,D:/work/讨论/FS-Jump3D-main/FS-Jump3D-main/data/npy/Skater_A/Axel\Axel_10.npy,Skater_A,10.074799,5.168056,-0.36509225
Axel_10.npy,235,D:/work/讨论/FS-Jump3D-main/FS-Jump3D-main/data/npy/Skater_A/Axel\Axel_10.npy,Skater_A,9.867988,5.430875,-0.53726816
Axel_10.npy,236,D:/work/讨论/FS-Jump3D-main/FS-Jump3D-main/data/npy/Skater_A/Axel\Axel_10.npy,Skater_A,9.644108,5.7071376,-0.6804355
Axel_10.npy,237,D:/work/讨论/FS-Jump3D-main/FS-Jump3D-main/data/npy/Skater_A/Axel\Axel_10.npy,Skater_A,9.389025,6.010845,-0.8308925
Axel_10.npy,238,D:/work/讨论/FS-Jump3D-main/FS-Jump3D-main/data/npy/Skater_A/Axel\Axel_10.npy,Skater_A,9.135247,6.296439,-0.9474447
Axel_10.npy,239,D:/work/讨论/FS-Jump3D-main/FS-Jump3D-main/data/npy/Skater_A/Axel\Axel_10.npy,Skater_A,8.907316,6.5249014,-1.0159649
Axel_10.npy,240,D:/work/讨论/FS-Jump3D-main/FS-Jump3D-main/data/npy/Skater_A/Axel\Axel_10.npy,Skater_A,8.666185,6.7394786,-1.0696008
Axel_10.npy,241,D:/work/讨论/FS-Jump3D-main/FS-Jump3D-main/data/npy/Skater_A/Axel\Axel_10.npy,Skater_A,8.404769,6.938325,-1.1173522
Axel_10.npy,242,D:/work/讨论/FS-Jump3D-main/FS-Jump3D-main/data/npy/Skater_A/Axel\Axel_10.npy,Skater_A,8.102204,7.1509714,-1.1660377
Axel_10.npy,243,D:/work/讨论/FS-Jump3D-main/FS-Jump3D-main/data/npy/Skater_A/Axel\Axel_10.npy,Skater_A,7.7098947,7.4490533,-1.2613195
Axel_10.npy,244,D:/work/讨论/FS-Jump3D-main/FS-Jump3D-main/data/npy/Skater_A/Axel\Axel_10.npy,Skater_A,7.282122,7.772438,-1.3752326
Axel_10.npy,245,D:/work/讨论/FS-Jump3D-main/FS-Jump3D-main/data/npy/Skater_A/Axel\Axel_10.npy,Skater_A,6.8987813,8.0425825,-1.4592977
Axel_10.npy,246,D:/work/讨论/FS-Jump3D-main/FS-Jump3D-main/data/npy/Skater_A/Axel\Axel_10.npy,Skater_A,6.5448084,8.2806,-1.515807
Axel_10.npy,247,D:/work/讨论/FS-Jump3D-main/FS-Jump3D-main/data/npy/Skater_A/Axel\Axel_10.npy,Skater_A,6.2092795,8.488368,-1.5537151
Axel_10.npy,248,D:/work/讨论/FS-Jump3D-main/FS-Jump3D-main/data/npy/Skater_A/Axel\Axel_10.npy,Skater_A,5.863196,8.718673,-1.6166724
Axel_10.npy,249,D:/work/讨论/FS-Jump3D-main/FS-Jump3D-main/data/npy/Skater_A/Axel\Axel_10.npy,Skater_A,5.501922,8.988793,-1.7073568
Axel_10.npy,250,D:/work/讨论/FS-Jump3D-main/FS-Jump3D-main/data/npy/Skater_A/Axel\Axel_10.npy,Skater_A,5.174971,9.228313,-1.7756802
Axel_10.npy,251,D:/work/讨论/FS-Jump3D-main/FS-Jump3D-main/data/npy/Skater_A/Axel\Axel_10.npy,Skater_A,4.8654475,9.449154,-1.8174382
Axel_10.npy,252,D:/work/讨论/FS-Jump3D-main/FS-Jump3D-main/data/npy/Skater_A/Axel\Axel_10.npy,Skater_A,4.519445,9.688961,-1.8363788
Axel_10.npy,253,D:/work/讨论/FS-Jump3D-main/FS-Jump3D-main/data/npy/Skater_A/Axel\Axel_10.npy,Skater_A,4.1715426,9.905251,-1.8134612
Axel_10.npy,254,D:/work/讨论/FS-Jump3D-main/FS-Jump3D-main/data/npy/Skater_A/Axel\Axel_10.npy,Skater_A,3.846436,10.077244,-1.7430961
Axel_10.npy,255,D:/work/讨论/FS-Jump3D-main/FS-Jump3D-main/data/npy/Skater_A/Axel\Axel_10.npy,Skater_A,3.5016515,10.24431,-1.6457486
Axel_10.npy,256,D:/work/讨论/FS-Jump3D-main/FS-Jump3D-main/data/npy/Skater_A/Axel\Axel_10.npy,Skater_A,3.1490982,10.437595,-1.5397955
Axel_10.npy,257,D:/work/讨论/FS-Jump3D-main/FS-Jump3D-main/data/npy/Skater_A/Axel\Axel_10.npy,Skater_A,2.8736174,10.601341,-1.414201
Axel_10.npy,258,D:/work/讨论/FS-Jump3D-main/FS-Jump3D-main/data/npy/Skater_A/Axel\Axel_10.npy,Skater_A,2.6422687,10.721954,-1.230296
Axel_10.npy,259,D:/work/讨论/FS-Jump3D-main/FS-Jump3D-main/data/npy/Skater_A/Axel\Axel_10.npy,Skater_A,2.3977346,10.828367,-1.0629445
Axel_10.npy,260,D:/work/讨论/FS-Jump3D-main/FS-Jump3D-main/data/npy/Skater_A/Axel\Axel_10.npy,Skater_A,2.1617336,10.917773,-0.96313965
Axel_10.npy,261,D:/work/讨论/FS-Jump3D-main/FS-Jump3D-main/data/npy/Skater_A/Axel\Axel_10.npy,Skater_A,1.9636761,11.0057335,-0.815953
Axel_10.npy,262,D:/work/讨论/FS-Jump3D-main/FS-Jump3D-main/data/npy/Skater_A/Axel\Axel_10.npy,Skater_A,1.7591879,11.118326,-0.6293663
Axel_10.npy,263,D:/work/讨论/FS-Jump3D-main/FS-Jump3D-main/data/npy/Skater_A/Axel\Axel_10.npy,Skater_A,1.5177809,11.249257,-0.50553685
Axel_10.npy,264,D:/work/讨论/FS-Jump3D-main/FS-Jump3D-main/data/npy/Skater_A/Axel\Axel_10.npy,Skater_A,1.2878884,11.358557,-0.43066716
Axel_10.npy,265,D:/work/讨论/FS-Jump3D-main/FS-Jump3D-main/data/npy/Skater_A/Axel\Axel_10.npy,Skater_A,1.1056584,11.435161,-0.36766425
Axel_10.npy,266,D:/work/讨论/FS-Jump3D-main/FS-Jump3D-main/data/npy/Skater_A/Axel\Axel_10.npy,Skater_A,0.9371649,11.503758,-0.31596145
Axel_10.npy,267,D:/work/讨论/FS-Jump3D-main/FS-Jump3D-main/data/npy/Skater_A/Axel\Axel_10.npy,Skater_A,0.7754747,11.56806,-0.2756339
Axel_10.npy,268,D:/work/讨论/FS-Jump3D-main/FS-Jump3D-main/data/npy/Skater_A/Axel\Axel_10.npy,Skater_A,0.6417917,11.618792,-0.23082471
Axel_10.npy,269,D:/work/讨论/FS-Jump3D-main/FS-Jump3D-main/data/npy/Skater_A/Axel\Axel_10.npy,Skater_A,0.52262574,11.65539,-0.20293485
Axel_10.npy,270,D:/work/讨论/FS-Jump3D-main/FS-Jump3D-main/data/npy/Skater_A/Axel\Axel_10.npy,Skater_A,0.40509978,11.69334,-0.17708944
Axel_10.npy,271,D:/work/讨论/FS-Jump3D-main/FS-Jump3D-main/data/npy/Skater_A/Axel\Axel_10.npy,Skater_A,0.30688164,11.737436,-0.121316604
Axel_10.npy,272,D:/work/讨论/FS-Jump3D-main/FS-Jump3D-main/data/npy/Skater_A/Axel\Axel_10.npy,Skater_A,0.17915206,11.78688,-0.074336655
Axel_10.npy,273,D:/work/讨论/FS-Jump3D-main/FS-Jump3D-main/data/npy/Skater_A/Axel\Axel_10.npy,Skater_A,-0.019497395,11.839228,-0.06862205
Axel_10.npy,274,D:/work/讨论/FS-Jump3D-main/FS-Jump3D-main/data/npy/Skater_A/Axel\Axel_10.npy,Skater_A,-0.07724982,11.855801,-0.08188771
Axel_2.npy,0,D:/work/讨论/FS-Jump3D-main/FS-Jump3D-main/data/npy/Skater_A/Axel\Axel_2.npy,Skater_A,3.0308778,9.850657,-13.357812
Axel_2.npy,1,D:/work/讨论/FS-Jump3D-main/FS-Jump3D-main/data/npy/Skater_A/Axel\Axel_2.npy,Skater_A,3.2825518,9.468092,-13.415549
Axel_2.npy,2,D:/work/讨论/FS-Jump3D-main/FS-Jump3D-main/data/npy/Skater_A/Axel\Axel_2.npy,Skater_A,3.2645853,9.082704,-13.537652
Axel_2.npy,3,D:/work/讨论/FS-Jump3D-main/FS-Jump3D-main/data/npy/Skater_A/Axel\Axel_2.npy,Skater_A,3.525273,8.304925,-13.63119
Axel_2.npy,4,D:/work/讨论/FS-Jump3D-main/FS-Jump3D-main/data/npy/Skater_A/Axel\Axel_2.npy,Skater_A,3.6084158,7.3984118,-13.868723
Axel_2.npy,5,D:/work/讨论/FS-Jump3D-main/FS-Jump3D-main/data/npy/Skater_A/Axel\Axel_2.npy,Skater_A,4.0275,6.470954,-14.110441
Axel_2.npy,6,D:/work/讨论/FS-Jump3D-main/FS-Jump3D-main/data/npy/Skater_A/Axel\Axel_2.npy,Skater_A,4.4222207,5.888555,-14.2488785
Axel_2.npy,7,D:/work/讨论/FS-Jump3D-main/FS-Jump3D-main/data/npy/Skater_A/Axel\Axel_2.npy,Skater_A,4.4485407,5.5640984,-14.217618
Axel_2.npy,8,D:/work/讨论/FS-Jump3D-main/FS-Jump3D-main/data/npy/Skater_A/Axel\Axel_2.npy,Skater_A,4.450757,5.1752806,-14.194157
Axel_2.npy,9,D:/work/讨论/FS-Jump3D-main/FS-Jump3D-main/data/npy/Skater_A/Axel\Axel_2.npy,Skater_A,4.6044364,4.4337606,-14.385011
Axel_2.npy,10,D:/work/讨论/FS-Jump3D-main/FS-Jump3D-main/data/npy/Skater_A/Axel\Axel_2.npy,Skater_A,4.680116,3.4407885,-14.636121
Axel_2.npy,11,D:/work/讨论/FS-Jump3D-main/FS-Jump3D-main/data/npy/Skater_A/Axel\Axel_2.npy,Skater_A,4.591933,3.11639,-14.623547
Axel_2.npy,12,D:/work/讨论/FS-Jump3D-main/FS-Jump3D-main/data/npy/Skater_A/Axel\Axel_2.npy,Skater_A,4.4442806,2.586223,-14.306213
Axel_2.npy,13,D:/work/讨论/FS-Jump3D-main/FS-Jump3D-main/data/npy/Skater_A/Axel\Axel_2.npy,Skater_A,4.247274,1.9562182,-14.067142
Axel_2.npy,14,D:/work/讨论/FS-Jump3D-main/FS-Jump3D-main/data/npy/Skater_A/Axel\Axel_2.npy,Skater_A,4.015095,1.477535,-14.010559
Axel_2.npy,15,D:/work/讨论/FS-Jump3D-main/FS-Jump3D-main/data/npy/Skater_A/Axel\Axel_2.npy,Skater_A,3.717879,0.9063142,-13.79097
Axel_2.npy,16,D:/work/讨论/FS-Jump3D-main/FS-Jump3D-main/data/npy/Skater_A/Axel\Axel_2.npy,Skater_A,3.3241684,0.33578715,-13.604607
Axel_2.npy,17,D:/work/讨论/FS-Jump3D-main/FS-Jump3D-main/data/npy/Skater_A/Axel\Axel_2.npy,Skater_A,2.838438,-0.21100692,-13.507899
Axel_2.npy,18,D:/work/讨论/FS-Jump3D-main/FS-Jump3D-main/data/npy/Skater_A/Axel\Axel_2.npy,Skater_A,2.4808218,-0.56321967,-13.445505
Axel_2.npy,19,D:/work/讨论/FS-Jump3D-main/FS-Jump3D-main/data/npy/Skater_A/Axel\Axel_2.npy,Skater_A,2.1854608,-0.70410824,-13.472212
Axel_2.npy,20,D:/work/讨论/FS-Jump3D-main/FS-Jump3D-main/data/npy/Skater_A/Axel\Axel_2.npy,Skater_A,1.900622,-0.7883813,-13.56469
Axel_2.npy,21,D:/work/讨论/FS-Jump3D-main/FS-Jump3D-main/data/npy/Skater_A/Axel\Axel_2.npy,Skater_A,1.6206203,-0.9590642,-13.600172
Axel_2.npy,22,D:/work/讨论/FS-Jump3D-main/FS-Jump3D-main/data/npy/Skater_A/Axel\Axel_2.npy,Skater_A,1.1772089,-1.2483313,-13.60318
Axel_2.npy,23,D:/work/讨论/FS-Jump3D-main/FS-Jump3D-main/data/npy/Skater_A/Axel\Axel_2.npy,Skater_A,0.5914987,-1.6100826,-13.562585
Axel_2.npy,24,D:/work/讨论/FS-Jump3D-main/FS-Jump3D-main/data/npy/Skater_A/Axel\Axel_2.npy,Skater_A,0.12548873,-1.7799988,-13.465236
Axel_2.npy,25,D:/work/讨论/FS-Jump3D-main/FS-Jump3D-main/data/npy/Skater_A/Axel\Axel_2.npy,Skater_A,-0.1991082,-1.7224538,-13.443126
Axel_2.npy,26,D:/work/讨论/FS-Jump3D-main/FS-Jump3D-main/data/npy/Skater_A/Axel\Axel_2.npy,Skater_A,-0.4030512,-1.7215564,-13.414947
Axel_2.npy,27,D:/work/讨论/FS-Jump3D-main/FS-Jump3D-main/data/npy/Skater_A/Axel\Axel_2.npy,Skater_A,-0.57585454,-1.9018712,-13.228525
Axel_2.npy,28,D:/work/讨论/FS-Jump3D-main/FS-Jump3D-main/data/npy/Skater_A/Axel\Axel_2.npy,Skater_A,-0.780259,-2.237924,-12.871913
Axel_2.npy,29,D:/work/讨论/FS-Jump3D-main/FS-Jump3D-main/data/npy/Skater_A/Axel\Axel_2.npy,Skater_A,-0.98674107,-2.8492477,-12.385888
Axel_2.npy,30,D:/work/讨论/FS-Jump3D-main/FS-Jump3D-main/data/npy/Skater_A/Axel\Axel_2.npy,Skater_A,-1.2216886,-3.3416693,-11.995
Axel_2.npy,31,D:/work/讨论/FS-Jump3D-main/FS-Jump3D-main/data/npy/Skater_A/Axel\Axel_2.npy,Skater_A,-1.5687627,-3.4639797,-11.723244
Axel_2.npy,32,D:/work/讨论/FS-Jump3D-main/FS-Jump3D-main/data/npy/Skater_A/Axel\Axel_2.npy,Skater_A,-1.8751345,-3.4184508,-11.54382
Axel_2.npy,33,D:/work/讨论/FS-Jump3D-main/FS-Jump3D-main/data/npy/Skater_A/Axel\Axel_2.npy,Skater_A,-2.002525,-3.5230744,-11.474891
Axel_2.npy,34,D:/work/讨论/FS-Jump3D-main/FS-Jump3D-main/data/npy/Skater_A/Axel\Axel_2.npy,Skater_A,-2.2137272,-4.127189,-11.350494
Axel_2.npy,35,D:/work/讨论/FS-Jump3D-main/FS-Jump3D-main/data/npy/Skater_A/Axel\Axel_2.npy,Skater_A,-2.6364274,-4.632075,-11.160955
Axel_2.npy,36,D:/work/讨论/FS-Jump3D-main/FS-Jump3D-main/data/npy/Skater_A/Axel\Axel_2.npy,Skater_A,-2.9835734,-4.83967,-10.952638
Axel_2.npy,37,D:/work/讨论/FS-Jump3D-main/FS-Jump3D-main/data/npy/Skater_A/Axel\Axel_2.npy,Skater_A,-3.2106445,-4.937104,-10.80599
Axel_2.npy,38,D:/work/讨论/FS-Jump3D-main/FS-Jump3D-main/data/npy/Skater_A/Axel\Axel_2.npy,Skater_A,-3.6509087,-5.1571636,-10.633333
Axel_2.npy,39,D:/work/讨论/FS-Jump3D-main/FS-Jump3D-main/data/npy/Skater_A/Axel\Axel_2.npy,Skater_A,-4.1340823,-5.3319197,-10.365476
Axel_2.npy,40,D:/work/讨论/FS-Jump3D-main/FS-Jump3D-main/data/npy/Skater_A/Axel\Axel_2.npy,Skater_A,-4.4165382,-5.263616,-9.954862
Axel_2.npy,41,D:/work/讨论/FS-Jump3D-main/FS-Jump3D-main/data/npy/Skater_A/Axel\Axel_2.npy,Skater_A,-4.63351,-5.1459613,-9.53008
Axel_2.npy,42,D:/work/讨论/FS-Jump3D-main/FS-Jump3D-main/data/npy/Skater_A/Axel\Axel_2.npy,Skater_A,-4.865494,-5.2234654,-9.192463
Axel_2.npy,43,D:/work/讨论/FS-Jump3D-main/FS-Jump3D-main/data/npy/Skater_A/Axel\Axel_2.npy,Skater_A,-5.2946596,-5.5523844,-8.767803
Axel_2.npy,44,D:/work/讨论/FS-Jump3D-main/FS-Jump3D-main/data/npy/Skater_A/Axel\Axel_2.npy,Skater_A,-5.70083,-5.931897,-8.39842
Axel_2.npy,45,D:/work/讨论/FS-Jump3D-main/FS-Jump3D-main/data/npy/Skater_A/Axel\Axel_2.npy,Skater_A,-5.9425573,-6.200732,-8.046351
Axel_2.npy,46,D:/work/讨论/FS-Jump3D-main/FS-Jump3D-main/data/npy/Skater_A/Axel\Axel_2.npy,Skater_A,-6.07722,-6.5383244,-7.559656
Axel_2.npy,47,D:/work/讨论/FS-Jump3D-main/FS-Jump3D-main/data/npy/Skater_A/Axel\Axel_2.npy,Skater_A,-6.1541786,-6.973104,-6.999157
Axel_2.npy,48,D:/work/讨论/FS-Jump3D-main/FS-Jump3D-main/data/npy/Skater_A/Axel\Axel_2.npy,Skater_A,-6.2736325,-7.4792876,-6.5059123
Axel_2.npy,49,D:/work/讨论/FS-Jump3D-main/FS-Jump3D-main/data/npy/Skater_A/Axel\Axel_2.npy,Skater_A,-6.3417177,-7.9394317,-6.1980085
Axel_2.npy,50,D:/work/讨论/FS-Jump3D-main/FS-Jump3D-main/data/npy/Skater_A/Axel\Axel_2.npy,Skater_A,-6.2217045,-8.625207,-5.9066668
Axel_2.npy,51,D:/work/讨论/FS-Jump3D-main/FS-Jump3D-main/data/npy/Skater_A/Axel\Axel_2.npy,Skater_A,-6.0458198,-9.463079,-5.6018066
Axel_2.npy,52,D:/work/讨论/FS-Jump3D-main/FS-Jump3D-main/data/npy/Skater_A/Axel\Axel_2.npy,Skater_A,-5.9054675,-9.887559,-5.2336326
Axel_2.npy,53,D:/work/讨论/FS-Jump3D-main/FS-Jump3D-main/data/npy/Skater_A/Axel\Axel_2.npy,Skater_A,-5.791028,-10.251118,-4.8283052
Axel_2.npy,54,D:/work/讨论/FS-Jump3D-main/FS-Jump3D-main/data/npy/Skater_A/Axel\Axel_2.npy,Skater_A,-5.7072716,-10.6975155,-4.463188
Axel_2.npy,55,D:/work/讨论/FS-Jump3D-main/FS-Jump3D-main/data/npy/Skater_A/Axel\Axel_2.npy,Skater_A,-5.516606,-11.058182,-4.267568
Axel_2.npy,56,D:/work/讨论/FS-Jump3D-main/FS-Jump3D-main/data/npy/Skater_A/Axel\Axel_2.npy,Skater_A,-5.061835,-11.325767,-4.2308173
Axel_2.npy,57,D:/work/讨论/FS-Jump3D-main/FS-Jump3D-main/data/npy/Skater_A/Axel\Axel_2.npy,Skater_A,-3.8086624,-11.423404,-4.3144603
Axel_2.npy,58,D:/work/讨论/FS-Jump3D-main/FS-Jump3D-main/data/npy/Skater_A/Axel\Axel_2.npy,Skater_A,-3.363155,-11.546575,-4.096036
Axel_2.npy,59,D:/work/讨论/FS-Jump3D-main/FS-Jump3D-main/data/npy/Skater_A/Axel\Axel_2.npy,Skater_A,-3.0410116,-11.909316,-3.799586
Axel_2.npy,60,D:/work/讨论/FS-Jump3D-main/FS-Jump3D-main/data/npy/Skater_A/Axel\Axel_2.npy,Skater_A,-2.7374675,-12.390751,-3.45338
Axel_2.npy,61,D:/work/讨论/FS-Jump3D-main/FS-Jump3D-main/data/npy/Skater_A/Axel\Axel_2.npy,Skater_A,-2.5527442,-12.7158785,-3.2223
Axel_2.npy,62,D:/work/讨论/FS-Jump3D-main/FS-Jump3D-main/data/npy/Skater_A/Axel\Axel_2.npy,Skater_A,-2.3731232,-13.026089,-3.0143213
Axel_2.npy,63,D:/work/讨论/FS-Jump3D-main/FS-Jump3D-main/data/npy/Skater_A/Axel\Axel_2.npy,Skater_A,-2.2004457,-13.305943,-2.7299895
Axel_2.npy,64,D:/work/讨论/FS-Jump3D-main/FS-Jump3D-main/data/npy/Skater_A/Axel\Axel_2.npy,Skater_A,-2.0630465,-13.503964,-2.422338
Axel_2.npy,65,D:/work/讨论/FS-Jump3D-main/FS-Jump3D-main/data/npy/Skater_A/Axel\Axel_2.npy,Skater_A,-2.1829736,-14.044796,-2.2465637
Axel_2.npy,66,D:/work/讨论/FS-Jump3D-main/FS-Jump3D-main/data/npy/Skater_A/Axel\Axel_2.npy,Skater_A,-2.5831723,-14.720401,-2.0440156
Axel_2.npy,67,D:/work/讨论/FS-Jump3D-main/FS-Jump3D-main/data/npy/Skater_A/Axel\Axel_2.npy,Skater_A,-2.8765013,-15.057818,-1.7301214
Axel_2.npy,68,D:/work/讨论/FS-Jump3D-main/FS-Jump3D-main/data/npy/Skater_A/Axel\Axel_2.npy,Skater_A,-3.3193073,-15.488478,-1.2611789
Axel_2.npy,69,D:/work/讨论/FS-Jump3D-main/FS-Jump3D-main/data/npy/Skater_A/Axel\Axel_2.npy,Skater_A,-3.9192278,-15.922734,-0.7950845
Axel_2.npy,70,D:/work/讨论/FS-Jump3D-main/FS-Jump3D-main/data/npy/Skater_A/Axel\Axel_2.npy,Skater_A,-3.8974178,-15.778588,-0.3372015
Axel_2.npy,71,D:/work/讨论/FS-Jump3D-main/FS-Jump3D-main/data/npy/Skater_A/Axel\Axel_2.npy,Skater_A,-3.5340629,-15.186873,0.4132407
Axel_2.npy,72,D:/work/讨论/FS-Jump3D-main/FS-Jump3D-main/data/npy/Skater_A/Axel\Axel_2.npy,Skater_A,-3.7848957,-15.278154,0.8646689
Axel_2.npy,73,D:/work/讨论/FS-Jump3D-main/FS-Jump3D-main/data/npy/Skater_A/Axel\Axel_2.npy,Skater_A,-4.776549,-15.845551,1.3530277
Axel_2.npy,74,D:/work/讨论/FS-Jump3D-main/FS-Jump3D-main/data/npy/Skater_A/Axel\Axel_2.npy,Skater_A,-5.217192,-15.827178,1.8914049
Axel_2.npy,75,D:/work/讨论/FS-Jump3D-main/FS-Jump3D-main/data/npy/Skater_A/Axel\Axel_2.npy,Skater_A,-5.43368,-15.460679,2.614495
Axel_2.npy,76,D:/work/讨论/FS-Jump3D-main/FS-Jump3D-main/data/npy/Skater_A/Axel\Axel_2.npy,Skater_A,-5.859514,-15.127888,3.3200467
Axel_2.npy,77,D:/work/讨论/FS-Jump3D-main/FS-Jump3D-main/data/npy/Skater_A/Axel\Axel_2.npy,Skater_A,-6.425713,-14.800066,3.9525995
Axel_2.npy,78,D:/work/讨论/FS-Jump3D-main/FS-Jump3D-main/data/npy/Skater_A/Axel\Axel_2.npy,Skater_A,-7.022573,-14.393998,4.5219646
Axel_2.npy,79,D:/work/讨论/FS-Jump3D-main/FS-Jump3D-main/data/npy/Skater_A/Axel\Axel_2.npy,Skater_A,-7.64366,-13.939584,4.9832287
Axel_2.npy,80,D:/work/讨论/FS-Jump3D-main/FS-Jump3D-main/data/npy/Skater_A/Axel\Axel_2.npy,Skater_A,-8.051814,-13.252755,5.6154475
Axel_2.npy,81,D:/work/讨论/FS-Jump3D-main/FS-Jump3D-main/data/npy/Skater_A/Axel\Axel_2.npy,Skater_A,-8.214563,-12.39414,6.3804975
Axel_2.npy,82,D:/work/讨论/FS-Jump3D-main/FS-Jump3D-main/data/npy/Skater_A/Axel\Axel_2.npy,Skater_A,-8.609484,-11.7273855,6.7928615
Axel_2.npy,83,D:/work/讨论/FS-Jump3D-main/FS-Jump3D-main/data/npy/Skater_A/Axel\Axel_2.npy,Skater_A,-9.233069,-11.161749,6.9786215
Axel_2.npy,84,D:/work/讨论/FS-Jump3D-main/FS-Jump3D-main/data/npy/Skater_A/Axel\Axel_2.npy,Skater_A,-9.633167,-10.428516,7.3154798
Axel_2.npy,85,D:/work/讨论/FS-Jump3D-main/FS-Jump3D-main/data/npy/Skater_A/Axel\Axel_2.npy,Skater_A,-9.858804,-9.609063,7.7142477
Axel_2.npy,86,D:/work/讨论/FS-Jump3D-main/FS-Jump3D-main/data/npy/Skater_A/Axel\Axel_2.npy,Skater_A,-10.234002,-8.877769,7.938221
Axel_2.npy,87,D:/work/讨论/FS-Jump3D-main/FS-Jump3D-main/data/npy/Skater_A/Axel\Axel_2.npy,Skater_A,-10.724644,-8.208522,8.056814
Axel_2.npy,88,D:/work/讨论/FS-Jump3D-main/FS-Jump3D-main/data/npy/Skater_A/Axel\Axel_2.npy,Skater_A,-11.107552,-7.536542,8.145461
Axel_2.npy,89,D:/work/讨论/FS-Jump3D-main/FS-Jump3D-main/data/npy/Skater_A/Axel\Axel_2.npy,Skater_A,-11.47531,-6.9656963,8.102689
Axel_2.npy,90,D:/work/讨论/FS-Jump3D-main/FS-Jump3D-main/data/npy/Skater_A/Axel\Axel_2.npy,Skater_A,-11.886647,-6.4281535,7.912406
Axel_2.npy,91,D:/work/讨论/FS-Jump3D-main/FS-Jump3D-main/data/npy/Skater_A/Axel\Axel_2.npy,Skater_A,-12.09487,-5.728839,7.822765
Axel_2.npy,92,D:/work/讨论/FS-Jump3D-main/FS-Jump3D-main/data/npy/Skater_A/Axel\Axel_2.npy,Skater_A,-12.079156,-4.9029317,7.809906
Axel_2.npy,93,D:/work/讨论/FS-Jump3D-main/FS-Jump3D-main/data/npy/Skater_A/Axel\Axel_2.npy,Skater_A,-12.174587,-4.137588,7.681138
Axel_2.npy,94,D:/work/讨论/FS-Jump3D-main/FS-Jump3D-main/data/npy/Skater_A/Axel\Axel_2.npy,Skater_A,-12.373382,-3.3037546,7.392548
Axel_2.npy,95,D:/work/讨论/FS-Jump3D-main/FS-Jump3D-main/data/npy/Skater_A/Axel\Axel_2.npy,Skater_A,-12.505256,-2.4024024,6.95558
Axel_2.npy,96,D:/work/讨论/FS-Jump3D-main/FS-Jump3D-main/data/npy/Skater_A/Axel\Axel_2.npy,Skater_A,-12.56432,-1.5743662,6.420127
Axel_2.npy,97,D:/work/讨论/FS-Jump3D-main/FS-Jump3D-main/data/npy/Skater_A/Axel\Axel_2.npy,Skater_A,-12.636882,-0.8469468,5.770299
Axel_2.npy,98,D:/work/讨论/FS-Jump3D-main/FS-Jump3D-main/data/npy/Skater_A/Axel\Axel_2.npy,Skater_A,-12.836448,-0.22047631,5.015253
Axel_2.npy,99,D:/work/讨论/FS-Jump3D-main/FS-Jump3D-main/data/npy/Skater_A/Axel\Axel_2.npy,Skater_A,-13.133216,0.36082184,4.156397
Axel_2.npy,100,D:/work/讨论/FS-Jump3D-main/FS-Jump3D-main/data/npy/Skater_A/Axel\Axel_2.npy,Skater_A,-13.378967,0.8830641,3.301204
Axel_2.npy,101,D:/work/讨论/FS-Jump3D-main/FS-Jump3D-main/data/npy/Skater_A/Axel\Axel_2.npy,Skater_A,-13.566725,1.3318421,2.4564977
Axel_2.npy,102,D:/work/讨论/FS-Jump3D-main/FS-Jump3D-main/data/npy/Skater_A/Axel\Axel_2.npy,Skater_A,-13.764794,1.7917217,1.5655916
Axel_2.npy,103,D:/work/讨论/FS-Jump3D-main/FS-Jump3D-main/data/npy/Skater_A/Axel\Axel_2.npy,Skater_A,-13.717134,2.3211296,0.4321467
Axel_2.npy,104,D:/work/讨论/FS-Jump3D-main/FS-Jump3D-main/data/npy/Skater_A/Axel\Axel_2.npy,Skater_A,-14.14592,2.971344,-0.4232323
Axel_2.npy,105,D:/work/讨论/FS-Jump3D-main/FS-Jump3D-main/data/npy/Skater_A/Axel\Axel_2.npy,Skater_A,-14.016538,3.610441,-0.7801649
Axel_2.npy,106,D:/work/讨论/FS-Jump3D-main/FS-Jump3D-main/data/npy/Skater_A/Axel\Axel_2.npy,Skater_A,-13.980028,4.3500686,-1.2777916
Axel_2.npy,107,D:/work/讨论/FS-Jump3D-main/FS-Jump3D-main/data/npy/Skater_A/Axel\Axel_2.npy,Skater_A,-14.254694,4.4675593,-2.0609694
Axel_2.npy,108,D:/work/讨论/FS-Jump3D-main/FS-Jump3D-main/data/npy/Skater_A/Axel\Axel_2.npy,Skater_A,-14.029092,5.574242,-1.8657122
Axel_2.npy,109,D:/work/讨论/FS-Jump3D-main/FS-Jump3D-main/data/npy/Skater_A/Axel\Axel_2.npy,Skater_A,-14.206236,6.231345,-2.2362237
Axel_2.npy,110,D:/work/讨论/FS-Jump3D-main/FS-Jump3D-main/data/npy/Skater_A/Axel\Axel_2.npy,Skater_A,-14.129175,7.296809,-2.1998475
Axel_2.npy,111,D:/work/讨论/FS-Jump3D-main/FS-Jump3D-main/data/npy/Skater_A/Axel\Axel_2.npy,Skater_A,-13.933639,8.515738,-2.1533089
Axel_2.npy,112,D:/work/讨论/FS-Jump3D-main/FS-Jump3D-main/data/npy/Skater_A/Axel\Axel_2.npy,Skater_A,-13.696228,9.544967,-1.8672909
Axel_2.npy,113,D:/work/讨论/FS-Jump3D-main/FS-Jump3D-main/data/npy/Skater_A/Axel\Axel_2.npy,Skater_A,-13.315316,10.501927,-1.4152937
Axel_2.npy,114,D:/work/讨论/FS-Jump3D-main/FS-Jump3D-main/data/npy/Skater_A/Axel\Axel_2.npy,Skater_A,-12.81868,11.266715,-0.80463576
Axel_2.npy,115,D:/work/讨论/FS-Jump3D-main/FS-Jump3D-main/data/npy/Skater_A/Axel\Axel_2.npy,Skater_A,-12.238131,11.854247,-0.09601625
Axel_2.npy,116,D:/work/讨论/FS-Jump3D-main/FS-Jump3D-main/data/npy/Skater_A/Axel\Axel_2.npy,Skater_A,-11.593759,12.20488,0.6954812
Axel_2.npy,117,D:/work/讨论/FS-Jump3D-main/FS-Jump3D-main/data/npy/Skater_A/Axel\Axel_2.npy,Skater_A,-10.918424,12.384416,1.4905164
Axel_2.npy,118,D:/work/讨论/FS-Jump3D-main/FS-Jump3D-main/data/npy/Skater_A/Axel\Axel_2.npy,Skater_A,-10.3336935,12.364278,2.2365289
Axel_2.npy,119,D:/work/讨论/FS-Jump3D-main/FS-Jump3D-main/data/npy/Skater_A/Axel\Axel_2.npy,Skater_A,-9.719319,12.198396,2.9765182
Axel_2.npy,120,D:/work/讨论/FS-Jump3D-main/FS-Jump3D-main/data/npy/Skater_A/Axel\Axel_2.npy,Skater_A,-9.066484,11.858063,3.7356045
Axel_2.npy,121,D:/work/讨论/FS-Jump3D-main/FS-Jump3D-main/data/npy/Skater_A/Axel\Axel_2.npy,Skater_A,-8.42362,11.444814,4.4496436
Axel_2.npy,122,D:/work/讨论/FS-Jump3D-main/FS-Jump3D-main/data/npy/Skater_A/Axel\Axel_2.npy,Skater_A,-7.848465,10.930238,5.0771995
Axel_2.npy,123,D:/work/讨论/FS-Jump3D-main/FS-Jump3D-main/data/npy/Skater_A/Axel\Axel_2.npy,Skater_A,-7.2494535,10.37287,5.7155337
Axel_2.npy,124,D:/work/讨论/FS-Jump3D-main/FS-Jump3D-main/data/npy/Skater_A/Axel\Axel_2.npy,Skater_A,-6.6553526,9.83471,6.293713
Axel_2.npy,125,D:/work/讨论/FS-Jump3D-main/FS-Jump3D-main/data/npy/Skater_A/Axel\Axel_2.npy,Skater_A,-6.0261984,9.316166,6.8510385
Axel_2.npy,126,D:/work/讨论/FS-Jump3D-main/FS-Jump3D-main/data/npy/Skater_A/Axel\Axel_2.npy,Skater_A,-5.1262884,8.720453,7.5702186
Axel_2.npy,127,D:/work/讨论/FS-Jump3D-main/FS-Jump3D-main/data/npy/Skater_A/Axel\Axel_2.npy,Skater_A,-4.052404,8.315878,8.348274
Axel_2.npy,128,D:/work/讨论/FS-Jump3D-main/FS-Jump3D-main/data/npy/Skater_A/Axel\Axel_2.npy,Skater_A,-3.0206869,8.269604,8.945634
Axel_2.npy,129,D:/work/讨论/FS-Jump3D-main/FS-Jump3D-main/data/npy/Skater_A/Axel\Axel_2.npy,Skater_A,-1.6173371,8.243963,9.622116
Axel_2.npy,130,D:/work/讨论/FS-Jump3D-main/FS-Jump3D-main/data/npy/Skater_A/Axel\Axel_2.npy,Skater_A,0.06617223,7.792431,10.146047
Axel_2.npy,131,D:/work/讨论/FS-Jump3D-main/FS-Jump3D-main/data/npy/Skater_A/Axel\Axel_2.npy,Skater_A,1.110425,7.049995,10.3942795
Axel_2.npy,132,D:/work/讨论/FS-Jump3D-main/FS-Jump3D-main/data/npy/Skater_A/Axel\Axel_2.npy,Skater_A,1.7052431,6.0286975,10.532781
Axel_2.npy,133,D:/work/讨论/FS-Jump3D-main/FS-Jump3D-main/data/npy/Skater_A/Axel\Axel_2.npy,Skater_A,1.8453203,4.6834636,10.5751295
Axel_2.npy,134,D:/work/讨论/FS-Jump3D-main/FS-Jump3D-main/data/npy/Skater_A/Axel\Axel_2.npy,Skater_A,1.3393496,3.2795641,10.591975
Axel_2.npy,135,D:/work/讨论/FS-Jump3D-main/FS-Jump3D-main/data/npy/Skater_A/Axel\Axel_2.npy,Skater_A,0.4455856,2.4018204,10.570521
Axel_2.npy,136,D:/work/讨论/FS-Jump3D-main/FS-Jump3D-main/data/npy/Skater_A/Axel\Axel_2.npy,Skater_A,-0.84480536,2.084933,10.5061
Axel_2.npy,137,D:/work/讨论/FS-Jump3D-main/FS-Jump3D-main/data/npy/Skater_A/Axel\Axel_2.npy,Skater_A,-2.215428,2.2914722,10.022198
Axel_2.npy,138,D:/work/讨论/FS-Jump3D-main/FS-Jump3D-main/data/npy/Skater_A/Axel\Axel_2.npy,Skater_A,-3.219911,2.8082938,9.855097
Axel_2.npy,139,D:/work/讨论/FS-Jump3D-main/FS-Jump3D-main/data/npy/Skater_A/Axel\Axel_2.npy,Skater_A,-4.0365653,3.341669,9.465718
Axel_2.npy,140,D:/work/讨论/FS-Jump3D-main/FS-Jump3D-main/data/npy/Skater_A/Axel\Axel_2.npy,Skater_A,-4.190262,3.9602442,9.533629
Axel_2.npy,141,D:/work/讨论/FS-Jump3D-main/FS-Jump3D-main/data/npy/Skater_A/Axel\Axel_2.npy,Skater_A,-4.0564256,5.501171,9.90945
Axel_2.npy,142,D:/work/讨论/FS-Jump3D-main/FS-Jump3D-main/data/npy/Skater_A/Axel\Axel_2.npy,Skater_A,-3.668687,6.760858,9.91255
Axel_2.npy,143,D:/work/讨论/FS-Jump3D-main/FS-Jump3D-main/data/npy/Skater_A/Axel\Axel_2.npy,Skater_A,-2.625797,7.750015,10.438844
Axel_2.npy,144,D:/work/讨论/FS-Jump3D-main/FS-Jump3D-main/data/npy/Skater_A/Axel\Axel_2.npy,Skater_A,-1.1240088,8.332455,11.067579
Axel_2.npy,145,D:/work/讨论/FS-Jump3D-main/FS-Jump3D-main/data/npy/Skater_A/Axel\Axel_2.npy,Skater_A,0.56322145,8.032405,11.696689
Axel_2.npy,146,D:/work/讨论/FS-Jump3D-main/FS-Jump3D-main/data/npy/Skater_A/Axel\Axel_2.npy,Skater_A,1.6137325,6.8975697,12.093529
Axel_2.npy,147,D:/work/讨论/FS-Jump3D-main/FS-Jump3D-main/data/npy/Skater_A/Axel\Axel_2.npy,Skater_A,1.8840412,5.14863,12.145777
Axel_2.npy,148,D:/work/讨论/FS-Jump3D-main/FS-Jump3D-main/data/npy/Skater_A/Axel\Axel_2.npy,Skater_A,1.4432203,3.5258875,12.187067
Axel_2.npy,149,D:/work/讨论/FS-Jump3D-main/FS-Jump3D-main/data/npy/Skater_A/Axel\Axel_2.npy,Skater_A,0.49544287,2.402641,12.273635
Axel_2.npy,150,D:/work/讨论/FS-Jump3D-main/FS-Jump3D-main/data/npy/Skater_A/Axel\Axel_2.npy,Skater_A,-0.53636473,1.7663549,12.4461
Axel_2.npy,151,D:/work/讨论/FS-Jump3D-main/FS-Jump3D-main/data/npy/Skater_A/Axel\Axel_2.npy,Skater_A,-1.4049671,1.0691037,12.991715
Axel_2.npy,152,D:/work/讨论/FS-Jump3D-main/FS-Jump3D-main/data/npy/Skater_A/Axel\Axel_2.npy,Skater_A,-1.7887237,0.32290074,13.526912
Axel_2.npy,153,D:/work/讨论/FS-Jump3D-main/FS-Jump3D-main/data/npy/Skater_A/Axel\Axel_2.npy,Skater_A,-1.9808905,-0.525537,14.040609
Axel_2.npy,154,D:/work/讨论/FS-Jump3D-main/FS-Jump3D-main/data/npy/Skater_A/Axel\Axel_2.npy,Skater_A,-1.9259989,-1.3452317,14.560861
Axel_2.npy,155,D:/work/讨论/FS-Jump3D-main/FS-Jump3D-main/data/npy/Skater_A/Axel\Axel_2.npy,Skater_A,-1.8071711,-2.0400908,15.039396
Axel_2.npy,156,D:/work/讨论/FS-Jump3D-main/FS-Jump3D-main/data/npy/Skater_A/Axel\Axel_2.npy,Skater_A,-1.3557676,-2.6716223,15.729421
Axel_2.npy,157,D:/work/讨论/FS-Jump3D-main/FS-Jump3D-main/data/npy/Skater_A/Axel\Axel_2.npy,Skater_A,-1.0842613,-3.2863526,15.817204
Axel_2.npy,158,D:/work/讨论/FS-Jump3D-main/FS-Jump3D-main/data/npy/Skater_A/Axel\Axel_2.npy,Skater_A,-0.7856127,-4.0159807,15.647399
Axel_2.npy,159,D:/work/讨论/FS-Jump3D-main/FS-Jump3D-main/data/npy/Skater_A/Axel\Axel_2.npy,Skater_A,-0.36879432,-4.893639,15.165062
Axel_2.npy,160,D:/work/讨论/FS-Jump3D-main/FS-Jump3D-main/data/npy/Skater_A/Axel\Axel_2.npy,Skater_A,0.0023076052,-5.655504,14.54249
Axel_2.npy,161,D:/work/讨论/FS-Jump3D-main/FS-Jump3D-main/data/npy/Skater_A/Axel\Axel_2.npy,Skater_A,0.20942588,-6.27343,14.049775
Axel_2.npy,162,D:/work/讨论/FS-Jump3D-main/FS-Jump3D-main/data/npy/Skater_A/Axel\Axel_2.npy,Skater_A,0.33003923,-6.787516,13.594019
Axel_2.npy,163,D:/work/讨论/FS-Jump3D-main/FS-Jump3D-main/data/npy/Skater_A/Axel\Axel_2.npy,Skater_A,0.42166957,-7.26736,13.068194
Axel_2.npy,164,D:/work/讨论/FS-Jump3D-main/FS-Jump3D-main/data/npy/Skater_A/Axel\Axel_2.npy,Skater_A,0.6330818,-7.832189,12.325523
Axel_2.npy,165,D:/work/讨论/FS-Jump3D-main/FS-Jump3D-main/data/npy/Skater_A/Axel\Axel_2.npy,Skater_A,0.9174737,-8.436871,11.474888
Axel_2.npy,166,D:/work/讨论/FS-Jump3D-main/FS-Jump3D-main/data/npy/Skater_A/Axel\Axel_2.npy,Skater_A,1.1259006,-8.927823,10.744667
Axel_2.npy,167,D:/work/讨论/FS-Jump3D-main/FS-Jump3D-main/data/npy/Skater_A/Axel\Axel_2.npy,Skater_A,1.3317633,-9.37627,10.072001
Axel_2.npy,168,D:/work/讨论/FS-Jump3D-main/FS-Jump3D-main/data/npy/Skater_A/Axel\Axel_2.npy,Skater_A,1.6073359,-9.87461,9.384629
Axel_2.npy,169,D:/work/讨论/FS-Jump3D-main/FS-Jump3D-main/data/npy/Skater_A/Axel\Axel_2.npy,Skater_A,1.9278888,-10.342569,8.699191
Axel_2.npy,170,D:/work/讨论/FS-Jump3D-main/FS-Jump3D-main/data/npy/Skater_A/Axel\Axel_2.npy,Skater_A,2.2909853,-10.630454,7.9882097
Axel_2.npy,171,D:/work/讨论/FS-Jump3D-main/FS-Jump3D-main/data/npy/Skater_A/Axel\Axel_2.npy,Skater_A,2.667023,-10.680012,7.3647623
Axel_2.npy,172,D:/work/讨论/FS-Jump3D-main/FS-Jump3D-main/data/npy/Skater_A/Axel\Axel_2.npy,Skater_A,3.003653,-10.496276,6.8817124
Axel_2.npy,173,D:/work/讨论/FS-Jump3D-main/FS-Jump3D-main/data/npy/Skater_A/Axel\Axel_2.npy,Skater_A,3.343841,-10.242909,6.44488
Axel_2.npy,174,D:/work/讨论/FS-Jump3D-main/FS-Jump3D-main/data/npy/Skater_A/Axel\Axel_2.npy,Skater_A,3.68789,-9.9331255,6.043551
Axel_2.npy,175,D:/work/讨论/FS-Jump3D-main/FS-Jump3D-main/data/npy/Skater_A/Axel\Axel_2.npy,Skater_A,3.9982886,-9.542323,5.7538934
Axel_2.npy,176,D:/work/讨论/FS-Jump3D-main/FS-Jump3D-main/data/npy/Skater_A/Axel\Axel_2.npy,Skater_A,4.3514686,-9.18472,5.444769
Axel_2.npy,177,D:/work/讨论/FS-Jump3D-main/FS-Jump3D-main/data/npy/Skater_A/Axel\Axel_2.npy,Skater_A,4.827713,-8.826175,5.0552793
Axel_2.npy,178,D:/work/讨论/FS-Jump3D-main/FS-Jump3D-main/data/npy/Skater_A/Axel\Axel_2.npy,Skater_A,5.198159,-8.40823,4.7406273
Axel_2.npy,179,D:/work/讨论/FS-Jump3D-main/FS-Jump3D-main/data/npy/Skater_A/Axel\Axel_2.npy,Skater_A,5.355835,-7.92493,4.506411
Axel_2.npy,180,D:/work/讨论/FS-Jump3D-main/FS-Jump3D-main/data/npy/Skater_A/Axel\Axel_2.npy,Skater_A,5.5449176,-7.4157195,4.2544856
Axel_2.npy,181,D:/work/讨论/FS-Jump3D-main/FS-Jump3D-main/data/npy/Skater_A/Axel\Axel_2.npy,Skater_A,5.9216022,-6.8324337,4.0404162
Axel_2.npy,182,D:/work/讨论/FS-Jump3D-main/FS-Jump3D-main/data/npy/Skater_A/Axel\Axel_2.npy,Skater_A,6.289722,-6.2745714,3.9181166
Axel_2.npy,183,D:/work/讨论/FS-Jump3D-main/FS-Jump3D-main/data/npy/Skater_A/Axel\Axel_2.npy,Skater_A,6.521212,-5.9063926,3.869836
Axel_2.npy,184,D:/work/讨论/FS-Jump3D-main/FS-Jump3D-main/data/npy/Skater_A/Axel\Axel_2.npy,Skater_A,6.697028,-5.5834274,3.8269572
Axel_2.npy,185,D:/work/讨论/FS-Jump3D-main/FS-Jump3D-main/data/npy/Skater_A/Axel\Axel_2.npy,Skater_A,7.0721407,-4.809832,3.5538125
Axel_2.npy,186,D:/work/讨论/FS-Jump3D-main/FS-Jump3D-main/data/npy/Skater_A/Axel\Axel_2.npy,Skater_A,7.444043,-3.748659,3.2753572
Axel_2.npy,187,D:/work/讨论/FS-Jump3D-main/FS-Jump3D-main/data/npy/Skater_A/Axel\Axel_2.npy,Skater_A,7.550293,-3.4900982,3.2994955
Axel_2.npy,188,D:/work/讨论/FS-Jump3D-main/FS-Jump3D-main/data/npy/Skater_A/Axel\Axel_2.npy,Skater_A,7.63298,-3.2413511,3.387158
Axel_2.npy,189,D:/work/讨论/FS-Jump3D-main/FS-Jump3D-main/data/npy/Skater_A/Axel\Axel_2.npy,Skater_A,7.6867533,-2.9808905,3.415533
Axel_2.npy,190,D:/work/讨论/FS-Jump3D-main/FS-Jump3D-main/data/npy/Skater_A/Axel\Axel_2.npy,Skater_A,7.7248697,-2.749506,3.4622672
Axel_2.npy,191,D:/work/讨论/FS-Jump3D-main/FS-Jump3D-main/data/npy/Skater_A/Axel\Axel_2.npy,Skater_A,7.7887583,-2.3389478,3.4223518
Axel_2.npy,192,D:/work/讨论/FS-Jump3D-main/FS-Jump3D-main/data/npy/Skater_A/Axel\Axel_2.npy,Skater_A,7.991514,-1.5345726,3.2930653
Axel_2.npy,193,D:/work/讨论/FS-Jump3D-main/FS-Jump3D-main/data/npy/Skater_A/Axel\Axel_2.npy,Skater_A,8.18523,-0.9698963,3.2067752
Axel_2.npy,194,D:/work/讨论/FS-Jump3D-main/FS-Jump3D-main/data/npy/Skater_A/Axel\Axel_2.npy,Skater_A,8.311732,-0.5869618,3.1623318
Axel_2.npy,195,D:/work/讨论/FS-Jump3D-main/FS-Jump3D-main/data/npy/Skater_A/Axel\Axel_2.npy,Skater_A,8.422949,-0.1479286,3.1354215
Axel_2.npy,196,D:/work/讨论/FS-Jump3D-main/FS-Jump3D-main/data/npy/Skater_A/Axel\Axel_2.npy,Skater_A,8.568551,0.35377914,3.1178374
Axel_2.npy,197,D:/work/讨论/FS-Jump3D-main/FS-Jump3D-main/data/npy/Skater_A/Axel\Axel_2.npy,Skater_A,8.716281,0.8955918,3.1026547
Axel_2.npy,198,D:/work/讨论/FS-Jump3D-main/FS-Jump3D-main/data/npy/Skater_A/Axel\Axel_2.npy,Skater_A,8.90067,1.3855401,3.063239
Axel_2.npy,199,D:/work/讨论/FS-Jump3D-main/FS-Jump3D-main/data/npy/Skater_A/Axel\Axel_2.npy,Skater_A,9.030602,1.7975087,3.0283194
Axel_2.npy,200,D:/work/讨论/FS-Jump3D-main/FS-Jump3D-main/data/npy/Skater_A/Axel\Axel_2.npy,Skater_A,9.172036,2.2351816,2.955089
Axel_2.npy,201,D:/work/讨论/FS-Jump3D-main/FS-Jump3D-main/data/npy/Skater_A/Axel\Axel_2.npy,Skater_A,9.271261,2.6713033,2.8262136
Axel_2.npy,202,D:/work/讨论/FS-Jump3D-main/FS-Jump3D-main/data/npy/Skater_A/Axel\Axel_2.npy,Skater_A,9.317566,2.9780514,2.705975
Axel_2.npy,203,D:/work/讨论/FS-Jump3D-main/FS-Jump3D-main/data/npy/Skater_A/Axel\Axel_2.npy,Skater_A,9.392533,3.226161,2.5746808
Axel_2.npy,204,D:/work/讨论/FS-Jump3D-main/FS-Jump3D-main/data/npy/Skater_A/Axel\Axel_2.npy,Skater_A,9.481236,3.4902475,2.4053771
Axel_2.npy,205,D:/work/讨论/FS-Jump3D-main/FS-Jump3D-main/data/npy/Skater_A/Axel\Axel_2.npy,Skater_A,9.617115,3.8003712,2.153755
Axel_2.npy,206,D:/work/讨论/FS-Jump3D-main/FS-Jump3D-main/data/npy/Skater_A/Axel\Axel_2.npy,Skater_A,9.782591,4.1577034,1.8427641
Axel_2.npy,207,D:/work/讨论/FS-Jump3D-main/FS-Jump3D-main/data/npy/Skater_A/Axel\Axel_2.npy,Skater_A,9.895729,4.4688416,1.6017388
Axel_2.npy,208,D:/work/讨论/FS-Jump3D-main/FS-Jump3D-main/data/npy/Skater_A/Axel\Axel_2.npy,Skater_A,9.972899,4.8500857,1.3376664
Axel_2.npy,209,D:/work/讨论/FS-Jump3D-main/FS-Jump3D-main/data/npy/Skater_A/Axel\Axel_2.npy,Skater_A,10.043899,5.3452764,1.0139967
Axel_2.npy,210,D:/work/讨论/FS-Jump3D-main/FS-Jump3D-main/data/npy/Skater_A/Axel\Axel_2.npy,Skater_A,10.041066,5.8039093,0.75248355
Axel_2.npy,211,D:/work/讨论/FS-Jump3D-main/FS-Jump3D-main/data/npy/Skater_A/Axel\Axel_2.npy,Skater_A,9.9711895,6.2186646,0.5260475
Axel_2.npy,212,D:/work/讨论/FS-Jump3D-main/FS-Jump3D-main/data/npy/Skater_A/Axel\Axel_2.npy,Skater_A,9.77125,6.7450304,0.2111875
Axel_2.npy,213,D:/work/讨论/FS-Jump3D-main/FS-Jump3D-main/data/npy/Skater_A/Axel\Axel_2.npy,Skater_A,9.43173,7.2386928,-0.043728624
Axel_2.npy,214,D:/work/讨论/FS-Jump3D-main/FS-Jump3D-main/data/npy/Skater_A/Axel\Axel_2.npy,Skater_A,9.0566435,7.5920944,-0.19733804
Axel_2.npy,215,D:/work/讨论/FS-Jump3D-main/FS-Jump3D-main/data/npy/Skater_A/Axel\Axel_2.npy,Skater_A,8.69805,7.8627925,-0.28056064
Axel_2.npy,216,D:/work/讨论/FS-Jump3D-main/FS-Jump3D-main/data/npy/Skater_A/Axel\Axel_2.npy,Skater_A,8.37261,8.073723,-0.2965296
Axel_2.npy,217,D:/work/讨论/FS-Jump3D-main/FS-Jump3D-main/data/npy/Skater_A/Axel\Axel_2.npy,Skater_A,8.0650835,8.257524,-0.30313078
Axel_2.npy,218,D:/work/讨论/FS-Jump3D-main/FS-Jump3D-main/data/npy/Skater_A/Axel\Axel_2.npy,Skater_A,7.7003584,8.480353,-0.2642417
Axel_2.npy,219,D:/work/讨论/FS-Jump3D-main/FS-Jump3D-main/data/npy/Skater_A/Axel\Axel_2.npy,Skater_A,7.2661657,8.721475,-0.1190576
Axel_2.npy,220,D:/work/讨论/FS-Jump3D-main/FS-Jump3D-main/data/npy/Skater_A/Axel\Axel_2.npy,Skater_A,6.87517,8.931882,0.037112
Axel_2.npy,221,D:/work/讨论/FS-Jump3D-main/FS-Jump3D-main/data/npy/Skater_A/Axel\Axel_2.npy,Skater_A,6.516396,9.110399,0.14668037
Axel_2.npy,222,D:/work/讨论/FS-Jump3D-main/FS-Jump3D-main/data/npy/Skater_A/Axel\Axel_2.npy,Skater_A,6.212701,9.25167,0.24689418
Axel_2.npy,223,D:/work/讨论/FS-Jump3D-main/FS-Jump3D-main/data/npy/Skater_A/Axel\Axel_2.npy,Skater_A,5.982206,9.396666,0.34456196
Axel_2.npy,224,D:/work/讨论/FS-Jump3D-main/FS-Jump3D-main/data/npy/Skater_A/Axel\Axel_2.npy,Skater_A,5.7563243,9.544171,0.41814
Axel_2.npy,225,D:/work/讨论/FS-Jump3D-main/FS-Jump3D-main/data/npy/Skater_A/Axel\Axel_2.npy,Skater_A,5.540539,9.702297,0.47941616
Axel_2.npy,226,D:/work/讨论/FS-Jump3D-main/FS-Jump3D-main/data/npy/Skater_A/Axel\Axel_2.npy,Skater_A,5.3236175,9.904353,0.5671027
Axel_2.npy,227,D:/work/讨论/FS-Jump3D-main/FS-Jump3D-main/data/npy/Skater_A/Axel\Axel_2.npy,Skater_A,5.0603266,10.195068,0.6915685
Axel_2.npy,228,D:/work/讨论/FS-Jump3D-main/FS-Jump3D-main/data/npy/Skater_A/Axel\Axel_2.npy,Skater_A,4.7957354,10.526048,0.8195954
Axel_2.npy,229,D:/work/讨论/FS-Jump3D-main/FS-Jump3D-main/data/npy/Skater_A/Axel\Axel_2.npy,Skater_A,4.592001,10.806538,0.9255679
Axel_2.npy,230,D:/work/讨论/FS-Jump3D-main/FS-Jump3D-main/data/npy/Skater_A/Axel\Axel_2.npy,Skater_A,4.420057,11.021399,1.0213264
Axel_2.npy,231,D:/work/讨论/FS-Jump3D-main/FS-Jump3D-main/data/npy/Skater_A/Axel\Axel_2.npy,Skater_A,4.2424006,11.284271,1.1505371
Axel_2.npy,232,D:/work/讨论/FS-Jump3D-main/FS-Jump3D-main/data/npy/Skater_A/Axel\Axel_2.npy,Skater_A,4.107015,11.568722,1.3102161
Axel_2.npy,233,D:/work/讨论/FS-Jump3D-main/FS-Jump3D-main/data/npy/Skater_A/Axel\Axel_2.npy,Skater_A,3.9638743,11.834681,1.4529907
Axel_2.npy,234,D:/work/讨论/FS-Jump3D-main/FS-Jump3D-main/data/npy/Skater_A/Axel\Axel_2.npy,Skater_A,3.8460991,12.08436,1.5748551
Axel_2.npy,235,D:/work/讨论/FS-Jump3D-main/FS-Jump3D-main/data/npy/Skater_A/Axel\Axel_2.npy,Skater_A,3.764194,12.287846,1.6628147
Axel_2.npy,236,D:/work/讨论/FS-Jump3D-main/FS-Jump3D-main/data/npy/Skater_A/Axel\Axel_2.npy,Skater_A,3.7056515,12.438305,1.7166686
Axel_2.npy,237,D:/work/讨论/FS-Jump3D-main/FS-Jump3D-main/data/npy/Skater_A/Axel\Axel_2.npy,Skater_A,3.67152,12.56383,1.7671063
Axel_2.npy,238,D:/work/讨论/FS-Jump3D-main/FS-Jump3D-main/data/npy/Skater_A/Axel\Axel_2.npy,Skater_A,3.6400938,12.706109,1.8225753
Axel_2.npy,239,D:/work/讨论/FS-Jump3D-main/FS-Jump3D-main/data/npy/Skater_A/Axel\Axel_2.npy,Skater_A,3.6051548,12.885093,1.8797662
Axel_2.npy,240,D:/work/讨论/FS-Jump3D-main/FS-Jump3D-main/data/npy/Skater_A/Axel\Axel_2.npy,Skater_A,3.5784771,13.0311775,1.9178137
Axel_2.npy,241,D:/work/讨论/FS-Jump3D-main/FS-Jump3D-main/data/npy/Skater_A/Axel\Axel_2.npy,Skater_A,3.5538113,13.134735,1.9420806
Axel_2.npy,242,D:/work/讨论/FS-Jump3D-main/FS-Jump3D-main/data/npy/Skater_A/Axel\Axel_2.npy,Skater_A,3.5275037,13.222106,1.9637207
Axel_2.npy,243,D:/work/讨论/FS-Jump3D-main/FS-Jump3D-main/data/npy/Skater_A/Axel\Axel_2.npy,Skater_A,3.5075526,13.325272,1.9839311
Axel_2.npy,244,D:/work/讨论/FS-Jump3D-main/FS-Jump3D-main/data/npy/Skater_A/Axel\Axel_2.npy,Skater_A,3.4996047,13.423713,1.993386
Axel_2.npy,245,D:/work/讨论/FS-Jump3D-main/FS-Jump3D-main/data/npy/Skater_A/Axel\Axel_2.npy,Skater_A,3.4978676,13.505983,1.9933319
Axel_2.npy,246,D:/work/讨论/FS-Jump3D-main/FS-Jump3D-main/data/npy/Skater_A/Axel\Axel_2.npy,Skater_A,3.502443,13.632031,1.9800665
Axel_2.npy,247,D:/work/讨论/FS-Jump3D-main/FS-Jump3D-main/data/npy/Skater_A/Axel\Axel_2.npy,Skater_A,3.515235,13.810837,1.9521793
Axel_2.npy,248,D:/work/讨论/FS-Jump3D-main/FS-Jump3D-main/data/npy/Skater_A/Axel\Axel_2.npy,Skater_A,3.5313733,13.991863,1.9199407
Axel_2.npy,249,D:/work/讨论/FS-Jump3D-main/FS-Jump3D-main/data/npy/Skater_A/Axel\Axel_2.npy,Skater_A,3.5599272,14.237891,1.8586674
Axel_2.npy,250,D:/work/讨论/FS-Jump3D-main/FS-Jump3D-main/data/npy/Skater_A/Axel\Axel_2.npy,Skater_A,3.6073406,14.631444,1.749464
Axel_2.npy,251,D:/work/讨论/FS-Jump3D-main/FS-Jump3D-main/data/npy/Skater_A/Axel\Axel_2.npy,Skater_A,3.646889,14.921307,1.6589346
Axel_2.npy,252,D:/work/讨论/FS-Jump3D-main/FS-Jump3D-main/data/npy/Skater_A/Axel\Axel_2.npy,Skater_A,3.6745763,15.08685,1.6007266
Axel_2.npy,253,D:/work/讨论/FS-Jump3D-main/FS-Jump3D-main/data/npy/Skater_A/Axel\Axel_2.npy,Skater_A,3.7046967,15.245195,1.5425655
Axel_2.npy,254,D:/work/讨论/FS-Jump3D-main/FS-Jump3D-main/data/npy/Skater_A/Axel\Axel_2.npy,Skater_A,3.740882,15.413283,1.474158
Axel_2.npy,255,D:/work/讨论/FS-Jump3D-main/FS-Jump3D-main/data/npy/Skater_A/Axel\Axel_2.npy,Skater_A,3.7735882,15.542614,1.4146156
Axel_2.npy,256,D:/work/讨论/FS-Jump3D-main/FS-Jump3D-main/data/npy/Skater_A/Axel\Axel_2.npy,Skater_A,3.798384,15.650516,1.3658357
Axel_2.npy,257,D:/work/讨论/FS-Jump3D-main/FS-Jump3D-main/data/npy/Skater_A/Axel\Axel_2.npy,Skater_A,3.821202,15.750385,1.3167462
Axel_2.npy,258,D:/work/讨论/FS-Jump3D-main/FS-Jump3D-main/data/npy/Skater_A/Axel\Axel_2.npy,Skater_A,3.8523674,15.865649,1.2611257
Axel_2.npy,259,D:/work/讨论/FS-Jump3D-main/FS-Jump3D-main/data/npy/Skater_A/Axel\Axel_2.npy,Skater_A,3.9064016,15.969256,1.1984622
Axel_2.npy,260,D:/work/讨论/FS-Jump3D-main/FS-Jump3D-main/data/npy/Skater_A/Axel\Axel_2.npy,Skater_A,3.9382057,16.053034,1.1421547
Axel_2.npy,261,D:/work/讨论/FS-Jump3D-main/FS-Jump3D-main/data/npy/Skater_A/Axel\Axel_2.npy,Skater_A,3.957408,16.106619,1.0885744
Axel_2.npy,262,D:/work/讨论/FS-Jump3D-main/FS-Jump3D-main/data/npy/Skater_A/Axel\Axel_2.npy,Skater_A,3.9830813,16.182173,1.0415894
Axel_2.npy,263,D:/work/讨论/FS-Jump3D-main/FS-Jump3D-main/data/npy/Skater_A/Axel\Axel_2.npy,Skater_A,4.017939,16.25938,0.99314934
Axel_2.npy,264,D:/work/讨论/FS-Jump3D-main/FS-Jump3D-main/data/npy/Skater_A/Axel\Axel_2.npy,Skater_A,4.041902,16.309202,0.9435766
Axel_2.npy,265,D:/work/讨论/FS-Jump3D-main/FS-Jump3D-main/data/npy/Skater_A/Axel\Axel_2.npy,Skater_A,4.0723205,16.377707,0.90286463
Axel_2.npy,266,D:/work/讨论/FS-Jump3D-main/FS-Jump3D-main/data/npy/Skater_A/Axel\Axel_2.npy,Skater_A,4.10083,16.451635,0.85966665
Axel_2.npy,267,D:/work/讨论/FS-Jump3D-main/FS-Jump3D-main/data/npy/Skater_A/Axel\Axel_2.npy,Skater_A,4.1384864,16.482164,0.7970691
Axel_2.npy,268,D:/work/讨论/FS-Jump3D-main/FS-Jump3D-main/data/npy/Skater_A/Axel\Axel_2.npy,Skater_A,4.1714993,16.503742,0.74364454
Axel_2.npy,269,D:/work/讨论/FS-Jump3D-main/FS-Jump3D-main/data/npy/Skater_A/Axel\Axel_2.npy,Skater_A,4.2100434,16.533407,0.69853085
Axel_2.npy,270,D:/work/讨论/FS-Jump3D-main/FS-Jump3D-main/data/npy/Skater_A/Axel\Axel_2.npy,Skater_A,4.249312,16.54708,0.6511637
Axel_2.npy,271,D:/work/讨论/FS-Jump3D-main/FS-Jump3D-main/data/npy/Skater_A/Axel\Axel_2.npy,Skater_A,4.2840037,16.558662,0.6065629
Axel_2.npy,272,D:/work/讨论/FS-Jump3D-main/FS-Jump3D-main/data/npy/Skater_A/Axel\Axel_2.npy,Skater_A,4.3199816,16.573273,0.57483023
Axel_2.npy,273,D:/work/讨论/FS-Jump3D-main/FS-Jump3D-main/data/npy/Skater_A/Axel\Axel_2.npy,Skater_A,4.3530407,16.58494,0.5437944
Axel_2.npy,274,D:/work/讨论/FS-Jump3D-main/FS-Jump3D-main/data/npy/Skater_A/Axel\Axel_2.npy,Skater_A,4.3870764,16.592161,0.5068495
Axel_2.npy,275,D:/work/讨论/FS-Jump3D-main/FS-Jump3D-main/data/npy/Skater_A/Axel\Axel_2.npy,Skater_A,4.425299,16.594458,0.46727613
Axel_2.npy,276,D:/work/讨论/FS-Jump3D-main/FS-Jump3D-main/data/npy/Skater_A/Axel\Axel_2.npy,Skater_A,4.4567513,16.596483,0.43442887
Axel_2.npy,277,D:/work/讨论/FS-Jump3D-main/FS-Jump3D-main/data/npy/Skater_A/Axel\Axel_2.npy,Skater_A,4.502594,16.592623,0.3836237
Axel_2.npy,278,D:/work/讨论/FS-Jump3D-main/FS-Jump3D-main/data/npy/Skater_A/Axel\Axel_2.npy,Skater_A,4.5873094,16.588707,0.29336214
Axel_2.npy,279,D:/work/讨论/FS-Jump3D-main/FS-Jump3D-main/data/npy/Skater_A/Axel\Axel_2.npy,Skater_A,4.6056776,16.588116,0.27113414
Axel_3.npy,0,D:/work/讨论/FS-Jump3D-main/FS-Jump3D-main/data/npy/Skater_A/Axel\Axel_3.npy,Skater_A,2.388473,10.635912,-13.266721
Axel_3.npy,1,D:/work/讨论/FS-Jump3D-main/FS-Jump3D-main/data/npy/Skater_A/Axel\Axel_3.npy,Skater_A,2.4496508,10.530275,-13.286227
Axel_3.npy,2,D:/work/讨论/FS-Jump3D-main/FS-Jump3D-main/data/npy/Skater_A/Axel\Axel_3.npy,Skater_A,2.601954,10.34214,-13.311533
Axel_3.npy,3,D:/work/讨论/FS-Jump3D-main/FS-Jump3D-main/data/npy/Skater_A/Axel\Axel_3.npy,Skater_A,2.8906124,10.0227375,-13.34776
Axel_3.npy,4,D:/work/讨论/FS-Jump3D-main/FS-Jump3D-main/data/npy/Skater_A/Axel\Axel_3.npy,Skater_A,3.24642,9.352905,-13.49634
Axel_3.npy,5,D:/work/讨论/FS-Jump3D-main/FS-Jump3D-main/data/npy/Skater_A/Axel\Axel_3.npy,Skater_A,3.6838546,8.589098,-13.677832
Axel_3.npy,6,D:/work/讨论/FS-Jump3D-main/FS-Jump3D-main/data/npy/Skater_A/Axel\Axel_3.npy,Skater_A,3.6900122,7.758954,-14.025614
Axel_3.npy,7,D:/work/讨论/FS-Jump3D-main/FS-Jump3D-main/data/npy/Skater_A/Axel\Axel_3.npy,Skater_A,4.048926,6.7360682,-14.455297
Axel_3.npy,8,D:/work/讨论/FS-Jump3D-main/FS-Jump3D-main/data/npy/Skater_A/Axel\Axel_3.npy,Skater_A,4.720542,5.5071626,-15.112953
Axel_3.npy,9,D:/work/讨论/FS-Jump3D-main/FS-Jump3D-main/data/npy/Skater_A/Axel\Axel_3.npy,Skater_A,4.714172,5.121703,-15.396638
Axel_3.npy,10,D:/work/讨论/FS-Jump3D-main/FS-Jump3D-main/data/npy/Skater_A/Axel\Axel_3.npy,Skater_A,4.286258,3.9465384,-15.927651
Axel_3.npy,11,D:/work/讨论/FS-Jump3D-main/FS-Jump3D-main/data/npy/Skater_A/Axel\Axel_3.npy,Skater_A,3.9828386,3.3508525,-16.137451
Axel_3.npy,12,D:/work/讨论/FS-Jump3D-main/FS-Jump3D-main/data/npy/Skater_A/Axel\Axel_3.npy,Skater_A,3.8056707,3.1007519,-16.20222
Axel_3.npy,13,D:/work/讨论/FS-Jump3D-main/FS-Jump3D-main/data/npy/Skater_A/Axel\Axel_3.npy,Skater_A,3.5872684,2.8195448,-15.979902
Axel_3.npy,14,D:/work/讨论/FS-Jump3D-main/FS-Jump3D-main/data/npy/Skater_A/Axel\Axel_3.npy,Skater_A,3.390605,2.4474916,-15.538119
Axel_3.npy,15,D:/work/讨论/FS-Jump3D-main/FS-Jump3D-main/data/npy/Skater_A/Axel\Axel_3.npy,Skater_A,3.1690476,2.065749,-15.468008
Axel_3.npy,16,D:/work/讨论/FS-Jump3D-main/FS-Jump3D-main/data/npy/Skater_A/Axel\Axel_3.npy,Skater_A,2.7888908,1.5641525,-15.374447
Axel_3.npy,17,D:/work/讨论/FS-Jump3D-main/FS-Jump3D-main/data/npy/Skater_A/Axel\Axel_3.npy,Skater_A,2.4188051,1.0414836,-15.163145
Axel_3.npy,18,D:/work/讨论/FS-Jump3D-main/FS-Jump3D-main/data/npy/Skater_A/Axel\Axel_3.npy,Skater_A,1.9695731,0.5918868,-14.9555855
Axel_3.npy,19,D:/work/讨论/FS-Jump3D-main/FS-Jump3D-main/data/npy/Skater_A/Axel\Axel_3.npy,Skater_A,1.4435796,0.2304136,-14.939627
Axel_3.npy,20,D:/work/讨论/FS-Jump3D-main/FS-Jump3D-main/data/npy/Skater_A/Axel\Axel_3.npy,Skater_A,0.6820434,-0.28292438,-15.186767
Axel_3.npy,21,D:/work/讨论/FS-Jump3D-main/FS-Jump3D-main/data/npy/Skater_A/Axel\Axel_3.npy,Skater_A,0.050066773,-1.0080429,-15.289895
Axel_3.npy,22,D:/work/讨论/FS-Jump3D-main/FS-Jump3D-main/data/npy/Skater_A/Axel\Axel_3.npy,Skater_A,-0.20030643,-1.5011818,-15.119338
Axel_3.npy,23,D:/work/讨论/FS-Jump3D-main/FS-Jump3D-main/data/npy/Skater_A/Axel\Axel_3.npy,Skater_A,-0.68483657,-1.547407,-14.901911
Axel_3.npy,24,D:/work/讨论/FS-Jump3D-main/FS-Jump3D-main/data/npy/Skater_A/Axel\Axel_3.npy,Skater_A,-1.0977455,-1.5742203,-14.628882
Axel_3.npy,25,D:/work/讨论/FS-Jump3D-main/FS-Jump3D-main/data/npy/Skater_A/Axel\Axel_3.npy,Skater_A,-1.3950411,-1.8797152,-14.545478
Axel_3.npy,26,D:/work/讨论/FS-Jump3D-main/FS-Jump3D-main/data/npy/Skater_A/Axel\Axel_3.npy,Skater_A,-1.7746911,-2.641036,-14.576765
Axel_3.npy,27,D:/work/讨论/FS-Jump3D-main/FS-Jump3D-main/data/npy/Skater_A/Axel\Axel_3.npy,Skater_A,-2.1162937,-3.4513013,-14.549432
Axel_3.npy,28,D:/work/讨论/FS-Jump3D-main/FS-Jump3D-main/data/npy/Skater_A/Axel\Axel_3.npy,Skater_A,-2.3088112,-3.7279112,-14.547455
Axel_3.npy,29,D:/work/讨论/FS-Jump3D-main/FS-Jump3D-main/data/npy/Skater_A/Axel\Axel_3.npy,Skater_A,0.17260656,-5.871751,-12.381412
Axel_3.npy,30,D:/work/讨论/FS-Jump3D-main/FS-Jump3D-main/data/npy/Skater_A/Axel\Axel_3.npy,Skater_A,-4.164184,-1.5376681,-13.775984
Axel_3.npy,31,D:/work/讨论/FS-Jump3D-main/FS-Jump3D-main/data/npy/Skater_A/Axel\Axel_3.npy,Skater_A,-2.089415,-4.315118,-13.775528
Axel_3.npy,32,D:/work/讨论/FS-Jump3D-main/FS-Jump3D-main/data/npy/Skater_A/Axel\Axel_3.npy,Skater_A,-2.873317,-4.266047,-13.870348
Axel_3.npy,33,D:/work/讨论/FS-Jump3D-main/FS-Jump3D-main/data/npy/Skater_A/Axel\Axel_3.npy,Skater_A,-3.5932074,-5.0887775,-13.881987
Axel_3.npy,34,D:/work/讨论/FS-Jump3D-main/FS-Jump3D-main/data/npy/Skater_A/Axel\Axel_3.npy,Skater_A,-3.5931957,-5.5596986,-13.726543
Axel_3.npy,35,D:/work/讨论/FS-Jump3D-main/FS-Jump3D-main/data/npy/Skater_A/Axel\Axel_3.npy,Skater_A,-3.5600653,-5.4732933,-13.570758
Axel_3.npy,36,D:/work/讨论/FS-Jump3D-main/FS-Jump3D-main/data/npy/Skater_A/Axel\Axel_3.npy,Skater_A,-3.606293,-5.585392,-13.383903
Axel_3.npy,37,D:/work/讨论/FS-Jump3D-main/FS-Jump3D-main/data/npy/Skater_A/Axel\Axel_3.npy,Skater_A,-3.75888,-5.9892306,-13.284942
Axel_3.npy,38,D:/work/讨论/FS-Jump3D-main/FS-Jump3D-main/data/npy/Skater_A/Axel\Axel_3.npy,Skater_A,-3.8861396,-6.1800985,-13.061022
Axel_3.npy,39,D:/work/讨论/FS-Jump3D-main/FS-Jump3D-main/data/npy/Skater_A/Axel\Axel_3.npy,Skater_A,-3.996348,-6.2205153,-12.643449
Axel_3.npy,40,D:/work/讨论/FS-Jump3D-main/FS-Jump3D-main/data/npy/Skater_A/Axel\Axel_3.npy,Skater_A,-4.180014,-6.3531723,-12.3307705
Axel_3.npy,41,D:/work/讨论/FS-Jump3D-main/FS-Jump3D-main/data/npy/Skater_A/Axel\Axel_3.npy,Skater_A,-4.4178414,-6.587343,-11.983522
Axel_3.npy,42,D:/work/讨论/FS-Jump3D-main/FS-Jump3D-main/data/npy/Skater_A/Axel\Axel_3.npy,Skater_A,-4.7682643,-6.6307974,-11.570883
Axel_3.npy,43,D:/work/讨论/FS-Jump3D-main/FS-Jump3D-main/data/npy/Skater_A/Axel\Axel_3.npy,Skater_A,-5.299388,-6.7339964,-11.2268
Axel_3.npy,44,D:/work/讨论/FS-Jump3D-main/FS-Jump3D-main/data/npy/Skater_A/Axel\Axel_3.npy,Skater_A,-6.6265707,-5.8384824,-9.28365
Axel_3.npy,45,D:/work/讨论/FS-Jump3D-main/FS-Jump3D-main/data/npy/Skater_A/Axel\Axel_3.npy,Skater_A,-5.6668386,-7.264504,-11.24669
Axel_3.npy,46,D:/work/讨论/FS-Jump3D-main/FS-Jump3D-main/data/npy/Skater_A/Axel\Axel_3.npy,Skater_A,-6.435414,-6.932814,-8.937287
Axel_3.npy,47,D:/work/讨论/FS-Jump3D-main/FS-Jump3D-main/data/npy/Skater_A/Axel\Axel_3.npy,Skater_A,-6.3738747,-7.3515964,-8.674068
Axel_3.npy,48,D:/work/讨论/FS-Jump3D-main/FS-Jump3D-main/data/npy/Skater_A/Axel\Axel_3.npy,Skater_A,-6.621846,-7.731629,-8.113166
Axel_3.npy,49,D:/work/讨论/FS-Jump3D-main/FS-Jump3D-main/data/npy/Skater_A/Axel\Axel_3.npy,Skater_A,-6.738795,-8.040989,-7.84874
Axel_3.npy,50,D:/work/讨论/FS-Jump3D-main/FS-Jump3D-main/data/npy/Skater_A/Axel\Axel_3.npy,Skater_A,-6.882484,-8.384534,-7.5947804
Axel_3.npy,51,D:/work/讨论/FS-Jump3D-main/FS-Jump3D-main/data/npy/Skater_A/Axel\Axel_3.npy,Skater_A,-6.9360056,-8.780468,-7.301328
Axel_3.npy,52,D:/work/讨论/FS-Jump3D-main/FS-Jump3D-main/data/npy/Skater_A/Axel\Axel_3.npy,Skater_A,-6.832971,-9.498659,-6.825773
Axel_3.npy,53,D:/work/讨论/FS-Jump3D-main/FS-Jump3D-main/data/npy/Skater_A/Axel\Axel_3.npy,Skater_A,-6.6707516,-10.278183,-6.2605066
Axel_3.npy,54,D:/work/讨论/FS-Jump3D-main/FS-Jump3D-main/data/npy/Skater_A/Axel\Axel_3.npy,Skater_A,-6.6586704,-10.739606,-5.910366
Axel_3.npy,55,D:/work/讨论/FS-Jump3D-main/FS-Jump3D-main/data/npy/Skater_A/Axel\Axel_3.npy,Skater_A,-6.6801224,-11.229418,-5.5785847
Axel_3.npy,56,D:/work/讨论/FS-Jump3D-main/FS-Jump3D-main/data/npy/Skater_A/Axel\Axel_3.npy,Skater_A,-6.696668,-11.969452,-5.055545
Axel_3.npy,57,D:/work/讨论/FS-Jump3D-main/FS-Jump3D-main/data/npy/Skater_A/Axel\Axel_3.npy,Skater_A,-6.6932254,-12.239143,-4.8576937
Axel_3.npy,58,D:/work/讨论/FS-Jump3D-main/FS-Jump3D-main/data/npy/Skater_A/Axel\Axel_3.npy,Skater_A,-6.599759,-12.39963,-4.7315545
Axel_3.npy,59,D:/work/讨论/FS-Jump3D-main/FS-Jump3D-main/data/npy/Skater_A/Axel\Axel_3.npy,Skater_A,-6.1510234,-13.059784,-4.282798
Axel_3.npy,60,D:/work/讨论/FS-Jump3D-main/FS-Jump3D-main/data/npy/Skater_A/Axel\Axel_3.npy,Skater_A,-5.9877386,-13.731362,-3.8604717
Axel_3.npy,61,D:/work/讨论/FS-Jump3D-main/FS-Jump3D-main/data/npy/Skater_A/Axel\Axel_3.npy,Skater_A,-5.909299,-14.194555,-3.4693875
Axel_3.npy,62,D:/work/讨论/FS-Jump3D-main/FS-Jump3D-main/data/npy/Skater_A/Axel\Axel_3.npy,Skater_A,-5.7966285,-14.478953,-3.1688943
Axel_3.npy,63,D:/work/讨论/FS-Jump3D-main/FS-Jump3D-main/data/npy/Skater_A/Axel\Axel_3.npy,Skater_A,-5.7194185,-14.71927,-2.8972335
Axel_3.npy,64,D:/work/讨论/FS-Jump3D-main/FS-Jump3D-main/data/npy/Skater_A/Axel\Axel_3.npy,Skater_A,-5.6847477,-14.939953,-2.6592379
Axel_3.npy,65,D:/work/讨论/FS-Jump3D-main/FS-Jump3D-main/data/npy/Skater_A/Axel\Axel_3.npy,Skater_A,-5.5899987,-15.132465,-2.396733
Axel_3.npy,66,D:/work/讨论/FS-Jump3D-main/FS-Jump3D-main/data/npy/Skater_A/Axel\Axel_3.npy,Skater_A,-5.4409056,-15.28701,-2.0611334
Axel_3.npy,67,D:/work/讨论/FS-Jump3D-main/FS-Jump3D-main/data/npy/Skater_A/Axel\Axel_3.npy,Skater_A,-5.389593,-15.493798,-1.671956
Axel_3.npy,68,D:/work/讨论/FS-Jump3D-main/FS-Jump3D-main/data/npy/Skater_A/Axel\Axel_3.npy,Skater_A,-5.4282184,-15.791048,-1.2071509
Axel_3.npy,69,D:/work/讨论/FS-Jump3D-main/FS-Jump3D-main/data/npy/Skater_A/Axel\Axel_3.npy,Skater_A,-5.430687,-16.019222,-0.6980038
Axel_3.npy,70,D:/work/讨论/FS-Jump3D-main/FS-Jump3D-main/data/npy/Skater_A/Axel\Axel_3.npy,Skater_A,-5.4927855,-16.157513,-0.17102058
Axel_3.npy,71,D:/work/讨论/FS-Jump3D-main/FS-Jump3D-main/data/npy/Skater_A/Axel\Axel_3.npy,Skater_A,-5.6447806,-16.217703,0.29317772
Axel_3.npy,72,D:/work/讨论/FS-Jump3D-main/FS-Jump3D-main/data/npy/Skater_A/Axel\Axel_3.npy,Skater_A,-5.882664,-16.24245,0.7163479
Axel_3.npy,73,D:/work/讨论/FS-Jump3D-main/FS-Jump3D-main/data/npy/Skater_A/Axel\Axel_3.npy,Skater_A,-6.207306,-16.246944,1.1752198
Axel_3.npy,74,D:/work/讨论/FS-Jump3D-main/FS-Jump3D-main/data/npy/Skater_A/Axel\Axel_3.npy,Skater_A,-6.4017577,-16.154886,1.615557
Axel_3.npy,75,D:/work/讨论/FS-Jump3D-main/FS-Jump3D-main/data/npy/Skater_A/Axel\Axel_3.npy,Skater_A,-6.516547,-15.792193,2.3458889
Axel_3.npy,76,D:/work/讨论/FS-Jump3D-main/FS-Jump3D-main/data/npy/Skater_A/Axel\Axel_3.npy,Skater_A,-6.677467,-15.1434965,3.2310548
Axel_3.npy,77,D:/work/讨论/FS-Jump3D-main/FS-Jump3D-main/data/npy/Skater_A/Axel\Axel_3.npy,Skater_A,-7.095488,-14.772476,3.8357005
Axel_3.npy,78,D:/work/讨论/FS-Jump3D-main/FS-Jump3D-main/data/npy/Skater_A/Axel\Axel_3.npy,Skater_A,-7.7102633,-14.503897,4.2585535
Axel_3.npy,79,D:/work/讨论/FS-Jump3D-main/FS-Jump3D-main/data/npy/Skater_A/Axel\Axel_3.npy,Skater_A,-8.166395,-14.07873,4.6844726
Axel_3.npy,80,D:/work/讨论/FS-Jump3D-main/FS-Jump3D-main/data/npy/Skater_A/Axel\Axel_3.npy,Skater_A,-8.543499,-13.433078,5.2329006
Axel_3.npy,81,D:/work/讨论/FS-Jump3D-main/FS-Jump3D-main/data/npy/Skater_A/Axel\Axel_3.npy,Skater_A,-8.951027,-12.744626,5.749006
Axel_3.npy,82,D:/work/讨论/FS-Jump3D-main/FS-Jump3D-main/data/npy/Skater_A/Axel\Axel_3.npy,Skater_A,-9.4302845,-12.094312,6.129621
Axel_3.npy,83,D:/work/讨论/FS-Jump3D-main/FS-Jump3D-main/data/npy/Skater_A/Axel\Axel_3.npy,Skater_A,-9.90172,-11.45863,6.4498835
Axel_3.npy,84,D:/work/讨论/FS-Jump3D-main/FS-Jump3D-main/data/npy/Skater_A/Axel\Axel_3.npy,Skater_A,-10.373226,-10.688769,6.8125477
Axel_3.npy,85,D:/work/讨论/FS-Jump3D-main/FS-Jump3D-main/data/npy/Skater_A/Axel\Axel_3.npy,Skater_A,-10.886521,-9.871255,7.130571
Axel_3.npy,86,D:/work/讨论/FS-Jump3D-main/FS-Jump3D-main/data/npy/Skater_A/Axel\Axel_3.npy,Skater_A,-11.435558,-9.158266,7.302473
Axel_3.npy,87,D:/work/讨论/FS-Jump3D-main/FS-Jump3D-main/data/npy/Skater_A/Axel\Axel_3.npy,Skater_A,-11.822532,-8.612845,7.395583
Axel_3.npy,88,D:/work/讨论/FS-Jump3D-main/FS-Jump3D-main/data/npy/Skater_A/Axel\Axel_3.npy,Skater_A,-12.0571,-8.127459,7.4827952
Axel_3.npy,89,D:/work/讨论/FS-Jump3D-main/FS-Jump3D-main/data/npy/Skater_A/Axel\Axel_3.npy,Skater_A,-12.2185755,-7.4261365,7.604249
Axel_3.npy,90,D:/work/讨论/FS-Jump3D-main/FS-Jump3D-main/data/npy/Skater_A/Axel\Axel_3.npy,Skater_A,-12.306956,-6.5238643,7.7099915
Axel_3.npy,91,D:/work/讨论/FS-Jump3D-main/FS-Jump3D-main/data/npy/Skater_A/Axel\Axel_3.npy,Skater_A,-12.455298,-5.785867,7.694773
Axel_3.npy,92,D:/work/讨论/FS-Jump3D-main/FS-Jump3D-main/data/npy/Skater_A/Axel\Axel_3.npy,Skater_A,-12.707118,-5.086455,7.534807
Axel_3.npy,93,D:/work/讨论/FS-Jump3D-main/FS-Jump3D-main/data/npy/Skater_A/Axel\Axel_3.npy,Skater_A,-12.863458,-4.242811,7.3568482
Axel_3.npy,94,D:/work/讨论/FS-Jump3D-main/FS-Jump3D-main/data/npy/Skater_A/Axel\Axel_3.npy,Skater_A,-12.91429,-3.4010558,7.1584315
Axel_3.npy,95,D:/work/讨论/FS-Jump3D-main/FS-Jump3D-main/data/npy/Skater_A/Axel\Axel_3.npy,Skater_A,-12.913761,-2.5949912,6.861991
Axel_3.npy,96,D:/work/讨论/FS-Jump3D-main/FS-Jump3D-main/data/npy/Skater_A/Axel\Axel_3.npy,Skater_A,-12.872914,-1.753788,6.4203258
Axel_3.npy,97,D:/work/讨论/FS-Jump3D-main/FS-Jump3D-main/data/npy/Skater_A/Axel\Axel_3.npy,Skater_A,-12.924047,-0.9931057,5.827463
Axel_3.npy,98,D:/work/讨论/FS-Jump3D-main/FS-Jump3D-main/data/npy/Skater_A/Axel\Axel_3.npy,Skater_A,-13.138427,-0.32004246,5.107539
Axel_3.npy,99,D:/work/讨论/FS-Jump3D-main/FS-Jump3D-main/data/npy/Skater_A/Axel\Axel_3.npy,Skater_A,-13.371569,0.28369072,4.3274174
Axel_3.npy,100,D:/work/讨论/FS-Jump3D-main/FS-Jump3D-main/data/npy/Skater_A/Axel\Axel_3.npy,Skater_A,-13.55373,0.83535236,3.5318894
Axel_3.npy,101,D:/work/讨论/FS-Jump3D-main/FS-Jump3D-main/data/npy/Skater_A/Axel\Axel_3.npy,Skater_A,-13.729961,1.3489769,2.7231078
Axel_3.npy,102,D:/work/讨论/FS-Jump3D-main/FS-Jump3D-main/data/npy/Skater_A/Axel\Axel_3.npy,Skater_A,-13.871655,1.8866907,1.8658478
Axel_3.npy,103,D:/work/讨论/FS-Jump3D-main/FS-Jump3D-main/data/npy/Skater_A/Axel\Axel_3.npy,Skater_A,-14.006406,2.4682915,0.9645459
Axel_3.npy,104,D:/work/讨论/FS-Jump3D-main/FS-Jump3D-main/data/npy/Skater_A/Axel\Axel_3.npy,Skater_A,-13.670081,3.0624375,0.0042399853
Axel_3.npy,105,D:/work/讨论/FS-Jump3D-main/FS-Jump3D-main/data/npy/Skater_A/Axel\Axel_3.npy,Skater_A,-14.094002,3.5773168,-1.3299313
Axel_3.npy,106,D:/work/讨论/FS-Jump3D-main/FS-Jump3D-main/data/npy/Skater_A/Axel\Axel_3.npy,Skater_A,-13.851367,4.6941066,-1.5378976
Axel_3.npy,107,D:/work/讨论/FS-Jump3D-main/FS-Jump3D-main/data/npy/Skater_A/Axel\Axel_3.npy,Skater_A,-14.019624,5.325658,-2.0538285
Axel_3.npy,108,D:/work/讨论/FS-Jump3D-main/FS-Jump3D-main/data/npy/Skater_A/Axel\Axel_3.npy,Skater_A,-14.088442,5.976963,-2.252529
Axel_3.npy,109,D:/work/讨论/FS-Jump3D-main/FS-Jump3D-main/data/npy/Skater_A/Axel\Axel_3.npy,Skater_A,-13.987507,6.927499,-2.3882442
Axel_3.npy,110,D:/work/讨论/FS-Jump3D-main/FS-Jump3D-main/data/npy/Skater_A/Axel\Axel_3.npy,Skater_A,-13.911852,7.65399,-2.373511
Axel_3.npy,111,D:/work/讨论/FS-Jump3D-main/FS-Jump3D-main/data/npy/Skater_A/Axel\Axel_3.npy,Skater_A,-13.781566,8.658265,-2.1921344
Axel_3.npy,112,D:/work/讨论/FS-Jump3D-main/FS-Jump3D-main/data/npy/Skater_A/Axel\Axel_3.npy,Skater_A,-13.606881,9.683834,-1.8549535
Axel_3.npy,113,D:/work/讨论/FS-Jump3D-main/FS-Jump3D-main/data/npy/Skater_A/Axel\Axel_3.npy,Skater_A,-13.269389,10.568333,-1.4234405
Axel_3.npy,114,D:/work/讨论/FS-Jump3D-main/FS-Jump3D-main/data/npy/Skater_A/Axel\Axel_3.npy,Skater_A,-12.80924,11.3491,-0.8333542
Axel_3.npy,115,D:/work/讨论/FS-Jump3D-main/FS-Jump3D-main/data/npy/Skater_A/Axel\Axel_3.npy,Skater_A,-12.261424,11.904863,-0.12842977
Axel_3.npy,116,D:/work/讨论/FS-Jump3D-main/FS-Jump3D-main/data/npy/Skater_A/Axel\Axel_3.npy,Skater_A,-11.626111,12.218761,0.6875184
Axel_3.npy,117,D:/work/讨论/FS-Jump3D-main/FS-Jump3D-main/data/npy/Skater_A/Axel\Axel_3.npy,Skater_A,-10.949203,12.340722,1.5608504
Axel_3.npy,118,D:/work/讨论/FS-Jump3D-main/FS-Jump3D-main/data/npy/Skater_A/Axel\Axel_3.npy,Skater_A,-10.357858,12.219816,2.3183715
Axel_3.npy,119,D:/work/讨论/FS-Jump3D-main/FS-Jump3D-main/data/npy/Skater_A/Axel\Axel_3.npy,Skater_A,-9.709613,12.0509,3.0020225
Axel_3.npy,120,D:/work/讨论/FS-Jump3D-main/FS-Jump3D-main/data/npy/Skater_A/Axel\Axel_3.npy,Skater_A,-9.01558,11.772923,3.7515013
Axel_3.npy,121,D:/work/讨论/FS-Jump3D-main/FS-Jump3D-main/data/npy/Skater_A/Axel\Axel_3.npy,Skater_A,-8.394025,11.385858,4.446468
Axel_3.npy,122,D:/work/讨论/FS-Jump3D-main/FS-Jump3D-main/data/npy/Skater_A/Axel\Axel_3.npy,Skater_A,-7.885507,10.9226,4.96788
Axel_3.npy,123,D:/work/讨论/FS-Jump3D-main/FS-Jump3D-main/data/npy/Skater_A/Axel\Axel_3.npy,Skater_A,-7.280066,10.390962,5.563766
Axel_3.npy,124,D:/work/讨论/FS-Jump3D-main/FS-Jump3D-main/data/npy/Skater_A/Axel\Axel_3.npy,Skater_A,-6.6593976,9.83716,6.210037
Axel_3.npy,125,D:/work/讨论/FS-Jump3D-main/FS-Jump3D-main/data/npy/Skater_A/Axel\Axel_3.npy,Skater_A,-6.028881,9.309134,6.803107
Axel_3.npy,126,D:/work/讨论/FS-Jump3D-main/FS-Jump3D-main/data/npy/Skater_A/Axel\Axel_3.npy,Skater_A,-5.223859,8.716643,7.5140133
Axel_3.npy,127,D:/work/讨论/FS-Jump3D-main/FS-Jump3D-main/data/npy/Skater_A/Axel\Axel_3.npy,Skater_A,-4.2903075,8.248587,8.269327
Axel_3.npy,128,D:/work/讨论/FS-Jump3D-main/FS-Jump3D-main/data/npy/Skater_A/Axel\Axel_3.npy,Skater_A,-3.388681,8.134968,8.871957
Axel_3.npy,129,D:/work/讨论/FS-Jump3D-main/FS-Jump3D-main/data/npy/Skater_A/Axel\Axel_3.npy,Skater_A,-2.0024328,8.206026,9.552991
Axel_3.npy,130,D:/work/讨论/FS-Jump3D-main/FS-Jump3D-main/data/npy/Skater_A/Axel\Axel_3.npy,Skater_A,-0.31232062,7.951957,10.118787
Axel_3.npy,131,D:/work/讨论/FS-Jump3D-main/FS-Jump3D-main/data/npy/Skater_A/Axel\Axel_3.npy,Skater_A,0.7772123,7.3663187,10.310686
Axel_3.npy,132,D:/work/讨论/FS-Jump3D-main/FS-Jump3D-main/data/npy/Skater_A/Axel\Axel_3.npy,Skater_A,1.4900111,6.4799542,10.372961
Axel_3.npy,133,D:/work/讨论/FS-Jump3D-main/FS-Jump3D-main/data/npy/Skater_A/Axel\Axel_3.npy,Skater_A,1.8438845,5.2540956,10.461794
Axel_3.npy,134,D:/work/讨论/FS-Jump3D-main/FS-Jump3D-main/data/npy/Skater_A/Axel\Axel_3.npy,Skater_A,1.5733287,3.8138354,10.565198
Axel_3.npy,135,D:/work/讨论/FS-Jump3D-main/FS-Jump3D-main/data/npy/Skater_A/Axel\Axel_3.npy,Skater_A,0.82674295,2.8000333,10.590641
Axel_3.npy,136,D:/work/讨论/FS-Jump3D-main/FS-Jump3D-main/data/npy/Skater_A/Axel\Axel_3.npy,Skater_A,-0.24049687,2.274843,10.6468315
Axel_3.npy,137,D:/work/讨论/FS-Jump3D-main/FS-Jump3D-main/data/npy/Skater_A/Axel\Axel_3.npy,Skater_A,-1.4976429,2.1996422,10.75401
Axel_3.npy,138,D:/work/讨论/FS-Jump3D-main/FS-Jump3D-main/data/npy/Skater_A/Axel\Axel_3.npy,Skater_A,-2.5514023,2.4871044,10.749244
Axel_3.npy,139,D:/work/讨论/FS-Jump3D-main/FS-Jump3D-main/data/npy/Skater_A/Axel\Axel_3.npy,Skater_A,-3.4558861,2.759227,10.452867
Axel_3.npy,140,D:/work/讨论/FS-Jump3D-main/FS-Jump3D-main/data/npy/Skater_A/Axel\Axel_3.npy,Skater_A,-3.9606323,3.8307,9.793561
Axel_3.npy,141,D:/work/讨论/FS-Jump3D-main/FS-Jump3D-main/data/npy/Skater_A/Axel\Axel_3.npy,Skater_A,-4.066811,5.0671897,9.8344555
Axel_3.npy,142,D:/work/讨论/FS-Jump3D-main/FS-Jump3D-main/data/npy/Skater_A/Axel\Axel_3.npy,Skater_A,-3.8886518,6.116943,9.841576
Axel_3.npy,143,D:/work/讨论/FS-Jump3D-main/FS-Jump3D-main/data/npy/Skater_A/Axel\Axel_3.npy,Skater_A,-3.2268026,7.1800203,10.250693
Axel_3.npy,144,D:/work/讨论/FS-Jump3D-main/FS-Jump3D-main/data/npy/Skater_A/Axel\Axel_3.npy,Skater_A,-1.8700436,8.042825,10.945819
Axel_3.npy,145,D:/work/讨论/FS-Jump3D-main/FS-Jump3D-main/data/npy/Skater_A/Axel\Axel_3.npy,Skater_A,-0.6068842,8.051946,11.326339
Axel_3.npy,146,D:/work/讨论/FS-Jump3D-main/FS-Jump3D-main/data/npy/Skater_A/Axel\Axel_3.npy,Skater_A,1.38961,7.2079463,12.704929
Axel_3.npy,147,D:/work/讨论/FS-Jump3D-main/FS-Jump3D-main/data/npy/Skater_A/Axel\Axel_3.npy,Skater_A,1.9001608,6.796299,12.338799
Axel_3.npy,148,D:/work/讨论/FS-Jump3D-main/FS-Jump3D-main/data/npy/Skater_A/Axel\Axel_3.npy,Skater_A,1.852539,4.5517044,12.584173
Axel_3.npy,149,D:/work/讨论/FS-Jump3D-main/FS-Jump3D-main/data/npy/Skater_A/Axel\Axel_3.npy,Skater_A,1.0092903,3.373827,12.459008
Axel_3.npy,150,D:/work/讨论/FS-Jump3D-main/FS-Jump3D-main/data/npy/Skater_A/Axel\Axel_3.npy,Skater_A,0.3330022,2.3951623,12.336471
Axel_3.npy,151,D:/work/讨论/FS-Jump3D-main/FS-Jump3D-main/data/npy/Skater_A/Axel\Axel_3.npy,Skater_A,-0.65655965,1.6858845,12.752591
Axel_3.npy,152,D:/work/讨论/FS-Jump3D-main/FS-Jump3D-main/data/npy/Skater_A/Axel\Axel_3.npy,Skater_A,-1.2755741,1.0066152,13.273641
Axel_3.npy,153,D:/work/讨论/FS-Jump3D-main/FS-Jump3D-main/data/npy/Skater_A/Axel\Axel_3.npy,Skater_A,-1.5883844,0.24147333,13.838457
Axel_3.npy,154,D:/work/讨论/FS-Jump3D-main/FS-Jump3D-main/data/npy/Skater_A/Axel\Axel_3.npy,Skater_A,-2.0992777,-0.70676583,14.146768
Axel_3.npy,155,D:/work/讨论/FS-Jump3D-main/FS-Jump3D-main/data/npy/Skater_A/Axel\Axel_3.npy,Skater_A,-1.7510583,-1.4843485,14.713259
Axel_3.npy,156,D:/work/讨论/FS-Jump3D-main/FS-Jump3D-main/data/npy/Skater_A/Axel\Axel_3.npy,Skater_A,-1.6229994,-2.1743457,15.15559
Axel_3.npy,157,D:/work/讨论/FS-Jump3D-main/FS-Jump3D-main/data/npy/Skater_A/Axel\Axel_3.npy,Skater_A,-1.3925794,-2.8657267,15.328699
Axel_3.npy,158,D:/work/讨论/FS-Jump3D-main/FS-Jump3D-main/data/npy/Skater_A/Axel\Axel_3.npy,Skater_A,-1.1076612,-3.699452,15.350933
Axel_3.npy,159,D:/work/讨论/FS-Jump3D-main/FS-Jump3D-main/data/npy/Skater_A/Axel\Axel_3.npy,Skater_A,-0.7825669,-4.6132755,15.054007
Axel_3.npy,160,D:/work/讨论/FS-Jump3D-main/FS-Jump3D-main/data/npy/Skater_A/Axel\Axel_3.npy,Skater_A,-0.47939852,-5.4078355,14.58437
Axel_3.npy,161,D:/work/讨论/FS-Jump3D-main/FS-Jump3D-main/data/npy/Skater_A/Axel\Axel_3.npy,Skater_A,-0.24624707,-6.1147833,14.1313925
Axel_3.npy,162,D:/work/讨论/FS-Jump3D-main/FS-Jump3D-main/data/npy/Skater_A/Axel\Axel_3.npy,Skater_A,-0.016388908,-6.7740164,13.720184
Axel_3.npy,163,D:/work/讨论/FS-Jump3D-main/FS-Jump3D-main/data/npy/Skater_A/Axel\Axel_3.npy,Skater_A,0.2050068,-7.4080315,13.237469
Axel_3.npy,164,D:/work/讨论/FS-Jump3D-main/FS-Jump3D-main/data/npy/Skater_A/Axel\Axel_3.npy,Skater_A,0.52388203,-8.065424,12.619681
Axel_3.npy,165,D:/work/讨论/FS-Jump3D-main/FS-Jump3D-main/data/npy/Skater_A/Axel\Axel_3.npy,Skater_A,0.8713172,-8.671614,11.9384
Axel_3.npy,166,D:/work/讨论/FS-Jump3D-main/FS-Jump3D-main/data/npy/Skater_A/Axel\Axel_3.npy,Skater_A,1.1186215,-9.224598,11.288519
Axel_3.npy,167,D:/work/讨论/FS-Jump3D-main/FS-Jump3D-main/data/npy/Skater_A/Axel\Axel_3.npy,Skater_A,1.2932571,-9.697175,10.675135
Axel_3.npy,168,D:/work/讨论/FS-Jump3D-main/FS-Jump3D-main/data/npy/Skater_A/Axel\Axel_3.npy,Skater_A,1.4683142,-9.984897,10.121488
Axel_3.npy,169,D:/work/讨论/FS-Jump3D-main/FS-Jump3D-main/data/npy/Skater_A/Axel\Axel_3.npy,Skater_A,1.6710795,-10.188897,9.594125
Axel_3.npy,170,D:/work/讨论/FS-Jump3D-main/FS-Jump3D-main/data/npy/Skater_A/Axel\Axel_3.npy,Skater_A,1.9462435,-10.445904,8.98023
Axel_3.npy,171,D:/work/讨论/FS-Jump3D-main/FS-Jump3D-main/data/npy/Skater_A/Axel\Axel_3.npy,Skater_A,2.2716968,-10.613107,8.336898
Axel_3.npy,172,D:/work/讨论/FS-Jump3D-main/FS-Jump3D-main/data/npy/Skater_A/Axel\Axel_3.npy,Skater_A,2.6043732,-10.599308,7.7704563
Axel_3.npy,173,D:/work/讨论/FS-Jump3D-main/FS-Jump3D-main/data/npy/Skater_A/Axel\Axel_3.npy,Skater_A,2.926688,-10.399802,7.2910547
Axel_3.npy,174,D:/work/讨论/FS-Jump3D-main/FS-Jump3D-main/data/npy/Skater_A/Axel\Axel_3.npy,Skater_A,3.2854054,-10.103196,6.804198
Axel_3.npy,175,D:/work/讨论/FS-Jump3D-main/FS-Jump3D-main/data/npy/Skater_A/Axel\Axel_3.npy,Skater_A,3.6588314,-9.778351,6.3369994
Axel_3.npy,176,D:/work/讨论/FS-Jump3D-main/FS-Jump3D-main/data/npy/Skater_A/Axel\Axel_3.npy,Skater_A,4.029237,-9.442275,5.9254975
Axel_3.npy,177,D:/work/讨论/FS-Jump3D-main/FS-Jump3D-main/data/npy/Skater_A/Axel\Axel_3.npy,Skater_A,4.411507,-9.071704,5.567176
Axel_3.npy,178,D:/work/讨论/FS-Jump3D-main/FS-Jump3D-main/data/npy/Skater_A/Axel\Axel_3.npy,Skater_A,4.7591567,-8.614205,5.2750545
Axel_3.npy,179,D:/work/讨论/FS-Jump3D-main/FS-Jump3D-main/data/npy/Skater_A/Axel\Axel_3.npy,Skater_A,5.061131,-8.196452,5.053259
Axel_3.npy,180,D:/work/讨论/FS-Jump3D-main/FS-Jump3D-main/data/npy/Skater_A/Axel\Axel_3.npy,Skater_A,5.412965,-7.894274,4.88643
Axel_3.npy,181,D:/work/讨论/FS-Jump3D-main/FS-Jump3D-main/data/npy/Skater_A/Axel\Axel_3.npy,Skater_A,5.8482566,-7.552715,4.7868476
Axel_3.npy,182,D:/work/讨论/FS-Jump3D-main/FS-Jump3D-main/data/npy/Skater_A/Axel\Axel_3.npy,Skater_A,6.297867,-7.1653223,4.763657
Axel_3.npy,183,D:/work/讨论/FS-Jump3D-main/FS-Jump3D-main/data/npy/Skater_A/Axel\Axel_3.npy,Skater_A,6.697979,-6.8021917,4.7685046
Axel_3.npy,184,D:/work/讨论/FS-Jump3D-main/FS-Jump3D-main/data/npy/Skater_A/Axel\Axel_3.npy,Skater_A,7.0500154,-6.4178977,4.7572517
Axel_3.npy,185,D:/work/讨论/FS-Jump3D-main/FS-Jump3D-main/data/npy/Skater_A/Axel\Axel_3.npy,Skater_A,7.397203,-6.0526247,4.7122784
Axel_3.npy,186,D:/work/讨论/FS-Jump3D-main/FS-Jump3D-main/data/npy/Skater_A/Axel\Axel_3.npy,Skater_A,7.7134633,-5.740082,4.676818
Axel_3.npy,187,D:/work/讨论/FS-Jump3D-main/FS-Jump3D-main/data/npy/Skater_A/Axel\Axel_3.npy,Skater_A,8.139569,-5.3974957,4.614651
Axel_3.npy,188,D:/work/讨论/FS-Jump3D-main/FS-Jump3D-main/data/npy/Skater_A/Axel\Axel_3.npy,Skater_A,8.704937,-4.934387,4.587081
Axel_3.npy,189,D:/work/讨论/FS-Jump3D-main/FS-Jump3D-main/data/npy/Skater_A/Axel\Axel_3.npy,Skater_A,9.01288,-4.58916,4.6137557
Axel_3.npy,190,D:/work/讨论/FS-Jump3D-main/FS-Jump3D-main/data/npy/Skater_A/Axel\Axel_3.npy,Skater_A,9.157755,-4.3256574,4.6437397
Axel_3.npy,191,D:/work/讨论/FS-Jump3D-main/FS-Jump3D-main/data/npy/Skater_A/Axel\Axel_3.npy,Skater_A,9.302353,-4.1039004,4.6715407
Axel_3.npy,192,D:/work/讨论/FS-Jump3D-main/FS-Jump3D-main/data/npy/Skater_A/Axel\Axel_3.npy,Skater_A,9.466001,-3.8889258,4.6925035
Axel_3.npy,193,D:/work/讨论/FS-Jump3D-main/FS-Jump3D-main/data/npy/Skater_A/Axel\Axel_3.npy,Skater_A,9.642624,-3.6742413,4.70958
Axel_3.npy,194,D:/work/讨论/FS-Jump3D-main/FS-Jump3D-main/data/npy/Skater_A/Axel\Axel_3.npy,Skater_A,9.888205,-3.4069536,4.6912966
Axel_3.npy,195,D:/work/讨论/FS-Jump3D-main/FS-Jump3D-main/data/npy/Skater_A/Axel\Axel_3.npy,Skater_A,10.169027,-3.0251648,4.6307764
Axel_3.npy,196,D:/work/讨论/FS-Jump3D-main/FS-Jump3D-main/data/npy/Skater_A/Axel\Axel_3.npy,Skater_A,10.483249,-2.5100443,4.5087347
Axel_3.npy,197,D:/work/讨论/FS-Jump3D-main/FS-Jump3D-main/data/npy/Skater_A/Axel\Axel_3.npy,Skater_A,10.669015,-2.084979,4.382874
Axel_3.npy,198,D:/work/讨论/FS-Jump3D-main/FS-Jump3D-main/data/npy/Skater_A/Axel\Axel_3.npy,Skater_A,10.769048,-1.7406775,4.2218504
Axel_3.npy,199,D:/work/讨论/FS-Jump3D-main/FS-Jump3D-main/data/npy/Skater_A/Axel\Axel_3.npy,Skater_A,10.82851,-1.4421073,4.0446973
Axel_3.npy,200,D:/work/讨论/FS-Jump3D-main/FS-Jump3D-main/data/npy/Skater_A/Axel\Axel_3.npy,Skater_A,10.855533,-1.1755573,3.9076815
Axel_3.npy,201,D:/work/讨论/FS-Jump3D-main/FS-Jump3D-main/data/npy/Skater_A/Axel\Axel_3.npy,Skater_A,10.865996,-0.85791457,3.7412071
Axel_3.npy,202,D:/work/讨论/FS-Jump3D-main/FS-Jump3D-main/data/npy/Skater_A/Axel\Axel_3.npy,Skater_A,10.85789,-0.44222507,3.5243838
Axel_3.npy,203,D:/work/讨论/FS-Jump3D-main/FS-Jump3D-main/data/npy/Skater_A/Axel\Axel_3.npy,Skater_A,10.81561,-0.015260037,3.4024086
Axel_3.npy,204,D:/work/讨论/FS-Jump3D-main/FS-Jump3D-main/data/npy/Skater_A/Axel\Axel_3.npy,Skater_A,10.735436,0.433191,3.3246112
Axel_3.npy,205,D:/work/讨论/FS-Jump3D-main/FS-Jump3D-main/data/npy/Skater_A/Axel\Axel_3.npy,Skater_A,10.615467,0.97929096,3.237237
Axel_3.npy,206,D:/work/讨论/FS-Jump3D-main/FS-Jump3D-main/data/npy/Skater_A/Axel\Axel_3.npy,Skater_A,10.527285,1.5085624,3.1628935
Axel_3.npy,207,D:/work/讨论/FS-Jump3D-main/FS-Jump3D-main/data/npy/Skater_A/Axel\Axel_3.npy,Skater_A,10.47308,1.9638218,3.1022043
Axel_3.npy,208,D:/work/讨论/FS-Jump3D-main/FS-Jump3D-main/data/npy/Skater_A/Axel\Axel_3.npy,Skater_A,10.445603,2.4285862,2.9957607
Axel_3.npy,209,D:/work/讨论/FS-Jump3D-main/FS-Jump3D-main/data/npy/Skater_A/Axel\Axel_3.npy,Skater_A,10.404483,2.8893554,2.864655
Axel_3.npy,210,D:/work/讨论/FS-Jump3D-main/FS-Jump3D-main/data/npy/Skater_A/Axel\Axel_3.npy,Skater_A,10.363132,3.2701352,2.7420778
Axel_3.npy,211,D:/work/讨论/FS-Jump3D-main/FS-Jump3D-main/data/npy/Skater_A/Axel\Axel_3.npy,Skater_A,10.374899,3.689111,2.51294
Axel_3.npy,212,D:/work/讨论/FS-Jump3D-main/FS-Jump3D-main/data/npy/Skater_A/Axel\Axel_3.npy,Skater_A,10.421761,4.21099,2.1420794
Axel_3.npy,213,D:/work/讨论/FS-Jump3D-main/FS-Jump3D-main/data/npy/Skater_A/Axel\Axel_3.npy,Skater_A,10.443243,4.7372427,1.7747263
Axel_3.npy,214,D:/work/讨论/FS-Jump3D-main/FS-Jump3D-main/data/npy/Skater_A/Axel\Axel_3.npy,Skater_A,10.402417,5.308813,1.3476398
Axel_3.npy,215,D:/work/讨论/FS-Jump3D-main/FS-Jump3D-main/data/npy/Skater_A/Axel\Axel_3.npy,Skater_A,10.276855,5.966391,0.85807353
Axel_3.npy,216,D:/work/讨论/FS-Jump3D-main/FS-Jump3D-main/data/npy/Skater_A/Axel\Axel_3.npy,Skater_A,10.068249,6.5100546,0.4565863
Axel_3.npy,217,D:/work/讨论/FS-Jump3D-main/FS-Jump3D-main/data/npy/Skater_A/Axel\Axel_3.npy,Skater_A,9.800242,7.011302,0.11519013
Axel_3.npy,218,D:/work/讨论/FS-Jump3D-main/FS-Jump3D-main/data/npy/Skater_A/Axel\Axel_3.npy,Skater_A,9.466811,7.5386915,-0.24198955
Axel_3.npy,219,D:/work/讨论/FS-Jump3D-main/FS-Jump3D-main/data/npy/Skater_A/Axel\Axel_3.npy,Skater_A,9.089377,7.989214,-0.5235567
Axel_3.npy,220,D:/work/讨论/FS-Jump3D-main/FS-Jump3D-main/data/npy/Skater_A/Axel\Axel_3.npy,Skater_A,8.696531,8.351092,-0.73361975
Axel_3.npy,221,D:/work/讨论/FS-Jump3D-main/FS-Jump3D-main/data/npy/Skater_A/Axel\Axel_3.npy,Skater_A,8.282739,8.678549,-0.9371809
Axel_3.npy,222,D:/work/讨论/FS-Jump3D-main/FS-Jump3D-main/data/npy/Skater_A/Axel\Axel_3.npy,Skater_A,7.8824844,8.972661,-1.1121838
Axel_3.npy,223,D:/work/讨论/FS-Jump3D-main/FS-Jump3D-main/data/npy/Skater_A/Axel\Axel_3.npy,Skater_A,7.497928,9.242838,-1.2705888
Axel_3.npy,224,D:/work/讨论/FS-Jump3D-main/FS-Jump3D-main/data/npy/Skater_A/Axel\Axel_3.npy,Skater_A,7.1162496,9.516719,-1.4523427
Axel_3.npy,225,D:/work/讨论/FS-Jump3D-main/FS-Jump3D-main/data/npy/Skater_A/Axel\Axel_3.npy,Skater_A,6.788364,9.769907,-1.6228272
Axel_3.npy,226,D:/work/讨论/FS-Jump3D-main/FS-Jump3D-main/data/npy/Skater_A/Axel\Axel_3.npy,Skater_A,6.514829,9.973017,-1.7324576
Axel_3.npy,227,D:/work/讨论/FS-Jump3D-main/FS-Jump3D-main/data/npy/Skater_A/Axel\Axel_3.npy,Skater_A,6.23909,10.1356535,-1.7831018
Axel_3.npy,228,D:/work/讨论/FS-Jump3D-main/FS-Jump3D-main/data/npy/Skater_A/Axel\Axel_3.npy,Skater_A,5.946141,10.304861,-1.8032393
Axel_3.npy,229,D:/work/讨论/FS-Jump3D-main/FS-Jump3D-main/data/npy/Skater_A/Axel\Axel_3.npy,Skater_A,5.6540675,10.475302,-1.8195411
Axel_3.npy,230,D:/work/讨论/FS-Jump3D-main/FS-Jump3D-main/data/npy/Skater_A/Axel\Axel_3.npy,Skater_A,5.3525248,10.654849,-1.822636
Axel_3.npy,231,D:/work/讨论/FS-Jump3D-main/FS-Jump3D-main/data/npy/Skater_A/Axel\Axel_3.npy,Skater_A,5.032162,10.850908,-1.7949948
Axel_3.npy,232,D:/work/讨论/FS-Jump3D-main/FS-Jump3D-main/data/npy/Skater_A/Axel\Axel_3.npy,Skater_A,4.706802,11.071561,-1.7390617
Axel_3.npy,233,D:/work/讨论/FS-Jump3D-main/FS-Jump3D-main/data/npy/Skater_A/Axel\Axel_3.npy,Skater_A,4.3660674,11.326276,-1.6620898
Axel_3.npy,234,D:/work/讨论/FS-Jump3D-main/FS-Jump3D-main/data/npy/Skater_A/Axel\Axel_3.npy,Skater_A,4.063107,11.568078,-1.5846761
Axel_3.npy,235,D:/work/讨论/FS-Jump3D-main/FS-Jump3D-main/data/npy/Skater_A/Axel\Axel_3.npy,Skater_A,3.85142,11.748422,-1.5209002
Axel_3.npy,236,D:/work/讨论/FS-Jump3D-main/FS-Jump3D-main/data/npy/Skater_A/Axel\Axel_3.npy,Skater_A,3.6915977,11.900841,-1.4538938
Axel_3.npy,237,D:/work/讨论/FS-Jump3D-main/FS-Jump3D-main/data/npy/Skater_A/Axel\Axel_3.npy,Skater_A,3.5503104,12.064609,-1.3903356
Axel_3.npy,238,D:/work/讨论/FS-Jump3D-main/FS-Jump3D-main/data/npy/Skater_A/Axel\Axel_3.npy,Skater_A,3.4227118,12.229789,-1.3339609
Axel_3.npy,239,D:/work/讨论/FS-Jump3D-main/FS-Jump3D-main/data/npy/Skater_A/Axel\Axel_3.npy,Skater_A,3.2969656,12.399498,-1.2702398
Axel_3.npy,240,D:/work/讨论/FS-Jump3D-main/FS-Jump3D-main/data/npy/Skater_A/Axel\Axel_3.npy,Skater_A,3.1901789,12.556826,-1.2147856
Axel_3.npy,241,D:/work/讨论/FS-Jump3D-main/FS-Jump3D-main/data/npy/Skater_A/Axel\Axel_3.npy,Skater_A,3.1107361,12.713655,-1.194339
Axel_3.npy,242,D:/work/讨论/FS-Jump3D-main/FS-Jump3D-main/data/npy/Skater_A/Axel\Axel_3.npy,Skater_A,3.0395763,12.8836,-1.1885176
Axel_3.npy,243,D:/work/讨论/FS-Jump3D-main/FS-Jump3D-main/data/npy/Skater_A/Axel\Axel_3.npy,Skater_A,2.9763005,13.048591,-1.1786399
Axel_3.npy,244,D:/work/讨论/FS-Jump3D-main/FS-Jump3D-main/data/npy/Skater_A/Axel\Axel_3.npy,Skater_A,2.9337058,13.1933155,-1.1655202
Axel_3.npy,245,D:/work/讨论/FS-Jump3D-main/FS-Jump3D-main/data/npy/Skater_A/Axel\Axel_3.npy,Skater_A,2.9113572,13.328251,-1.1604865
Axel_3.npy,246,D:/work/讨论/FS-Jump3D-main/FS-Jump3D-main/data/npy/Skater_A/Axel\Axel_3.npy,Skater_A,2.903675,13.471262,-1.166097
Axel_3.npy,247,D:/work/讨论/FS-Jump3D-main/FS-Jump3D-main/data/npy/Skater_A/Axel\Axel_3.npy,Skater_A,2.911096,13.628295,-1.1746881
Axel_3.npy,248,D:/work/讨论/FS-Jump3D-main/FS-Jump3D-main/data/npy/Skater_A/Axel\Axel_3.npy,Skater_A,2.9241223,13.7853985,-1.1806799
Axel_3.npy,249,D:/work/讨论/FS-Jump3D-main/FS-Jump3D-main/data/npy/Skater_A/Axel\Axel_3.npy,Skater_A,2.94036,13.940848,-1.186592
Axel_3.npy,250,D:/work/讨论/FS-Jump3D-main/FS-Jump3D-main/data/npy/Skater_A/Axel\Axel_3.npy,Skater_A,2.9706845,14.109039,-1.1929657
Axel_3.npy,251,D:/work/讨论/FS-Jump3D-main/FS-Jump3D-main/data/npy/Skater_A/Axel\Axel_3.npy,Skater_A,3.004768,14.262325,-1.195796
Axel_3.npy,252,D:/work/讨论/FS-Jump3D-main/FS-Jump3D-main/data/npy/Skater_A/Axel\Axel_3.npy,Skater_A,3.030939,14.3881645,-1.1960589
Axel_3.npy,253,D:/work/讨论/FS-Jump3D-main/FS-Jump3D-main/data/npy/Skater_A/Axel\Axel_3.npy,Skater_A,3.06571,14.509549,-1.197716
Axel_3.npy,254,D:/work/讨论/FS-Jump3D-main/FS-Jump3D-main/data/npy/Skater_A/Axel\Axel_3.npy,Skater_A,3.1166353,14.632339,-1.2031996
Axel_3.npy,255,D:/work/讨论/FS-Jump3D-main/FS-Jump3D-main/data/npy/Skater_A/Axel\Axel_3.npy,Skater_A,3.1716683,14.749353,-1.2045528
Axel_3.npy,256,D:/work/讨论/FS-Jump3D-main/FS-Jump3D-main/data/npy/Skater_A/Axel\Axel_3.npy,Skater_A,3.2200916,14.843596,-1.2030444
Axel_3.npy,257,D:/work/讨论/FS-Jump3D-main/FS-Jump3D-main/data/npy/Skater_A/Axel\Axel_3.npy,Skater_A,3.2569535,14.9082,-1.1994199
Axel_3.npy,258,D:/work/讨论/FS-Jump3D-main/FS-Jump3D-main/data/npy/Skater_A/Axel\Axel_3.npy,Skater_A,3.3021042,14.986594,-1.1921743
Axel_3.npy,259,D:/work/讨论/FS-Jump3D-main/FS-Jump3D-main/data/npy/Skater_A/Axel\Axel_3.npy,Skater_A,3.3672156,15.089536,-1.1772835
Axel_3.npy,260,D:/work/讨论/FS-Jump3D-main/FS-Jump3D-main/data/npy/Skater_A/Axel\Axel_3.npy,Skater_A,3.377661,15.108592,-1.1712134
Axel_4.npy,0,D:/work/讨论/FS-Jump3D-main/FS-Jump3D-main/data/npy/Skater_A/Axel\Axel_4.npy,Skater_A,5.7090607,5.7355695,-15.405243
Axel_4.npy,1,D:/work/讨论/FS-Jump3D-main/FS-Jump3D-main/data/npy/Skater_A/Axel\Axel_4.npy,Skater_A,5.701806,5.7661867,-14.855439
Axel_4.npy,2,D:/work/讨论/FS-Jump3D-main/FS-Jump3D-main/data/npy/Skater_A/Axel\Axel_4.npy,Skater_A,5.863269,6.072664,-14.168455
Axel_4.npy,3,D:/work/讨论/FS-Jump3D-main/FS-Jump3D-main/data/npy/Skater_A/Axel\Axel_4.npy,Skater_A,6.122697,6.8150063,-13.604665
Axel_4.npy,4,D:/work/讨论/FS-Jump3D-main/FS-Jump3D-main/data/npy/Skater_A/Axel\Axel_4.npy,Skater_A,6.115114,6.9295096,-13.572781
Axel_4.npy,5,D:/work/讨论/FS-Jump3D-main/FS-Jump3D-main/data/npy/Skater_A/Axel\Axel_4.npy,Skater_A,6.0424604,7.10822,-13.542246
Axel_4.npy,6,D:/work/讨论/FS-Jump3D-main/FS-Jump3D-main/data/npy/Skater_A/Axel\Axel_4.npy,Skater_A,5.989777,7.482544,-13.417125
Axel_4.npy,7,D:/work/讨论/FS-Jump3D-main/FS-Jump3D-main/data/npy/Skater_A/Axel\Axel_4.npy,Skater_A,5.9367013,7.8780055,-13.28599
Axel_4.npy,8,D:/work/讨论/FS-Jump3D-main/FS-Jump3D-main/data/npy/Skater_A/Axel\Axel_4.npy,Skater_A,5.6504626,8.094934,-13.289744
Axel_4.npy,9,D:/work/讨论/FS-Jump3D-main/FS-Jump3D-main/data/npy/Skater_A/Axel\Axel_4.npy,Skater_A,4.738884,8.516413,-13.427981
Axel_4.npy,10,D:/work/讨论/FS-Jump3D-main/FS-Jump3D-main/data/npy/Skater_A/Axel\Axel_4.npy,Skater_A,5.1094537,9.972026,-12.063615
Axel_4.npy,11,D:/work/讨论/FS-Jump3D-main/FS-Jump3D-main/data/npy/Skater_A/Axel\Axel_4.npy,Skater_A,5.6295614,9.094581,-13.3959
Axel_4.npy,12,D:/work/讨论/FS-Jump3D-main/FS-Jump3D-main/data/npy/Skater_A/Axel\Axel_4.npy,Skater_A,7.383665,10.462613,-12.4579315
Axel_4.npy,13,D:/work/讨论/FS-Jump3D-main/FS-Jump3D-main/data/npy/Skater_A/Axel\Axel_4.npy,Skater_A,7.31788,10.535185,-12.328322
Axel_4.npy,14,D:/work/讨论/FS-Jump3D-main/FS-Jump3D-main/data/npy/Skater_A/Axel\Axel_4.npy,Skater_A,7.1900444,10.5065565,-12.363946
Axel_4.npy,15,D:/work/讨论/FS-Jump3D-main/FS-Jump3D-main/data/npy/Skater_A/Axel\Axel_4.npy,Skater_A,7.3466644,10.472419,-12.256475
Axel_4.npy,16,D:/work/讨论/FS-Jump3D-main/FS-Jump3D-main/data/npy/Skater_A/Axel\Axel_4.npy,Skater_A,5.734851,9.37985,-14.318294
Axel_4.npy,17,D:/work/讨论/FS-Jump3D-main/FS-Jump3D-main/data/npy/Skater_A/Axel\Axel_4.npy,Skater_A,2.2667303,10.574653,-13.319899
Axel_4.npy,18,D:/work/讨论/FS-Jump3D-main/FS-Jump3D-main/data/npy/Skater_A/Axel\Axel_4.npy,Skater_A,2.0679018,10.569907,-13.369422
Axel_4.npy,19,D:/work/讨论/FS-Jump3D-main/FS-Jump3D-main/data/npy/Skater_A/Axel\Axel_4.npy,Skater_A,2.0829685,10.502973,-13.387337
Axel_4.npy,20,D:/work/讨论/FS-Jump3D-main/FS-Jump3D-main/data/npy/Skater_A/Axel\Axel_4.npy,Skater_A,2.140025,10.422649,-13.399315
Axel_4.npy,21,D:/work/讨论/FS-Jump3D-main/FS-Jump3D-main/data/npy/Skater_A/Axel\Axel_4.npy,Skater_A,2.256936,10.3537655,-13.394324
Axel_4.npy,22,D:/work/讨论/FS-Jump3D-main/FS-Jump3D-main/data/npy/Skater_A/Axel\Axel_4.npy,Skater_A,2.4950864,10.2855625,-13.357012
Axel_4.npy,23,D:/work/讨论/FS-Jump3D-main/FS-Jump3D-main/data/npy/Skater_A/Axel\Axel_4.npy,Skater_A,2.8773117,10.153467,-13.293529
Axel_4.npy,24,D:/work/讨论/FS-Jump3D-main/FS-Jump3D-main/data/npy/Skater_A/Axel\Axel_4.npy,Skater_A,3.5128517,9.907981,-13.14735
Axel_4.npy,25,D:/work/讨论/FS-Jump3D-main/FS-Jump3D-main/data/npy/Skater_A/Axel\Axel_4.npy,Skater_A,3.894028,9.588944,-13.125289
Axel_4.npy,26,D:/work/讨论/FS-Jump3D-main/FS-Jump3D-main/data/npy/Skater_A/Axel\Axel_4.npy,Skater_A,3.9910402,8.282346,-13.369937
Axel_4.npy,27,D:/work/讨论/FS-Jump3D-main/FS-Jump3D-main/data/npy/Skater_A/Axel\Axel_4.npy,Skater_A,3.9998388,7.8176074,-13.364361
Axel_4.npy,28,D:/work/讨论/FS-Jump3D-main/FS-Jump3D-main/data/npy/Skater_A/Axel\Axel_4.npy,Skater_A,3.887414,7.9292116,-13.361556
Axel_4.npy,29,D:/work/讨论/FS-Jump3D-main/FS-Jump3D-main/data/npy/Skater_A/Axel\Axel_4.npy,Skater_A,3.9088695,7.073498,-13.299242
Axel_4.npy,30,D:/work/讨论/FS-Jump3D-main/FS-Jump3D-main/data/npy/Skater_A/Axel\Axel_4.npy,Skater_A,3.8555052,6.532099,-13.362222
Axel_4.npy,31,D:/work/讨论/FS-Jump3D-main/FS-Jump3D-main/data/npy/Skater_A/Axel\Axel_4.npy,Skater_A,3.9350848,5.635772,-13.525071
Axel_4.npy,32,D:/work/讨论/FS-Jump3D-main/FS-Jump3D-main/data/npy/Skater_A/Axel\Axel_4.npy,Skater_A,4.3114476,4.3055496,-13.61647
Axel_4.npy,33,D:/work/讨论/FS-Jump3D-main/FS-Jump3D-main/data/npy/Skater_A/Axel\Axel_4.npy,Skater_A,4.348897,3.585617,-13.54169
Axel_4.npy,34,D:/work/讨论/FS-Jump3D-main/FS-Jump3D-main/data/npy/Skater_A/Axel\Axel_4.npy,Skater_A,4.2571955,3.2109308,-13.569153
Axel_4.npy,35,D:/work/讨论/FS-Jump3D-main/FS-Jump3D-main/data/npy/Skater_A/Axel\Axel_4.npy,Skater_A,4.0991693,2.7582417,-13.635773
Axel_4.npy,36,D:/work/讨论/FS-Jump3D-main/FS-Jump3D-main/data/npy/Skater_A/Axel\Axel_4.npy,Skater_A,3.97623,2.3242888,-13.70022
Axel_4.npy,37,D:/work/讨论/FS-Jump3D-main/FS-Jump3D-main/data/npy/Skater_A/Axel\Axel_4.npy,Skater_A,3.8957582,1.7528001,-13.780265
Axel_4.npy,38,D:/work/讨论/FS-Jump3D-main/FS-Jump3D-main/data/npy/Skater_A/Axel\Axel_4.npy,Skater_A,3.6759908,1.0801798,-13.905271
Axel_4.npy,39,D:/work/讨论/FS-Jump3D-main/FS-Jump3D-main/data/npy/Skater_A/Axel\Axel_4.npy,Skater_A,3.3849702,0.49287236,-13.950689
Axel_4.npy,40,D:/work/讨论/FS-Jump3D-main/FS-Jump3D-main/data/npy/Skater_A/Axel\Axel_4.npy,Skater_A,3.1411178,0.016348781,-13.920635
Axel_4.npy,41,D:/work/讨论/FS-Jump3D-main/FS-Jump3D-main/data/npy/Skater_A/Axel\Axel_4.npy,Skater_A,2.9002137,-0.41252995,-13.864669
Axel_4.npy,42,D:/work/讨论/FS-Jump3D-main/FS-Jump3D-main/data/npy/Skater_A/Axel\Axel_4.npy,Skater_A,2.5311668,-1.0158069,-13.774035
Axel_4.npy,43,D:/work/讨论/FS-Jump3D-main/FS-Jump3D-main/data/npy/Skater_A/Axel\Axel_4.npy,Skater_A,1.812378,-2.0138469,-13.536033
Axel_4.npy,44,D:/work/讨论/FS-Jump3D-main/FS-Jump3D-main/data/npy/Skater_A/Axel\Axel_4.npy,Skater_A,1.315201,-2.6685135,-13.331498
Axel_4.npy,45,D:/work/讨论/FS-Jump3D-main/FS-Jump3D-main/data/npy/Skater_A/Axel\Axel_4.npy,Skater_A,1.0368239,-2.952204,-13.232173
Axel_4.npy,46,D:/work/讨论/FS-Jump3D-main/FS-Jump3D-main/data/npy/Skater_A/Axel\Axel_4.npy,Skater_A,0.7930929,-3.0867767,-13.143186
Axel_4.npy,47,D:/work/讨论/FS-Jump3D-main/FS-Jump3D-main/data/npy/Skater_A/Axel\Axel_4.npy,Skater_A,0.46460244,-3.2309005,-12.96669
Axel_4.npy,48,D:/work/讨论/FS-Jump3D-main/FS-Jump3D-main/data/npy/Skater_A/Axel\Axel_4.npy,Skater_A,0.14194816,-3.4406836,-12.796374
Axel_4.npy,49,D:/work/讨论/FS-Jump3D-main/FS-Jump3D-main/data/npy/Skater_A/Axel\Axel_4.npy,Skater_A,-0.12786555,-3.5605035,-12.668013
Axel_4.npy,50,D:/work/讨论/FS-Jump3D-main/FS-Jump3D-main/data/npy/Skater_A/Axel\Axel_4.npy,Skater_A,-0.3563424,-3.6217544,-12.552317
Axel_4.npy,51,D:/work/讨论/FS-Jump3D-main/FS-Jump3D-main/data/npy/Skater_A/Axel\Axel_4.npy,Skater_A,-0.6122426,-3.7662852,-12.404144
Axel_4.npy,52,D:/work/讨论/FS-Jump3D-main/FS-Jump3D-main/data/npy/Skater_A/Axel\Axel_4.npy,Skater_A,-0.85765654,-3.9208162,-12.279241
Axel_4.npy,53,D:/work/讨论/FS-Jump3D-main/FS-Jump3D-main/data/npy/Skater_A/Axel\Axel_4.npy,Skater_A,-1.0823606,-3.9812338,-12.161907
Axel_4.npy,54,D:/work/讨论/FS-Jump3D-main/FS-Jump3D-main/data/npy/Skater_A/Axel\Axel_4.npy,Skater_A,-1.322809,-4.13662,-11.968938
Axel_4.npy,55,D:/work/讨论/FS-Jump3D-main/FS-Jump3D-main/data/npy/Skater_A/Axel\Axel_4.npy,Skater_A,-1.7237653,-4.4851575,-11.750003
Axel_4.npy,56,D:/work/讨论/FS-Jump3D-main/FS-Jump3D-main/data/npy/Skater_A/Axel\Axel_4.npy,Skater_A,-2.0356777,-4.6507306,-11.562635
Axel_4.npy,57,D:/work/讨论/FS-Jump3D-main/FS-Jump3D-main/data/npy/Skater_A/Axel\Axel_4.npy,Skater_A,-2.1840765,-4.607026,-11.26267
Axel_4.npy,58,D:/work/讨论/FS-Jump3D-main/FS-Jump3D-main/data/npy/Skater_A/Axel\Axel_4.npy,Skater_A,-2.3973076,-4.6857166,-10.850945
Axel_4.npy,59,D:/work/讨论/FS-Jump3D-main/FS-Jump3D-main/data/npy/Skater_A/Axel\Axel_4.npy,Skater_A,-2.7438447,-4.8862753,-10.443525
Axel_4.npy,60,D:/work/讨论/FS-Jump3D-main/FS-Jump3D-main/data/npy/Skater_A/Axel\Axel_4.npy,Skater_A,-3.1290445,-5.0156794,-10.011682
Axel_4.npy,61,D:/work/讨论/FS-Jump3D-main/FS-Jump3D-main/data/npy/Skater_A/Axel\Axel_4.npy,Skater_A,-3.4103196,-5.0473304,-9.539999
Axel_4.npy,62,D:/work/讨论/FS-Jump3D-main/FS-Jump3D-main/data/npy/Skater_A/Axel\Axel_4.npy,Skater_A,-3.591979,-5.109855,-9.176822
Axel_4.npy,63,D:/work/讨论/FS-Jump3D-main/FS-Jump3D-main/data/npy/Skater_A/Axel\Axel_4.npy,Skater_A,-3.7734504,-5.2139597,-8.958785
Axel_4.npy,64,D:/work/讨论/FS-Jump3D-main/FS-Jump3D-main/data/npy/Skater_A/Axel\Axel_4.npy,Skater_A,-4.095636,-5.3349776,-8.73296
Axel_4.npy,65,D:/work/讨论/FS-Jump3D-main/FS-Jump3D-main/data/npy/Skater_A/Axel\Axel_4.npy,Skater_A,-4.3796926,-5.4835052,-8.42821
Axel_4.npy,66,D:/work/讨论/FS-Jump3D-main/FS-Jump3D-main/data/npy/Skater_A/Axel\Axel_4.npy,Skater_A,-4.5613008,-5.7588534,-8.097004
Axel_4.npy,67,D:/work/讨论/FS-Jump3D-main/FS-Jump3D-main/data/npy/Skater_A/Axel\Axel_4.npy,Skater_A,-4.7567396,-6.161488,-7.8089113
Axel_4.npy,68,D:/work/讨论/FS-Jump3D-main/FS-Jump3D-main/data/npy/Skater_A/Axel\Axel_4.npy,Skater_A,-5.09796,-6.812413,-7.519006
Axel_4.npy,69,D:/work/讨论/FS-Jump3D-main/FS-Jump3D-main/data/npy/Skater_A/Axel\Axel_4.npy,Skater_A,-5.377831,-7.552758,-7.2663836
Axel_4.npy,70,D:/work/讨论/FS-Jump3D-main/FS-Jump3D-main/data/npy/Skater_A/Axel\Axel_4.npy,Skater_A,-5.369688,-7.894613,-6.9585214
Axel_4.npy,71,D:/work/讨论/FS-Jump3D-main/FS-Jump3D-main/data/npy/Skater_A/Axel\Axel_4.npy,Skater_A,-5.282475,-8.145639,-6.6279387
Axel_4.npy,72,D:/work/讨论/FS-Jump3D-main/FS-Jump3D-main/data/npy/Skater_A/Axel\Axel_4.npy,Skater_A,-5.208472,-8.50198,-6.3245826
Axel_4.npy,73,D:/work/讨论/FS-Jump3D-main/FS-Jump3D-main/data/npy/Skater_A/Axel\Axel_4.npy,Skater_A,-5.0954027,-8.811332,-5.9855566
Axel_4.npy,74,D:/work/讨论/FS-Jump3D-main/FS-Jump3D-main/data/npy/Skater_A/Axel\Axel_4.npy,Skater_A,-4.847517,-9.000236,-5.5977445
Axel_4.npy,75,D:/work/讨论/FS-Jump3D-main/FS-Jump3D-main/data/npy/Skater_A/Axel\Axel_4.npy,Skater_A,-4.6721296,-9.203316,-5.2628503
Axel_4.npy,76,D:/work/讨论/FS-Jump3D-main/FS-Jump3D-main/data/npy/Skater_A/Axel\Axel_4.npy,Skater_A,-4.614854,-9.489505,-4.973036
Axel_4.npy,77,D:/work/讨论/FS-Jump3D-main/FS-Jump3D-main/data/npy/Skater_A/Axel\Axel_4.npy,Skater_A,-4.547555,-9.834814,-4.7005067
Axel_4.npy,78,D:/work/讨论/FS-Jump3D-main/FS-Jump3D-main/data/npy/Skater_A/Axel\Axel_4.npy,Skater_A,-4.453737,-10.302945,-4.4471865
Axel_4.npy,79,D:/work/讨论/FS-Jump3D-main/FS-Jump3D-main/data/npy/Skater_A/Axel\Axel_4.npy,Skater_A,-4.4090147,-11.160374,-4.161963
Axel_4.npy,80,D:/work/讨论/FS-Jump3D-main/FS-Jump3D-main/data/npy/Skater_A/Axel\Axel_4.npy,Skater_A,-4.4076724,-12.014504,-3.8800623
Axel_4.npy,81,D:/work/讨论/FS-Jump3D-main/FS-Jump3D-main/data/npy/Skater_A/Axel\Axel_4.npy,Skater_A,-4.234799,-12.379525,-3.6047056
Axel_4.npy,82,D:/work/讨论/FS-Jump3D-main/FS-Jump3D-main/data/npy/Skater_A/Axel\Axel_4.npy,Skater_A,-4.1019993,-12.715436,-3.2398
Axel_4.npy,83,D:/work/讨论/FS-Jump3D-main/FS-Jump3D-main/data/npy/Skater_A/Axel\Axel_4.npy,Skater_A,-3.917896,-13.159167,-2.7452111
Axel_4.npy,84,D:/work/讨论/FS-Jump3D-main/FS-Jump3D-main/data/npy/Skater_A/Axel\Axel_4.npy,Skater_A,-3.7416549,-13.399235,-2.3386574
Axel_4.npy,85,D:/work/讨论/FS-Jump3D-main/FS-Jump3D-main/data/npy/Skater_A/Axel\Axel_4.npy,Skater_A,-3.7163384,-13.59375,-1.9795443
Axel_4.npy,86,D:/work/讨论/FS-Jump3D-main/FS-Jump3D-main/data/npy/Skater_A/Axel\Axel_4.npy,Skater_A,-3.824067,-13.917703,-1.4951596
Axel_4.npy,87,D:/work/讨论/FS-Jump3D-main/FS-Jump3D-main/data/npy/Skater_A/Axel\Axel_4.npy,Skater_A,-3.8393152,-14.14279,-1.1138852
Axel_4.npy,88,D:/work/讨论/FS-Jump3D-main/FS-Jump3D-main/data/npy/Skater_A/Axel\Axel_4.npy,Skater_A,-3.8061152,-14.282845,-0.7768932
Axel_4.npy,89,D:/work/讨论/FS-Jump3D-main/FS-Jump3D-main/data/npy/Skater_A/Axel\Axel_4.npy,Skater_A,-3.8782136,-14.449597,-0.37596393
Axel_4.npy,90,D:/work/讨论/FS-Jump3D-main/FS-Jump3D-main/data/npy/Skater_A/Axel\Axel_4.npy,Skater_A,-3.9730735,-14.522819,0.14575608
Axel_4.npy,91,D:/work/讨论/FS-Jump3D-main/FS-Jump3D-main/data/npy/Skater_A/Axel\Axel_4.npy,Skater_A,-4.0645175,-14.55538,0.73451936
Axel_4.npy,92,D:/work/讨论/FS-Jump3D-main/FS-Jump3D-main/data/npy/Skater_A/Axel\Axel_4.npy,Skater_A,-4.3056364,-14.693518,1.2487854
Axel_4.npy,93,D:/work/讨论/FS-Jump3D-main/FS-Jump3D-main/data/npy/Skater_A/Axel\Axel_4.npy,Skater_A,-4.688665,-14.90396,1.7478566
Axel_4.npy,94,D:/work/讨论/FS-Jump3D-main/FS-Jump3D-main/data/npy/Skater_A/Axel\Axel_4.npy,Skater_A,-5.108648,-14.990801,2.2306564
Axel_4.npy,95,D:/work/讨论/FS-Jump3D-main/FS-Jump3D-main/data/npy/Skater_A/Axel\Axel_4.npy,Skater_A,-5.44209,-14.825048,2.8056262
Axel_4.npy,96,D:/work/讨论/FS-Jump3D-main/FS-Jump3D-main/data/npy/Skater_A/Axel\Axel_4.npy,Skater_A,-5.7002926,-14.506274,3.6632912
Axel_4.npy,97,D:/work/讨论/FS-Jump3D-main/FS-Jump3D-main/data/npy/Skater_A/Axel\Axel_4.npy,Skater_A,-6.119622,-14.17481,4.3762226
Axel_4.npy,98,D:/work/讨论/FS-Jump3D-main/FS-Jump3D-main/data/npy/Skater_A/Axel\Axel_4.npy,Skater_A,-6.6556854,-13.834878,4.9140406
Axel_4.npy,99,D:/work/讨论/FS-Jump3D-main/FS-Jump3D-main/data/npy/Skater_A/Axel\Axel_4.npy,Skater_A,-7.13962,-13.420324,5.4694667
Axel_4.npy,100,D:/work/讨论/FS-Jump3D-main/FS-Jump3D-main/data/npy/Skater_A/Axel\Axel_4.npy,Skater_A,-7.5719967,-12.879743,6.039434
Axel_4.npy,101,D:/work/讨论/FS-Jump3D-main/FS-Jump3D-main/data/npy/Skater_A/Axel\Axel_4.npy,Skater_A,-8.003847,-12.295507,6.4929943
Axel_4.npy,102,D:/work/讨论/FS-Jump3D-main/FS-Jump3D-main/data/npy/Skater_A/Axel\Axel_4.npy,Skater_A,-8.434311,-11.654829,6.902326
Axel_4.npy,103,D:/work/讨论/FS-Jump3D-main/FS-Jump3D-main/data/npy/Skater_A/Axel\Axel_4.npy,Skater_A,-8.652047,-10.85889,7.424363
Axel_4.npy,104,D:/work/讨论/FS-Jump3D-main/FS-Jump3D-main/data/npy/Skater_A/Axel\Axel_4.npy,Skater_A,-8.874238,-10.115574,7.8174906
Axel_4.npy,105,D:/work/讨论/FS-Jump3D-main/FS-Jump3D-main/data/npy/Skater_A/Axel\Axel_4.npy,Skater_A,-9.28028,-9.405868,8.026634
Axel_4.npy,106,D:/work/讨论/FS-Jump3D-main/FS-Jump3D-main/data/npy/Skater_A/Axel\Axel_4.npy,Skater_A,-9.59932,-8.62091,8.232437
Axel_4.npy,107,D:/work/讨论/FS-Jump3D-main/FS-Jump3D-main/data/npy/Skater_A/Axel\Axel_4.npy,Skater_A,-9.775305,-7.713396,8.453752
Axel_4.npy,108,D:/work/讨论/FS-Jump3D-main/FS-Jump3D-main/data/npy/Skater_A/Axel\Axel_4.npy,Skater_A,-10.089833,-6.932703,8.536387
Axel_4.npy,109,D:/work/讨论/FS-Jump3D-main/FS-Jump3D-main/data/npy/Skater_A/Axel\Axel_4.npy,Skater_A,-10.454361,-6.306671,8.534607
Axel_4.npy,110,D:/work/讨论/FS-Jump3D-main/FS-Jump3D-main/data/npy/Skater_A/Axel\Axel_4.npy,Skater_A,-10.606623,-5.489707,8.528285
Axel_4.npy,111,D:/work/讨论/FS-Jump3D-main/FS-Jump3D-main/data/npy/Skater_A/Axel\Axel_4.npy,Skater_A,-10.738822,-4.689485,8.434454
Axel_4.npy,112,D:/work/讨论/FS-Jump3D-main/FS-Jump3D-main/data/npy/Skater_A/Axel\Axel_4.npy,Skater_A,-10.967824,-4.1030035,8.257819
Axel_4.npy,113,D:/work/讨论/FS-Jump3D-main/FS-Jump3D-main/data/npy/Skater_A/Axel\Axel_4.npy,Skater_A,-11.247045,-3.465704,7.968584
Axel_4.npy,114,D:/work/讨论/FS-Jump3D-main/FS-Jump3D-main/data/npy/Skater_A/Axel\Axel_4.npy,Skater_A,-11.506604,-2.6629446,7.5135274
Axel_4.npy,115,D:/work/讨论/FS-Jump3D-main/FS-Jump3D-main/data/npy/Skater_A/Axel\Axel_4.npy,Skater_A,-11.7031145,-1.8398962,6.946604
Axel_4.npy,116,D:/work/讨论/FS-Jump3D-main/FS-Jump3D-main/data/npy/Skater_A/Axel\Axel_4.npy,Skater_A,-11.844783,-1.1416061,6.3117614
Axel_4.npy,117,D:/work/讨论/FS-Jump3D-main/FS-Jump3D-main/data/npy/Skater_A/Axel\Axel_4.npy,Skater_A,-12.062005,-0.5240342,5.5494375
Axel_4.npy,118,D:/work/讨论/FS-Jump3D-main/FS-Jump3D-main/data/npy/Skater_A/Axel\Axel_4.npy,Skater_A,-12.327569,-0.0009803381,4.7481513
Axel_4.npy,119,D:/work/讨论/FS-Jump3D-main/FS-Jump3D-main/data/npy/Skater_A/Axel\Axel_4.npy,Skater_A,-12.633119,0.44794708,3.8700185
Axel_4.npy,120,D:/work/讨论/FS-Jump3D-main/FS-Jump3D-main/data/npy/Skater_A/Axel\Axel_4.npy,Skater_A,-13.012254,0.84371746,2.9899094
Axel_4.npy,121,D:/work/讨论/FS-Jump3D-main/FS-Jump3D-main/data/npy/Skater_A/Axel\Axel_4.npy,Skater_A,-13.390437,1.2152004,2.143028
Axel_4.npy,122,D:/work/讨论/FS-Jump3D-main/FS-Jump3D-main/data/npy/Skater_A/Axel\Axel_4.npy,Skater_A,-13.725862,1.6299621,1.2686702
Axel_4.npy,123,D:/work/讨论/FS-Jump3D-main/FS-Jump3D-main/data/npy/Skater_A/Axel\Axel_4.npy,Skater_A,-14.085395,2.1563406,0.4931668
Axel_4.npy,124,D:/work/讨论/FS-Jump3D-main/FS-Jump3D-main/data/npy/Skater_A/Axel\Axel_4.npy,Skater_A,-14.350737,2.8858426,-0.15216115
Axel_4.npy,125,D:/work/讨论/FS-Jump3D-main/FS-Jump3D-main/data/npy/Skater_A/Axel\Axel_4.npy,Skater_A,-14.4736185,3.609266,-0.78471106
Axel_4.npy,126,D:/work/讨论/FS-Jump3D-main/FS-Jump3D-main/data/npy/Skater_A/Axel\Axel_4.npy,Skater_A,-14.494526,4.2355227,-1.1128948
Axel_4.npy,127,D:/work/讨论/FS-Jump3D-main/FS-Jump3D-main/data/npy/Skater_A/Axel\Axel_4.npy,Skater_A,-15.0094185,4.3723845,-1.9271506
Axel_4.npy,128,D:/work/讨论/FS-Jump3D-main/FS-Jump3D-main/data/npy/Skater_A/Axel\Axel_4.npy,Skater_A,-14.522443,5.6381435,-1.1861444
Axel_4.npy,129,D:/work/讨论/FS-Jump3D-main/FS-Jump3D-main/data/npy/Skater_A/Axel\Axel_4.npy,Skater_A,-14.542559,6.840417,-2.0283396
Axel_4.npy,130,D:/work/讨论/FS-Jump3D-main/FS-Jump3D-main/data/npy/Skater_A/Axel\Axel_4.npy,Skater_A,-14.346587,7.8920126,-2.077938
Axel_4.npy,131,D:/work/讨论/FS-Jump3D-main/FS-Jump3D-main/data/npy/Skater_A/Axel\Axel_4.npy,Skater_A,-14.093683,8.925907,-1.9721123
Axel_4.npy,132,D:/work/讨论/FS-Jump3D-main/FS-Jump3D-main/data/npy/Skater_A/Axel\Axel_4.npy,Skater_A,-13.672132,9.893965,-1.6676947
Axel_4.npy,133,D:/work/讨论/FS-Jump3D-main/FS-Jump3D-main/data/npy/Skater_A/Axel\Axel_4.npy,Skater_A,-13.164077,10.770402,-1.1445423
Axel_4.npy,134,D:/work/讨论/FS-Jump3D-main/FS-Jump3D-main/data/npy/Skater_A/Axel\Axel_4.npy,Skater_A,-12.540932,11.503448,-0.43897673
Axel_4.npy,135,D:/work/讨论/FS-Jump3D-main/FS-Jump3D-main/data/npy/Skater_A/Axel\Axel_4.npy,Skater_A,-11.8562765,12.043322,0.3572881
Axel_4.npy,136,D:/work/讨论/FS-Jump3D-main/FS-Jump3D-main/data/npy/Skater_A/Axel\Axel_4.npy,Skater_A,-11.140289,12.330924,1.1389343
Axel_4.npy,137,D:/work/讨论/FS-Jump3D-main/FS-Jump3D-main/data/npy/Skater_A/Axel\Axel_4.npy,Skater_A,-10.468362,12.4446745,1.8347834
Axel_4.npy,138,D:/work/讨论/FS-Jump3D-main/FS-Jump3D-main/data/npy/Skater_A/Axel\Axel_4.npy,Skater_A,-9.842847,12.363817,2.5304816
Axel_4.npy,139,D:/work/讨论/FS-Jump3D-main/FS-Jump3D-main/data/npy/Skater_A/Axel\Axel_4.npy,Skater_A,-9.275105,12.047335,3.2403579
Axel_4.npy,140,D:/work/讨论/FS-Jump3D-main/FS-Jump3D-main/data/npy/Skater_A/Axel\Axel_4.npy,Skater_A,-8.688412,11.6123295,3.9678288
Axel_4.npy,141,D:/work/讨论/FS-Jump3D-main/FS-Jump3D-main/data/npy/Skater_A/Axel\Axel_4.npy,Skater_A,-7.989975,10.983516,4.693703
Axel_4.npy,142,D:/work/讨论/FS-Jump3D-main/FS-Jump3D-main/data/npy/Skater_A/Axel\Axel_4.npy,Skater_A,-7.346146,10.383186,5.3988914
Axel_4.npy,143,D:/work/讨论/FS-Jump3D-main/FS-Jump3D-main/data/npy/Skater_A/Axel\Axel_4.npy,Skater_A,-6.7862825,9.877421,5.946969
Axel_4.npy,144,D:/work/讨论/FS-Jump3D-main/FS-Jump3D-main/data/npy/Skater_A/Axel\Axel_4.npy,Skater_A,-6.2873783,9.480714,6.4616404
Axel_4.npy,145,D:/work/讨论/FS-Jump3D-main/FS-Jump3D-main/data/npy/Skater_A/Axel\Axel_4.npy,Skater_A,-5.6294656,9.016671,7.1351438
Axel_4.npy,146,D:/work/讨论/FS-Jump3D-main/FS-Jump3D-main/data/npy/Skater_A/Axel\Axel_4.npy,Skater_A,-4.7374196,8.498403,7.876618
Axel_4.npy,147,D:/work/讨论/FS-Jump3D-main/FS-Jump3D-main/data/npy/Skater_A/Axel\Axel_4.npy,Skater_A,-3.845969,8.236042,8.524409
Axel_4.npy,148,D:/work/讨论/FS-Jump3D-main/FS-Jump3D-main/data/npy/Skater_A/Axel\Axel_4.npy,Skater_A,-2.9422128,8.201809,9.099619
Axel_4.npy,149,D:/work/讨论/FS-Jump3D-main/FS-Jump3D-main/data/npy/Skater_A/Axel\Axel_4.npy,Skater_A,-1.4504466,8.225907,9.815487
Axel_4.npy,150,D:/work/讨论/FS-Jump3D-main/FS-Jump3D-main/data/npy/Skater_A/Axel\Axel_4.npy,Skater_A,0.21662219,8.112373,10.391505
Axel_4.npy,151,D:/work/讨论/FS-Jump3D-main/FS-Jump3D-main/data/npy/Skater_A/Axel\Axel_4.npy,Skater_A,1.228213,7.2946677,10.60099
Axel_4.npy,152,D:/work/讨论/FS-Jump3D-main/FS-Jump3D-main/data/npy/Skater_A/Axel\Axel_4.npy,Skater_A,1.8199034,6.0282526,10.725214
Axel_4.npy,153,D:/work/讨论/FS-Jump3D-main/FS-Jump3D-main/data/npy/Skater_A/Axel\Axel_4.npy,Skater_A,1.8652755,4.499725,10.758104
Axel_4.npy,154,D:/work/讨论/FS-Jump3D-main/FS-Jump3D-main/data/npy/Skater_A/Axel\Axel_4.npy,Skater_A,1.2424053,3.1701584,10.73779
Axel_4.npy,155,D:/work/讨论/FS-Jump3D-main/FS-Jump3D-main/data/npy/Skater_A/Axel\Axel_4.npy,Skater_A,0.5816244,2.5226796,10.612029
Axel_4.npy,156,D:/work/讨论/FS-Jump3D-main/FS-Jump3D-main/data/npy/Skater_A/Axel\Axel_4.npy,Skater_A,-0.7420228,1.9498503,10.096646
Axel_4.npy,157,D:/work/讨论/FS-Jump3D-main/FS-Jump3D-main/data/npy/Skater_A/Axel\Axel_4.npy,Skater_A,-1.9905001,2.1679652,9.957228
Axel_4.npy,158,D:/work/讨论/FS-Jump3D-main/FS-Jump3D-main/data/npy/Skater_A/Axel\Axel_4.npy,Skater_A,-2.776765,2.621981,10.20357
Axel_4.npy,159,D:/work/讨论/FS-Jump3D-main/FS-Jump3D-main/data/npy/Skater_A/Axel\Axel_4.npy,Skater_A,-3.4427073,3.2830338,10.269934
Axel_4.npy,160,D:/work/讨论/FS-Jump3D-main/FS-Jump3D-main/data/npy/Skater_A/Axel\Axel_4.npy,Skater_A,-3.8962655,4.1385,10.061036
Axel_4.npy,161,D:/work/讨论/FS-Jump3D-main/FS-Jump3D-main/data/npy/Skater_A/Axel\Axel_4.npy,Skater_A,-4.0514727,5.2657743,9.925137
Axel_4.npy,162,D:/work/讨论/FS-Jump3D-main/FS-Jump3D-main/data/npy/Skater_A/Axel\Axel_4.npy,Skater_A,-3.761548,6.3701534,9.983281
Axel_4.npy,163,D:/work/讨论/FS-Jump3D-main/FS-Jump3D-main/data/npy/Skater_A/Axel\Axel_4.npy,Skater_A,-2.9555924,7.388116,10.326555
Axel_4.npy,164,D:/work/讨论/FS-Jump3D-main/FS-Jump3D-main/data/npy/Skater_A/Axel\Axel_4.npy,Skater_A,-1.4866593,8.0598755,10.895838
Axel_4.npy,165,D:/work/讨论/FS-Jump3D-main/FS-Jump3D-main/data/npy/Skater_A/Axel\Axel_4.npy,Skater_A,-0.1910382,7.8261676,11.381549
Axel_4.npy,166,D:/work/讨论/FS-Jump3D-main/FS-Jump3D-main/data/npy/Skater_A/Axel\Axel_4.npy,Skater_A,0.712642,6.998438,11.770823
Axel_4.npy,167,D:/work/讨论/FS-Jump3D-main/FS-Jump3D-main/data/npy/Skater_A/Axel\Axel_4.npy,Skater_A,1.2179033,5.5316296,12.238073
Axel_4.npy,168,D:/work/讨论/FS-Jump3D-main/FS-Jump3D-main/data/npy/Skater_A/Axel\Axel_4.npy,Skater_A,1.1304768,3.905873,12.672626
Axel_4.npy,169,D:/work/讨论/FS-Jump3D-main/FS-Jump3D-main/data/npy/Skater_A/Axel\Axel_4.npy,Skater_A,0.71208274,2.9113479,12.817647
Axel_4.npy,170,D:/work/讨论/FS-Jump3D-main/FS-Jump3D-main/data/npy/Skater_A/Axel\Axel_4.npy,Skater_A,-0.10691893,2.001811,12.965418
Axel_4.npy,171,D:/work/讨论/FS-Jump3D-main/FS-Jump3D-main/data/npy/Skater_A/Axel\Axel_4.npy,Skater_A,-0.97259986,1.215501,13.280901
Axel_4.npy,172,D:/work/讨论/FS-Jump3D-main/FS-Jump3D-main/data/npy/Skater_A/Axel\Axel_4.npy,Skater_A,-1.4343425,0.46871006,13.830535
Axel_4.npy,173,D:/work/讨论/FS-Jump3D-main/FS-Jump3D-main/data/npy/Skater_A/Axel\Axel_4.npy,Skater_A,-1.6656985,-0.30849677,14.5017
Axel_4.npy,174,D:/work/讨论/FS-Jump3D-main/FS-Jump3D-main/data/npy/Skater_A/Axel\Axel_4.npy,Skater_A,-1.7675588,-1.0089356,15.116368
Axel_4.npy,175,D:/work/讨论/FS-Jump3D-main/FS-Jump3D-main/data/npy/Skater_A/Axel\Axel_4.npy,Skater_A,-1.715476,-1.7363662,15.42942
Axel_4.npy,176,D:/work/讨论/FS-Jump3D-main/FS-Jump3D-main/data/npy/Skater_A/Axel\Axel_4.npy,Skater_A,-1.5911719,-2.5924845,15.455737
Axel_4.npy,177,D:/work/讨论/FS-Jump3D-main/FS-Jump3D-main/data/npy/Skater_A/Axel\Axel_4.npy,Skater_A,-1.42435,-3.4475114,15.368963
Axel_4.npy,178,D:/work/讨论/FS-Jump3D-main/FS-Jump3D-main/data/npy/Skater_A/Axel\Axel_4.npy,Skater_A,-1.1057185,-4.380984,15.178496
Axel_4.npy,179,D:/work/讨论/FS-Jump3D-main/FS-Jump3D-main/data/npy/Skater_A/Axel\Axel_4.npy,Skater_A,-0.7206141,-5.249446,14.914834
Axel_4.npy,180,D:/work/讨论/FS-Jump3D-main/FS-Jump3D-main/data/npy/Skater_A/Axel\Axel_4.npy,Skater_A,-0.4434031,-5.8532867,14.702916
Axel_4.npy,181,D:/work/讨论/FS-Jump3D-main/FS-Jump3D-main/data/npy/Skater_A/Axel\Axel_4.npy,Skater_A,-0.2018128,-6.3157673,14.506729
Axel_4.npy,182,D:/work/讨论/FS-Jump3D-main/FS-Jump3D-main/data/npy/Skater_A/Axel\Axel_4.npy,Skater_A,0.085499085,-6.8591027,14.074616
Axel_4.npy,183,D:/work/讨论/FS-Jump3D-main/FS-Jump3D-main/data/npy/Skater_A/Axel\Axel_4.npy,Skater_A,0.37643176,-7.4898005,13.505623
Axel_4.npy,184,D:/work/讨论/FS-Jump3D-main/FS-Jump3D-main/data/npy/Skater_A/Axel\Axel_4.npy,Skater_A,0.6932201,-7.970388,12.984634
Axel_4.npy,185,D:/work/讨论/FS-Jump3D-main/FS-Jump3D-main/data/npy/Skater_A/Axel\Axel_4.npy,Skater_A,0.9999244,-8.344232,12.494603
Axel_4.npy,186,D:/work/讨论/FS-Jump3D-main/FS-Jump3D-main/data/npy/Skater_A/Axel\Axel_4.npy,Skater_A,1.3120157,-8.711709,11.965517
Axel_4.npy,187,D:/work/讨论/FS-Jump3D-main/FS-Jump3D-main/data/npy/Skater_A/Axel\Axel_4.npy,Skater_A,1.6140547,-9.069397,11.364623
Axel_4.npy,188,D:/work/讨论/FS-Jump3D-main/FS-Jump3D-main/data/npy/Skater_A/Axel\Axel_4.npy,Skater_A,1.8921646,-9.391169,10.780398
Axel_4.npy,189,D:/work/讨论/FS-Jump3D-main/FS-Jump3D-main/data/npy/Skater_A/Axel\Axel_4.npy,Skater_A,2.1940012,-9.650704,10.197766
Axel_4.npy,190,D:/work/讨论/FS-Jump3D-main/FS-Jump3D-main/data/npy/Skater_A/Axel\Axel_4.npy,Skater_A,2.5779421,-9.859512,9.60011
Axel_4.npy,191,D:/work/讨论/FS-Jump3D-main/FS-Jump3D-main/data/npy/Skater_A/Axel\Axel_4.npy,Skater_A,3.043184,-9.982178,8.99894
Axel_4.npy,192,D:/work/讨论/FS-Jump3D-main/FS-Jump3D-main/data/npy/Skater_A/Axel\Axel_4.npy,Skater_A,3.4977543,-9.97342,8.511536
Axel_4.npy,193,D:/work/讨论/FS-Jump3D-main/FS-Jump3D-main/data/npy/Skater_A/Axel\Axel_4.npy,Skater_A,3.924191,-9.89122,8.093928
Axel_4.npy,194,D:/work/讨论/FS-Jump3D-main/FS-Jump3D-main/data/npy/Skater_A/Axel\Axel_4.npy,Skater_A,4.349821,-9.777295,7.675025
Axel_4.npy,195,D:/work/讨论/FS-Jump3D-main/FS-Jump3D-main/data/npy/Skater_A/Axel\Axel_4.npy,Skater_A,4.7735877,-9.642118,7.3262076
Axel_4.npy,196,D:/work/讨论/FS-Jump3D-main/FS-Jump3D-main/data/npy/Skater_A/Axel\Axel_4.npy,Skater_A,5.2086496,-9.489941,7.0450816
Axel_4.npy,197,D:/work/讨论/FS-Jump3D-main/FS-Jump3D-main/data/npy/Skater_A/Axel\Axel_4.npy,Skater_A,5.743837,-9.303946,6.7678027
Axel_4.npy,198,D:/work/讨论/FS-Jump3D-main/FS-Jump3D-main/data/npy/Skater_A/Axel\Axel_4.npy,Skater_A,6.322572,-9.115741,6.478624
Axel_4.npy,199,D:/work/讨论/FS-Jump3D-main/FS-Jump3D-main/data/npy/Skater_A/Axel\Axel_4.npy,Skater_A,6.8660793,-8.961386,6.2031407
Axel_4.npy,200,D:/work/讨论/FS-Jump3D-main/FS-Jump3D-main/data/npy/Skater_A/Axel\Axel_4.npy,Skater_A,7.2771673,-8.85332,6.0520716
Axel_4.npy,201,D:/work/讨论/FS-Jump3D-main/FS-Jump3D-main/data/npy/Skater_A/Axel\Axel_4.npy,Skater_A,7.628464,-8.762794,6.0023627
Axel_4.npy,202,D:/work/讨论/FS-Jump3D-main/FS-Jump3D-main/data/npy/Skater_A/Axel\Axel_4.npy,Skater_A,8.036109,-8.646243,5.804235
Axel_4.npy,203,D:/work/讨论/FS-Jump3D-main/FS-Jump3D-main/data/npy/Skater_A/Axel\Axel_4.npy,Skater_A,8.672413,-8.530604,5.248769
Axel_4.npy,204,D:/work/讨论/FS-Jump3D-main/FS-Jump3D-main/data/npy/Skater_A/Axel\Axel_4.npy,Skater_A,9.071934,-8.46979,4.9523096
Axel_4.npy,205,D:/work/讨论/FS-Jump3D-main/FS-Jump3D-main/data/npy/Skater_A/Axel\Axel_4.npy,Skater_A,9.330244,-8.375664,4.813808
Axel_4.npy,206,D:/work/讨论/FS-Jump3D-main/FS-Jump3D-main/data/npy/Skater_A/Axel\Axel_4.npy,Skater_A,9.543118,-8.305177,4.685723
Axel_4.npy,207,D:/work/讨论/FS-Jump3D-main/FS-Jump3D-main/data/npy/Skater_A/Axel\Axel_4.npy,Skater_A,9.677708,-8.278792,4.600154
Axel_4.npy,208,D:/work/讨论/FS-Jump3D-main/FS-Jump3D-main/data/npy/Skater_A/Axel\Axel_4.npy,Skater_A,9.79563,-8.230556,4.522747
Axel_4.npy,209,D:/work/讨论/FS-Jump3D-main/FS-Jump3D-main/data/npy/Skater_A/Axel\Axel_4.npy,Skater_A,9.953107,-8.135457,4.409541
Axel_4.npy,210,D:/work/讨论/FS-Jump3D-main/FS-Jump3D-main/data/npy/Skater_A/Axel\Axel_4.npy,Skater_A,10.213924,-7.8773136,4.173639
Axel_4.npy,211,D:/work/讨论/FS-Jump3D-main/FS-Jump3D-main/data/npy/Skater_A/Axel\Axel_4.npy,Skater_A,10.799448,-7.053981,3.4707398
Axel_4.npy,212,D:/work/讨论/FS-Jump3D-main/FS-Jump3D-main/data/npy/Skater_A/Axel\Axel_4.npy,Skater_A,11.168233,-6.6019506,3.0851371
Axel_4.npy,213,D:/work/讨论/FS-Jump3D-main/FS-Jump3D-main/data/npy/Skater_A/Axel\Axel_4.npy,Skater_A,11.312066,-6.4627504,2.906452
Axel_4.npy,214,D:/work/讨论/FS-Jump3D-main/FS-Jump3D-main/data/npy/Skater_A/Axel\Axel_4.npy,Skater_A,11.35929,-6.432896,2.7603378
Axel_4.npy,215,D:/work/讨论/FS-Jump3D-main/FS-Jump3D-main/data/npy/Skater_A/Axel\Axel_4.npy,Skater_A,11.48482,-6.2922673,2.5598285
Axel_4.npy,216,D:/work/讨论/FS-Jump3D-main/FS-Jump3D-main/data/npy/Skater_A/Axel\Axel_4.npy,Skater_A,11.666855,-6.022881,2.3704598
Axel_4.npy,217,D:/work/讨论/FS-Jump3D-main/FS-Jump3D-main/data/npy/Skater_A/Axel\Axel_4.npy,Skater_A,11.740597,-5.8565674,2.2010474
Axel_4.npy,218,D:/work/讨论/FS-Jump3D-main/FS-Jump3D-main/data/npy/Skater_A/Axel\Axel_4.npy,Skater_A,11.727336,-5.8517256,2.0308259
Axel_4.npy,219,D:/work/讨论/FS-Jump3D-main/FS-Jump3D-main/data/npy/Skater_A/Axel\Axel_4.npy,Skater_A,11.761465,-5.7400317,1.865236
Axel_4.npy,220,D:/work/讨论/FS-Jump3D-main/FS-Jump3D-main/data/npy/Skater_A/Axel\Axel_4.npy,Skater_A,11.847461,-5.463259,1.6921501
Axel_4.npy,221,D:/work/讨论/FS-Jump3D-main/FS-Jump3D-main/data/npy/Skater_A/Axel\Axel_4.npy,Skater_A,11.9251795,-5.183105,1.5356486
Axel_4.npy,222,D:/work/讨论/FS-Jump3D-main/FS-Jump3D-main/data/npy/Skater_A/Axel\Axel_4.npy,Skater_A,11.974264,-4.680748,1.3468953
Axel_4.npy,223,D:/work/讨论/FS-Jump3D-main/FS-Jump3D-main/data/npy/Skater_A/Axel\Axel_4.npy,Skater_A,11.990285,-4.113461,1.1276414
Axel_4.npy,224,D:/work/讨论/FS-Jump3D-main/FS-Jump3D-main/data/npy/Skater_A/Axel\Axel_4.npy,Skater_A,11.974819,-3.9234378,1.0176367
Axel_4.npy,225,D:/work/讨论/FS-Jump3D-main/FS-Jump3D-main/data/npy/Skater_A/Axel\Axel_4.npy,Skater_A,11.954225,-3.812803,0.9013534
Axel_4.npy,226,D:/work/讨论/FS-Jump3D-main/FS-Jump3D-main/data/npy/Skater_A/Axel\Axel_4.npy,Skater_A,11.930747,-3.6101494,0.79095864
Axel_4.npy,227,D:/work/讨论/FS-Jump3D-main/FS-Jump3D-main/data/npy/Skater_A/Axel\Axel_4.npy,Skater_A,11.902093,-3.3903532,0.70169544
Axel_4.npy,228,D:/work/讨论/FS-Jump3D-main/FS-Jump3D-main/data/npy/Skater_A/Axel\Axel_4.npy,Skater_A,11.87143,-3.1885896,0.6015154
Axel_4.npy,229,D:/work/讨论/FS-Jump3D-main/FS-Jump3D-main/data/npy/Skater_A/Axel\Axel_4.npy,Skater_A,11.844704,-3.0263224,0.5008978
Axel_4.npy,230,D:/work/讨论/FS-Jump3D-main/FS-Jump3D-main/data/npy/Skater_A/Axel\Axel_4.npy,Skater_A,11.813165,-2.8307354,0.4217003
Axel_4.npy,231,D:/work/讨论/FS-Jump3D-main/FS-Jump3D-main/data/npy/Skater_A/Axel\Axel_4.npy,Skater_A,11.771493,-2.547654,0.3308409
Axel_4.npy,232,D:/work/讨论/FS-Jump3D-main/FS-Jump3D-main/data/npy/Skater_A/Axel\Axel_4.npy,Skater_A,11.724997,-2.181913,0.20885305
Axel_4.npy,233,D:/work/讨论/FS-Jump3D-main/FS-Jump3D-main/data/npy/Skater_A/Axel\Axel_4.npy,Skater_A,11.675917,-1.6895218,0.05951013
Axel_4.npy,234,D:/work/讨论/FS-Jump3D-main/FS-Jump3D-main/data/npy/Skater_A/Axel\Axel_4.npy,Skater_A,11.653405,-1.2628115,-0.061828453
Axel_4.npy,235,D:/work/讨论/FS-Jump3D-main/FS-Jump3D-main/data/npy/Skater_A/Axel\Axel_4.npy,Skater_A,11.66106,-0.862031,-0.1973519
Axel_4.npy,236,D:/work/讨论/FS-Jump3D-main/FS-Jump3D-main/data/npy/Skater_A/Axel\Axel_4.npy,Skater_A,11.713125,-0.39419305,-0.37498927
Axel_4.npy,237,D:/work/讨论/FS-Jump3D-main/FS-Jump3D-main/data/npy/Skater_A/Axel\Axel_4.npy,Skater_A,11.775359,0.12840466,-0.55858773
Axel_4.npy,238,D:/work/讨论/FS-Jump3D-main/FS-Jump3D-main/data/npy/Skater_A/Axel\Axel_4.npy,Skater_A,11.849598,1.8337907,-0.9532489
Axel_4.npy,239,D:/work/讨论/FS-Jump3D-main/FS-Jump3D-main/data/npy/Skater_A/Axel\Axel_4.npy,Skater_A,11.984565,2.6564264,-1.0728568
Axel_4.npy,240,D:/work/讨论/FS-Jump3D-main/FS-Jump3D-main/data/npy/Skater_A/Axel\Axel_4.npy,Skater_A,12.049061,2.9949656,-1.0582485
Axel_4.npy,241,D:/work/讨论/FS-Jump3D-main/FS-Jump3D-main/data/npy/Skater_A/Axel\Axel_4.npy,Skater_A,12.024847,3.2167292,-1.0458
Axel_4.npy,242,D:/work/讨论/FS-Jump3D-main/FS-Jump3D-main/data/npy/Skater_A/Axel\Axel_4.npy,Skater_A,11.978802,3.4838002,-1.023581
Axel_4.npy,243,D:/work/讨论/FS-Jump3D-main/FS-Jump3D-main/data/npy/Skater_A/Axel\Axel_4.npy,Skater_A,11.938449,3.807783,-0.9809897
Axel_4.npy,244,D:/work/讨论/FS-Jump3D-main/FS-Jump3D-main/data/npy/Skater_A/Axel\Axel_4.npy,Skater_A,11.874187,4.097732,-0.9587774
Axel_4.npy,245,D:/work/讨论/FS-Jump3D-main/FS-Jump3D-main/data/npy/Skater_A/Axel\Axel_4.npy,Skater_A,11.75722,4.357782,-0.91533786
Axel_4.npy,246,D:/work/讨论/FS-Jump3D-main/FS-Jump3D-main/data/npy/Skater_A/Axel\Axel_4.npy,Skater_A,11.607783,4.656984,-0.87930936
Axel_4.npy,247,D:/work/讨论/FS-Jump3D-main/FS-Jump3D-main/data/npy/Skater_A/Axel\Axel_4.npy,Skater_A,11.461264,4.9927497,-0.8528533
Axel_4.npy,248,D:/work/讨论/FS-Jump3D-main/FS-Jump3D-main/data/npy/Skater_A/Axel\Axel_4.npy,Skater_A,11.293652,5.2943487,-0.8069145
Axel_4.npy,249,D:/work/讨论/FS-Jump3D-main/FS-Jump3D-main/data/npy/Skater_A/Axel\Axel_4.npy,Skater_A,11.129965,5.5860286,-0.77453196
Axel_4.npy,250,D:/work/讨论/FS-Jump3D-main/FS-Jump3D-main/data/npy/Skater_A/Axel\Axel_4.npy,Skater_A,10.931015,5.901128,-0.7763914
Axel_4.npy,251,D:/work/讨论/FS-Jump3D-main/FS-Jump3D-main/data/npy/Skater_A/Axel\Axel_4.npy,Skater_A,10.676988,6.2480955,-0.79311883
Axel_4.npy,252,D:/work/讨论/FS-Jump3D-main/FS-Jump3D-main/data/npy/Skater_A/Axel\Axel_4.npy,Skater_A,10.367733,6.657763,-0.8646718
Axel_4.npy,253,D:/work/讨论/FS-Jump3D-main/FS-Jump3D-main/data/npy/Skater_A/Axel\Axel_4.npy,Skater_A,10.008061,7.1352067,-1.0075209
Axel_4.npy,254,D:/work/讨论/FS-Jump3D-main/FS-Jump3D-main/data/npy/Skater_A/Axel\Axel_4.npy,Skater_A,9.642773,7.5850296,-1.1773428
Axel_4.npy,255,D:/work/讨论/FS-Jump3D-main/FS-Jump3D-main/data/npy/Skater_A/Axel\Axel_4.npy,Skater_A,9.3065195,7.942291,-1.3011894
Axel_4.npy,256,D:/work/讨论/FS-Jump3D-main/FS-Jump3D-main/data/npy/Skater_A/Axel\Axel_4.npy,Skater_A,8.976658,8.264727,-1.3895063
Axel_4.npy,257,D:/work/讨论/FS-Jump3D-main/FS-Jump3D-main/data/npy/Skater_A/Axel\Axel_4.npy,Skater_A,8.561187,8.650625,-1.5356824
Axel_4.npy,258,D:/work/讨论/FS-Jump3D-main/FS-Jump3D-main/data/npy/Skater_A/Axel\Axel_4.npy,Skater_A,8.070916,9.107872,-1.75654
Axel_4.npy,259,D:/work/讨论/FS-Jump3D-main/FS-Jump3D-main/data/npy/Skater_A/Axel\Axel_4.npy,Skater_A,7.6851444,9.476203,-1.9160198
Axel_4.npy,260,D:/work/讨论/FS-Jump3D-main/FS-Jump3D-main/data/npy/Skater_A/Axel\Axel_4.npy,Skater_A,7.403669,9.750535,-1.997071
Axel_4.npy,261,D:/work/讨论/FS-Jump3D-main/FS-Jump3D-main/data/npy/Skater_A/Axel\Axel_4.npy,Skater_A,7.1449246,10.008878,-2.0432303
Axel_4.npy,262,D:/work/讨论/FS-Jump3D-main/FS-Jump3D-main/data/npy/Skater_A/Axel\Axel_4.npy,Skater_A,6.900756,10.288056,-2.0846279
Axel_4.npy,263,D:/work/讨论/FS-Jump3D-main/FS-Jump3D-main/data/npy/Skater_A/Axel\Axel_4.npy,Skater_A,6.6984735,10.560096,-2.1249788
Axel_4.npy,264,D:/work/讨论/FS-Jump3D-main/FS-Jump3D-main/data/npy/Skater_A/Axel\Axel_4.npy,Skater_A,6.544473,10.78829,-2.1470766
Axel_4.npy,265,D:/work/讨论/FS-Jump3D-main/FS-Jump3D-main/data/npy/Skater_A/Axel\Axel_4.npy,Skater_A,6.4294415,11.011253,-2.1648486
Axel_4.npy,266,D:/work/讨论/FS-Jump3D-main/FS-Jump3D-main/data/npy/Skater_A/Axel\Axel_4.npy,Skater_A,6.367368,11.237946,-2.1904833
Axel_4.npy,267,D:/work/讨论/FS-Jump3D-main/FS-Jump3D-main/data/npy/Skater_A/Axel\Axel_4.npy,Skater_A,6.314029,11.464309,-2.20931
Axel_4.npy,268,D:/work/讨论/FS-Jump3D-main/FS-Jump3D-main/data/npy/Skater_A/Axel\Axel_4.npy,Skater_A,6.248388,11.748824,-2.216128
Axel_4.npy,269,D:/work/讨论/FS-Jump3D-main/FS-Jump3D-main/data/npy/Skater_A/Axel\Axel_4.npy,Skater_A,6.204672,12.147497,-2.2329369
Axel_4.npy,270,D:/work/讨论/FS-Jump3D-main/FS-Jump3D-main/data/npy/Skater_A/Axel\Axel_4.npy,Skater_A,6.1918426,12.489534,-2.2510645
Axel_4.npy,271,D:/work/讨论/FS-Jump3D-main/FS-Jump3D-main/data/npy/Skater_A/Axel\Axel_4.npy,Skater_A,6.1875405,12.727876,-2.2617972
Axel_4.npy,272,D:/work/讨论/FS-Jump3D-main/FS-Jump3D-main/data/npy/Skater_A/Axel\Axel_4.npy,Skater_A,6.1811943,12.942138,-2.2665145
Axel_4.npy,273,D:/work/讨论/FS-Jump3D-main/FS-Jump3D-main/data/npy/Skater_A/Axel\Axel_4.npy,Skater_A,6.1659484,13.1827,-2.2649903
Axel_4.npy,274,D:/work/讨论/FS-Jump3D-main/FS-Jump3D-main/data/npy/Skater_A/Axel\Axel_4.npy,Skater_A,6.1462326,13.404112,-2.2568932
Axel_4.npy,275,D:/work/讨论/FS-Jump3D-main/FS-Jump3D-main/data/npy/Skater_A/Axel\Axel_4.npy,Skater_A,6.1228123,13.59141,-2.2444317
Axel_4.npy,276,D:/work/讨论/FS-Jump3D-main/FS-Jump3D-main/data/npy/Skater_A/Axel\Axel_4.npy,Skater_A,6.102141,13.771357,-2.2288756
Axel_4.npy,277,D:/work/讨论/FS-Jump3D-main/FS-Jump3D-main/data/npy/Skater_A/Axel\Axel_4.npy,Skater_A,6.083923,13.9472685,-2.209495
Axel_4.npy,278,D:/work/讨论/FS-Jump3D-main/FS-Jump3D-main/data/npy/Skater_A/Axel\Axel_4.npy,Skater_A,6.0660787,14.09509,-2.191059
Axel_4.npy,279,D:/work/讨论/FS-Jump3D-main/FS-Jump3D-main/data/npy/Skater_A/Axel\Axel_4.npy,Skater_A,6.042925,14.24995,-2.1676288
Axel_4.npy,280,D:/work/讨论/FS-Jump3D-main/FS-Jump3D-main/data/npy/Skater_A/Axel\Axel_4.npy,Skater_A,6.0211225,14.387133,-2.1436255
Axel_4.npy,281,D:/work/讨论/FS-Jump3D-main/FS-Jump3D-main/data/npy/Skater_A/Axel\Axel_4.npy,Skater_A,6.0047336,14.501659,-2.1220403
Axel_4.npy,282,D:/work/讨论/FS-Jump3D-main/FS-Jump3D-main/data/npy/Skater_A/Axel\Axel_4.npy,Skater_A,5.9915333,14.605844,-2.1006768
Axel_4.npy,283,D:/work/讨论/FS-Jump3D-main/FS-Jump3D-main/data/npy/Skater_A/Axel\Axel_4.npy,Skater_A,5.9793186,14.709214,-2.0771577
Axel_4.npy,284,D:/work/讨论/FS-Jump3D-main/FS-Jump3D-main/data/npy/Skater_A/Axel\Axel_4.npy,Skater_A,5.97025,14.797735,-2.0545077
Axel_4.npy,285,D:/work/讨论/FS-Jump3D-main/FS-Jump3D-main/data/npy/Skater_A/Axel\Axel_4.npy,Skater_A,5.964691,14.877724,-2.030564
Axel_4.npy,286,D:/work/讨论/FS-Jump3D-main/FS-Jump3D-main/data/npy/Skater_A/Axel\Axel_4.npy,Skater_A,5.9613056,14.976321,-2.0010052
Axel_4.npy,287,D:/work/讨论/FS-Jump3D-main/FS-Jump3D-main/data/npy/Skater_A/Axel\Axel_4.npy,Skater_A,5.96111,15.101613,-1.9648049
Axel_4.npy,288,D:/work/讨论/FS-Jump3D-main/FS-Jump3D-main/data/npy/Skater_A/Axel\Axel_4.npy,Skater_A,5.9632044,15.258171,-1.9217937
Axel_4.npy,289,D:/work/讨论/FS-Jump3D-main/FS-Jump3D-main/data/npy/Skater_A/Axel\Axel_4.npy,Skater_A,5.9639735,15.42596,-1.8762677
Axel_4.npy,290,D:/work/讨论/FS-Jump3D-main/FS-Jump3D-main/data/npy/Skater_A/Axel\Axel_4.npy,Skater_A,5.9640646,15.585536,-1.8335071
Axel_4.npy,291,D:/work/讨论/FS-Jump3D-main/FS-Jump3D-main/data/npy/Skater_A/Axel\Axel_4.npy,Skater_A,5.96332,15.720103,-1.7975482
Axel_4.npy,292,D:/work/讨论/FS-Jump3D-main/FS-Jump3D-main/data/npy/Skater_A/Axel\Axel_4.npy,Skater_A,5.962292,15.834975,-1.7678344
Axel_4.npy,293,D:/work/讨论/FS-Jump3D-main/FS-Jump3D-main/data/npy/Skater_A/Axel\Axel_4.npy,Skater_A,5.9620347,15.927077,-1.7444781
Axel_4.npy,294,D:/work/讨论/FS-Jump3D-main/FS-Jump3D-main/data/npy/Skater_A/Axel\Axel_4.npy,Skater_A,5.9603195,16.001783,-1.7241002
Axel_4.npy,295,D:/work/讨论/FS-Jump3D-main/FS-Jump3D-main/data/npy/Skater_A/Axel\Axel_4.npy,Skater_A,5.9593444,16.05305,-1.7103618
Axel_4.npy,296,D:/work/讨论/FS-Jump3D-main/FS-Jump3D-main/data/npy/Skater_A/Axel\Axel_4.npy,Skater_A,5.9579864,16.102684,-1.6973488
Axel_4.npy,297,D:/work/讨论/FS-Jump3D-main/FS-Jump3D-main/data/npy/Skater_A/Axel\Axel_4.npy,Skater_A,5.9542184,16.167973,-1.6780901
Axel_4.npy,298,D:/work/讨论/FS-Jump3D-main/FS-Jump3D-main/data/npy/Skater_A/Axel\Axel_4.npy,Skater_A,5.9540052,16.183372,-1.6745342
Axel_5.npy,0,D:/work/讨论/FS-Jump3D-main/FS-Jump3D-main/data/npy/Skater_A/Axel\Axel_5.npy,Skater_A,3.374738,6.4626145,-13.356004
Axel_5.npy,1,D:/work/讨论/FS-Jump3D-main/FS-Jump3D-main/data/npy/Skater_A/Axel\Axel_5.npy,Skater_A,3.4371555,6.1547747,-13.4828825
Axel_5.npy,2,D:/work/讨论/FS-Jump3D-main/FS-Jump3D-main/data/npy/Skater_A/Axel\Axel_5.npy,Skater_A,3.5593262,5.4657717,-13.698538
Axel_5.npy,3,D:/work/讨论/FS-Jump3D-main/FS-Jump3D-main/data/npy/Skater_A/Axel\Axel_5.npy,Skater_A,4.000343,4.195873,-14.004063
Axel_5.npy,4,D:/work/讨论/FS-Jump3D-main/FS-Jump3D-main/data/npy/Skater_A/Axel\Axel_5.npy,Skater_A,4.165184,3.2666156,-14.586357
Axel_5.npy,5,D:/work/讨论/FS-Jump3D-main/FS-Jump3D-main/data/npy/Skater_A/Axel\Axel_5.npy,Skater_A,4.066656,2.8052084,-14.853362
Axel_5.npy,6,D:/work/讨论/FS-Jump3D-main/FS-Jump3D-main/data/npy/Skater_A/Axel\Axel_5.npy,Skater_A,3.9138234,2.4055953,-14.606905
Axel_5.npy,7,D:/work/讨论/FS-Jump3D-main/FS-Jump3D-main/data/npy/Skater_A/Axel\Axel_5.npy,Skater_A,3.5079832,1.8066148,-14.562182
Axel_5.npy,8,D:/work/讨论/FS-Jump3D-main/FS-Jump3D-main/data/npy/Skater_A/Axel\Axel_5.npy,Skater_A,2.9754713,1.250998,-14.5202675
Axel_5.npy,9,D:/work/讨论/FS-Jump3D-main/FS-Jump3D-main/data/npy/Skater_A/Axel\Axel_5.npy,Skater_A,2.4902122,0.8400135,-14.360815
Axel_5.npy,10,D:/work/讨论/FS-Jump3D-main/FS-Jump3D-main/data/npy/Skater_A/Axel\Axel_5.npy,Skater_A,1.8993503,0.70971143,-14.212848
Axel_5.npy,11,D:/work/讨论/FS-Jump3D-main/FS-Jump3D-main/data/npy/Skater_A/Axel\Axel_5.npy,Skater_A,1.4679371,0.66312087,-14.085599
Axel_5.npy,12,D:/work/讨论/FS-Jump3D-main/FS-Jump3D-main/data/npy/Skater_A/Axel\Axel_5.npy,Skater_A,1.192077,0.43957034,-14.054319
Axel_5.npy,13,D:/work/讨论/FS-Jump3D-main/FS-Jump3D-main/data/npy/Skater_A/Axel\Axel_5.npy,Skater_A,0.7807232,0.06631512,-14.013934
Axel_5.npy,14,D:/work/讨论/FS-Jump3D-main/FS-Jump3D-main/data/npy/Skater_A/Axel\Axel_5.npy,Skater_A,0.36583143,-0.15727912,-13.935427
Axel_5.npy,15,D:/work/讨论/FS-Jump3D-main/FS-Jump3D-main/data/npy/Skater_A/Axel\Axel_5.npy,Skater_A,0.005479696,-0.33580342,-13.905918
Axel_5.npy,16,D:/work/讨论/FS-Jump3D-main/FS-Jump3D-main/data/npy/Skater_A/Axel\Axel_5.npy,Skater_A,-0.555744,-0.7237478,-13.847014
Axel_5.npy,17,D:/work/讨论/FS-Jump3D-main/FS-Jump3D-main/data/npy/Skater_A/Axel\Axel_5.npy,Skater_A,-0.9278812,-1.0642483,-13.732751
Axel_5.npy,18,D:/work/讨论/FS-Jump3D-main/FS-Jump3D-main/data/npy/Skater_A/Axel\Axel_5.npy,Skater_A,-1.1180719,-1.2754898,-13.537529
Axel_5.npy,19,D:/work/讨论/FS-Jump3D-main/FS-Jump3D-main/data/npy/Skater_A/Axel\Axel_5.npy,Skater_A,-1.3776864,-1.5674753,-13.174996
Axel_5.npy,20,D:/work/讨论/FS-Jump3D-main/FS-Jump3D-main/data/npy/Skater_A/Axel\Axel_5.npy,Skater_A,-1.6966586,-2.0670772,-12.695644
Axel_5.npy,21,D:/work/讨论/FS-Jump3D-main/FS-Jump3D-main/data/npy/Skater_A/Axel\Axel_5.npy,Skater_A,-1.9850985,-2.534567,-12.3869295
Axel_5.npy,22,D:/work/讨论/FS-Jump3D-main/FS-Jump3D-main/data/npy/Skater_A/Axel\Axel_5.npy,Skater_A,-2.1811724,-2.7387006,-12.251809
Axel_5.npy,23,D:/work/讨论/FS-Jump3D-main/FS-Jump3D-main/data/npy/Skater_A/Axel\Axel_5.npy,Skater_A,-2.4026976,-2.7779896,-12.134968
Axel_5.npy,24,D:/work/讨论/FS-Jump3D-main/FS-Jump3D-main/data/npy/Skater_A/Axel\Axel_5.npy,Skater_A,-2.7437167,-2.7990806,-11.922883
Axel_5.npy,25,D:/work/讨论/FS-Jump3D-main/FS-Jump3D-main/data/npy/Skater_A/Axel\Axel_5.npy,Skater_A,-3.24061,-2.8619149,-11.557951
Axel_5.npy,26,D:/work/讨论/FS-Jump3D-main/FS-Jump3D-main/data/npy/Skater_A/Axel\Axel_5.npy,Skater_A,-3.4338386,-2.9439378,-11.411801
Axel_5.npy,27,D:/work/讨论/FS-Jump3D-main/FS-Jump3D-main/data/npy/Skater_A/Axel\Axel_5.npy,Skater_A,-3.4353137,-3.2718456,-11.324687
Axel_5.npy,28,D:/work/讨论/FS-Jump3D-main/FS-Jump3D-main/data/npy/Skater_A/Axel\Axel_5.npy,Skater_A,-3.4612544,-3.5024095,-11.233841
Axel_5.npy,29,D:/work/讨论/FS-Jump3D-main/FS-Jump3D-main/data/npy/Skater_A/Axel\Axel_5.npy,Skater_A,-3.5964942,-3.33898,-10.993203
Axel_5.npy,30,D:/work/讨论/FS-Jump3D-main/FS-Jump3D-main/data/npy/Skater_A/Axel\Axel_5.npy,Skater_A,-3.876863,-3.3434389,-10.503429
Axel_5.npy,31,D:/work/讨论/FS-Jump3D-main/FS-Jump3D-main/data/npy/Skater_A/Axel\Axel_5.npy,Skater_A,-4.3048115,-3.642413,-9.505437
Axel_5.npy,32,D:/work/讨论/FS-Jump3D-main/FS-Jump3D-main/data/npy/Skater_A/Axel\Axel_5.npy,Skater_A,-4.462241,-3.8060076,-9.147646
Axel_5.npy,33,D:/work/讨论/FS-Jump3D-main/FS-Jump3D-main/data/npy/Skater_A/Axel\Axel_5.npy,Skater_A,-4.5915885,-3.9549565,-8.935214
Axel_5.npy,34,D:/work/讨论/FS-Jump3D-main/FS-Jump3D-main/data/npy/Skater_A/Axel\Axel_5.npy,Skater_A,-4.7255616,-4.137137,-8.7219715
Axel_5.npy,35,D:/work/讨论/FS-Jump3D-main/FS-Jump3D-main/data/npy/Skater_A/Axel\Axel_5.npy,Skater_A,-4.99306,-4.581281,-8.31035
Axel_5.npy,36,D:/work/讨论/FS-Jump3D-main/FS-Jump3D-main/data/npy/Skater_A/Axel\Axel_5.npy,Skater_A,-5.3656106,-5.171534,-7.86892
Axel_5.npy,37,D:/work/讨论/FS-Jump3D-main/FS-Jump3D-main/data/npy/Skater_A/Axel\Axel_5.npy,Skater_A,-5.493209,-5.551598,-7.542829
Axel_5.npy,38,D:/work/讨论/FS-Jump3D-main/FS-Jump3D-main/data/npy/Skater_A/Axel\Axel_5.npy,Skater_A,-5.588268,-5.9497943,-7.191963
Axel_5.npy,39,D:/work/讨论/FS-Jump3D-main/FS-Jump3D-main/data/npy/Skater_A/Axel\Axel_5.npy,Skater_A,-5.6012425,-6.7430716,-6.602976
Axel_5.npy,40,D:/work/讨论/FS-Jump3D-main/FS-Jump3D-main/data/npy/Skater_A/Axel\Axel_5.npy,Skater_A,-5.4971995,-7.2989383,-5.9381166
Axel_5.npy,41,D:/work/讨论/FS-Jump3D-main/FS-Jump3D-main/data/npy/Skater_A/Axel\Axel_5.npy,Skater_A,-5.4712434,-7.5145416,-5.6781955
Axel_5.npy,42,D:/work/讨论/FS-Jump3D-main/FS-Jump3D-main/data/npy/Skater_A/Axel\Axel_5.npy,Skater_A,-5.4742303,-7.7677803,-5.5057693
Axel_5.npy,43,D:/work/讨论/FS-Jump3D-main/FS-Jump3D-main/data/npy/Skater_A/Axel\Axel_5.npy,Skater_A,-5.4294934,-8.014154,-5.3151956
Axel_5.npy,44,D:/work/讨论/FS-Jump3D-main/FS-Jump3D-main/data/npy/Skater_A/Axel\Axel_5.npy,Skater_A,-5.4456105,-8.365943,-5.0762506
Axel_5.npy,45,D:/work/讨论/FS-Jump3D-main/FS-Jump3D-main/data/npy/Skater_A/Axel\Axel_5.npy,Skater_A,-5.6841145,-9.354296,-4.696633
Axel_5.npy,46,D:/work/讨论/FS-Jump3D-main/FS-Jump3D-main/data/npy/Skater_A/Axel\Axel_5.npy,Skater_A,-5.748914,-10.278235,-4.4162583
Axel_5.npy,47,D:/work/讨论/FS-Jump3D-main/FS-Jump3D-main/data/npy/Skater_A/Axel\Axel_5.npy,Skater_A,-5.700745,-10.652206,-4.1853585
Axel_5.npy,48,D:/work/讨论/FS-Jump3D-main/FS-Jump3D-main/data/npy/Skater_A/Axel\Axel_5.npy,Skater_A,-5.595121,-10.829578,-4.0929694
Axel_5.npy,49,D:/work/讨论/FS-Jump3D-main/FS-Jump3D-main/data/npy/Skater_A/Axel\Axel_5.npy,Skater_A,-5.0334873,-11.3224745,-4.2113075
Axel_5.npy,50,D:/work/讨论/FS-Jump3D-main/FS-Jump3D-main/data/npy/Skater_A/Axel\Axel_5.npy,Skater_A,-4.1919312,-12.017239,-4.4912367
Axel_5.npy,51,D:/work/讨论/FS-Jump3D-main/FS-Jump3D-main/data/npy/Skater_A/Axel\Axel_5.npy,Skater_A,-3.9328325,-12.275164,-4.412148
Axel_5.npy,52,D:/work/讨论/FS-Jump3D-main/FS-Jump3D-main/data/npy/Skater_A/Axel\Axel_5.npy,Skater_A,-3.7485583,-12.454605,-4.207213
Axel_5.npy,53,D:/work/讨论/FS-Jump3D-main/FS-Jump3D-main/data/npy/Skater_A/Axel\Axel_5.npy,Skater_A,-3.4276454,-12.676553,-3.7867181
Axel_5.npy,54,D:/work/讨论/FS-Jump3D-main/FS-Jump3D-main/data/npy/Skater_A/Axel\Axel_5.npy,Skater_A,-3.0352259,-12.917393,-3.2888281
Axel_5.npy,55,D:/work/讨论/FS-Jump3D-main/FS-Jump3D-main/data/npy/Skater_A/Axel\Axel_5.npy,Skater_A,-2.7092614,-13.349583,-2.6502256
Axel_5.npy,56,D:/work/讨论/FS-Jump3D-main/FS-Jump3D-main/data/npy/Skater_A/Axel\Axel_5.npy,Skater_A,-2.4701793,-13.667155,-2.2743294
Axel_5.npy,57,D:/work/讨论/FS-Jump3D-main/FS-Jump3D-main/data/npy/Skater_A/Axel\Axel_5.npy,Skater_A,-2.4010248,-13.703561,-2.1006083
Axel_5.npy,58,D:/work/讨论/FS-Jump3D-main/FS-Jump3D-main/data/npy/Skater_A/Axel\Axel_5.npy,Skater_A,-2.4611344,-13.827997,-1.9341063
Axel_5.npy,59,D:/work/讨论/FS-Jump3D-main/FS-Jump3D-main/data/npy/Skater_A/Axel\Axel_5.npy,Skater_A,-2.625961,-14.241363,-1.664024
Axel_5.npy,60,D:/work/讨论/FS-Jump3D-main/FS-Jump3D-main/data/npy/Skater_A/Axel\Axel_5.npy,Skater_A,-2.9224272,-14.7612095,-1.3860103
Axel_5.npy,61,D:/work/讨论/FS-Jump3D-main/FS-Jump3D-main/data/npy/Skater_A/Axel\Axel_5.npy,Skater_A,-3.4553845,-15.366863,-1.0910238
Axel_5.npy,62,D:/work/讨论/FS-Jump3D-main/FS-Jump3D-main/data/npy/Skater_A/Axel\Axel_5.npy,Skater_A,-4.4154897,-16.178017,-0.55367875
Axel_5.npy,63,D:/work/讨论/FS-Jump3D-main/FS-Jump3D-main/data/npy/Skater_A/Axel\Axel_5.npy,Skater_A,-4.73047,-16.360632,-0.094829515
Axel_5.npy,64,D:/work/讨论/FS-Jump3D-main/FS-Jump3D-main/data/npy/Skater_A/Axel\Axel_5.npy,Skater_A,-4.6872907,-16.194765,0.5488433
Axel_5.npy,65,D:/work/讨论/FS-Jump3D-main/FS-Jump3D-main/data/npy/Skater_A/Axel\Axel_5.npy,Skater_A,-4.8265204,-16.0533,1.0882641
Axel_5.npy,66,D:/work/讨论/FS-Jump3D-main/FS-Jump3D-main/data/npy/Skater_A/Axel\Axel_5.npy,Skater_A,-5.212434,-16.076735,1.4763759
Axel_5.npy,67,D:/work/讨论/FS-Jump3D-main/FS-Jump3D-main/data/npy/Skater_A/Axel\Axel_5.npy,Skater_A,-5.288364,-15.8023,2.0670924
Axel_5.npy,68,D:/work/讨论/FS-Jump3D-main/FS-Jump3D-main/data/npy/Skater_A/Axel\Axel_5.npy,Skater_A,-5.206474,-15.090444,3.178625
Axel_5.npy,69,D:/work/讨论/FS-Jump3D-main/FS-Jump3D-main/data/npy/Skater_A/Axel\Axel_5.npy,Skater_A,-5.636921,-14.818728,3.7551494
Axel_5.npy,70,D:/work/讨论/FS-Jump3D-main/FS-Jump3D-main/data/npy/Skater_A/Axel\Axel_5.npy,Skater_A,-6.1285024,-14.540219,4.2782316
Axel_5.npy,71,D:/work/讨论/FS-Jump3D-main/FS-Jump3D-main/data/npy/Skater_A/Axel\Axel_5.npy,Skater_A,-6.418682,-13.918698,5.13434
Axel_5.npy,72,D:/work/讨论/FS-Jump3D-main/FS-Jump3D-main/data/npy/Skater_A/Axel\Axel_5.npy,Skater_A,-6.8531394,-13.374918,5.793966
Axel_5.npy,73,D:/work/讨论/FS-Jump3D-main/FS-Jump3D-main/data/npy/Skater_A/Axel\Axel_5.npy,Skater_A,-7.4436297,-12.991042,6.08791
Axel_5.npy,74,D:/work/讨论/FS-Jump3D-main/FS-Jump3D-main/data/npy/Skater_A/Axel\Axel_5.npy,Skater_A,-8.004445,-12.480885,6.412645
Axel_5.npy,75,D:/work/讨论/FS-Jump3D-main/FS-Jump3D-main/data/npy/Skater_A/Axel\Axel_5.npy,Skater_A,-8.209399,-11.693267,6.9727883
Axel_5.npy,76,D:/work/讨论/FS-Jump3D-main/FS-Jump3D-main/data/npy/Skater_A/Axel\Axel_5.npy,Skater_A,-8.409779,-10.941997,7.4679494
Axel_5.npy,77,D:/work/讨论/FS-Jump3D-main/FS-Jump3D-main/data/npy/Skater_A/Axel\Axel_5.npy,Skater_A,-8.743634,-10.3098,7.757624
Axel_5.npy,78,D:/work/讨论/FS-Jump3D-main/FS-Jump3D-main/data/npy/Skater_A/Axel\Axel_5.npy,Skater_A,-9.090071,-9.691697,7.9668913
Axel_5.npy,79,D:/work/讨论/FS-Jump3D-main/FS-Jump3D-main/data/npy/Skater_A/Axel\Axel_5.npy,Skater_A,-9.407936,-9.052532,8.148535
Axel_5.npy,80,D:/work/讨论/FS-Jump3D-main/FS-Jump3D-main/data/npy/Skater_A/Axel\Axel_5.npy,Skater_A,-9.836147,-8.325036,8.282134
Axel_5.npy,81,D:/work/讨论/FS-Jump3D-main/FS-Jump3D-main/data/npy/Skater_A/Axel\Axel_5.npy,Skater_A,-10.333656,-7.5578437,8.340329
Axel_5.npy,82,D:/work/讨论/FS-Jump3D-main/FS-Jump3D-main/data/npy/Skater_A/Axel\Axel_5.npy,Skater_A,-10.5046625,-6.7155476,8.440529
Axel_5.npy,83,D:/work/讨论/FS-Jump3D-main/FS-Jump3D-main/data/npy/Skater_A/Axel\Axel_5.npy,Skater_A,-10.43405,-5.690725,8.562975
Axel_5.npy,84,D:/work/讨论/FS-Jump3D-main/FS-Jump3D-main/data/npy/Skater_A/Axel\Axel_5.npy,Skater_A,-10.533449,-4.9029446,8.518948
Axel_5.npy,85,D:/work/讨论/FS-Jump3D-main/FS-Jump3D-main/data/npy/Skater_A/Axel\Axel_5.npy,Skater_A,-10.824954,-4.375356,8.3666525
Axel_5.npy,86,D:/work/讨论/FS-Jump3D-main/FS-Jump3D-main/data/npy/Skater_A/Axel\Axel_5.npy,Skater_A,-11.1873455,-3.8017457,8.0967
Axel_5.npy,87,D:/work/讨论/FS-Jump3D-main/FS-Jump3D-main/data/npy/Skater_A/Axel\Axel_5.npy,Skater_A,-11.401598,-3.0265512,7.737189
Axel_5.npy,88,D:/work/讨论/FS-Jump3D-main/FS-Jump3D-main/data/npy/Skater_A/Axel\Axel_5.npy,Skater_A,-11.587503,-2.249758,7.2652087
Axel_5.npy,89,D:/work/讨论/FS-Jump3D-main/FS-Jump3D-main/data/npy/Skater_A/Axel\Axel_5.npy,Skater_A,-11.957362,-1.6109138,6.678339
Axel_5.npy,90,D:/work/讨论/FS-Jump3D-main/FS-Jump3D-main/data/npy/Skater_A/Axel\Axel_5.npy,Skater_A,-12.30956,-0.99594885,6.017893
Axel_5.npy,91,D:/work/讨论/FS-Jump3D-main/FS-Jump3D-main/data/npy/Skater_A/Axel\Axel_5.npy,Skater_A,-12.341485,-0.36902204,5.288951
Axel_5.npy,92,D:/work/讨论/FS-Jump3D-main/FS-Jump3D-main/data/npy/Skater_A/Axel\Axel_5.npy,Skater_A,-12.419208,0.13714498,4.485358
Axel_5.npy,93,D:/work/讨论/FS-Jump3D-main/FS-Jump3D-main/data/npy/Skater_A/Axel\Axel_5.npy,Skater_A,-12.703393,0.5544653,3.6379285
Axel_5.npy,94,D:/work/讨论/FS-Jump3D-main/FS-Jump3D-main/data/npy/Skater_A/Axel\Axel_5.npy,Skater_A,-13.022988,0.8881128,2.7964454
Axel_5.npy,95,D:/work/讨论/FS-Jump3D-main/FS-Jump3D-main/data/npy/Skater_A/Axel\Axel_5.npy,Skater_A,-13.425477,1.2414807,1.8358748
Axel_5.npy,96,D:/work/讨论/FS-Jump3D-main/FS-Jump3D-main/data/npy/Skater_A/Axel\Axel_5.npy,Skater_A,-13.80401,1.6603594,0.98694426
Axel_5.npy,97,D:/work/讨论/FS-Jump3D-main/FS-Jump3D-main/data/npy/Skater_A/Axel\Axel_5.npy,Skater_A,-13.845306,2.0600371,0.15730953
Axel_5.npy,98,D:/work/讨论/FS-Jump3D-main/FS-Jump3D-main/data/npy/Skater_A/Axel\Axel_5.npy,Skater_A,-14.712609,3.119312,-0.5729332
Axel_5.npy,99,D:/work/讨论/FS-Jump3D-main/FS-Jump3D-main/data/npy/Skater_A/Axel\Axel_5.npy,Skater_A,-14.720171,3.863724,-0.9124529
Axel_5.npy,100,D:/work/讨论/FS-Jump3D-main/FS-Jump3D-main/data/npy/Skater_A/Axel\Axel_5.npy,Skater_A,-14.830916,4.439597,-1.3254607
Axel_5.npy,101,D:/work/讨论/FS-Jump3D-main/FS-Jump3D-main/data/npy/Skater_A/Axel\Axel_5.npy,Skater_A,-14.69312,5.518844,-1.621908
Axel_5.npy,102,D:/work/讨论/FS-Jump3D-main/FS-Jump3D-main/data/npy/Skater_A/Axel\Axel_5.npy,Skater_A,-14.597085,6.7228594,-2.0005348
Axel_5.npy,103,D:/work/讨论/FS-Jump3D-main/FS-Jump3D-main/data/npy/Skater_A/Axel\Axel_5.npy,Skater_A,-14.439076,7.491589,-2.1370301
Axel_5.npy,104,D:/work/讨论/FS-Jump3D-main/FS-Jump3D-main/data/npy/Skater_A/Axel\Axel_5.npy,Skater_A,-14.198657,8.288346,-2.1091423
Axel_5.npy,105,D:/work/讨论/FS-Jump3D-main/FS-Jump3D-main/data/npy/Skater_A/Axel\Axel_5.npy,Skater_A,-13.896838,9.243965,-1.9341785
Axel_5.npy,106,D:/work/讨论/FS-Jump3D-main/FS-Jump3D-main/data/npy/Skater_A/Axel\Axel_5.npy,Skater_A,-13.473144,10.220005,-1.560055
Axel_5.npy,107,D:/work/讨论/FS-Jump3D-main/FS-Jump3D-main/data/npy/Skater_A/Axel\Axel_5.npy,Skater_A,-12.993889,11.02067,-1.0032682
Axel_5.npy,108,D:/work/讨论/FS-Jump3D-main/FS-Jump3D-main/data/npy/Skater_A/Axel\Axel_5.npy,Skater_A,-12.408841,11.643056,-0.2951934
Axel_5.npy,109,D:/work/讨论/FS-Jump3D-main/FS-Jump3D-main/data/npy/Skater_A/Axel\Axel_5.npy,Skater_A,-11.730764,12.096569,0.4992605
Axel_5.npy,110,D:/work/讨论/FS-Jump3D-main/FS-Jump3D-main/data/npy/Skater_A/Axel\Axel_5.npy,Skater_A,-11.004019,12.32201,1.2752368
Axel_5.npy,111,D:/work/讨论/FS-Jump3D-main/FS-Jump3D-main/data/npy/Skater_A/Axel\Axel_5.npy,Skater_A,-10.320956,12.321726,2.0050716
Axel_5.npy,112,D:/work/讨论/FS-Jump3D-main/FS-Jump3D-main/data/npy/Skater_A/Axel\Axel_5.npy,Skater_A,-9.714173,12.147209,2.7577066
Axel_5.npy,113,D:/work/讨论/FS-Jump3D-main/FS-Jump3D-main/data/npy/Skater_A/Axel\Axel_5.npy,Skater_A,-9.143864,11.833893,3.5402923
Axel_5.npy,114,D:/work/讨论/FS-Jump3D-main/FS-Jump3D-main/data/npy/Skater_A/Axel\Axel_5.npy,Skater_A,-8.520625,11.390231,4.1767707
Axel_5.npy,115,D:/work/讨论/FS-Jump3D-main/FS-Jump3D-main/data/npy/Skater_A/Axel\Axel_5.npy,Skater_A,-7.9490824,10.913545,4.6950088
Axel_5.npy,116,D:/work/讨论/FS-Jump3D-main/FS-Jump3D-main/data/npy/Skater_A/Axel\Axel_5.npy,Skater_A,-7.3649216,10.412626,5.36287
Axel_5.npy,117,D:/work/讨论/FS-Jump3D-main/FS-Jump3D-main/data/npy/Skater_A/Axel\Axel_5.npy,Skater_A,-6.724921,9.8610735,6.0421877
Axel_5.npy,118,D:/work/讨论/FS-Jump3D-main/FS-Jump3D-main/data/npy/Skater_A/Axel\Axel_5.npy,Skater_A,-6.1238675,9.386196,6.662783
Axel_5.npy,119,D:/work/讨论/FS-Jump3D-main/FS-Jump3D-main/data/npy/Skater_A/Axel\Axel_5.npy,Skater_A,-5.4732885,8.913108,7.2854624
Axel_5.npy,120,D:/work/讨论/FS-Jump3D-main/FS-Jump3D-main/data/npy/Skater_A/Axel\Axel_5.npy,Skater_A,-4.59332,8.420918,8.001957
Axel_5.npy,121,D:/work/讨论/FS-Jump3D-main/FS-Jump3D-main/data/npy/Skater_A/Axel\Axel_5.npy,Skater_A,-3.6866574,8.177473,8.65266
Axel_5.npy,122,D:/work/讨论/FS-Jump3D-main/FS-Jump3D-main/data/npy/Skater_A/Axel\Axel_5.npy,Skater_A,-2.6527145,8.184463,9.234026
Axel_5.npy,123,D:/work/讨论/FS-Jump3D-main/FS-Jump3D-main/data/npy/Skater_A/Axel\Axel_5.npy,Skater_A,-1.1699462,8.117129,9.849312
Axel_5.npy,124,D:/work/讨论/FS-Jump3D-main/FS-Jump3D-main/data/npy/Skater_A/Axel\Axel_5.npy,Skater_A,0.22185768,7.67947,10.241428
Axel_5.npy,125,D:/work/讨论/FS-Jump3D-main/FS-Jump3D-main/data/npy/Skater_A/Axel\Axel_5.npy,Skater_A,1.0504968,6.9493003,10.358556
Axel_5.npy,126,D:/work/讨论/FS-Jump3D-main/FS-Jump3D-main/data/npy/Skater_A/Axel\Axel_5.npy,Skater_A,1.5868638,5.9021893,10.447093
Axel_5.npy,127,D:/work/讨论/FS-Jump3D-main/FS-Jump3D-main/data/npy/Skater_A/Axel\Axel_5.npy,Skater_A,1.6680443,4.488099,10.541158
Axel_5.npy,128,D:/work/讨论/FS-Jump3D-main/FS-Jump3D-main/data/npy/Skater_A/Axel\Axel_5.npy,Skater_A,1.1553981,3.2944343,10.606735
Axel_5.npy,129,D:/work/讨论/FS-Jump3D-main/FS-Jump3D-main/data/npy/Skater_A/Axel\Axel_5.npy,Skater_A,0.33579597,2.5556145,10.618322
Axel_5.npy,130,D:/work/讨论/FS-Jump3D-main/FS-Jump3D-main/data/npy/Skater_A/Axel\Axel_5.npy,Skater_A,-0.97507524,2.1976767,10.755502
Axel_5.npy,131,D:/work/讨论/FS-Jump3D-main/FS-Jump3D-main/data/npy/Skater_A/Axel\Axel_5.npy,Skater_A,-2.2085648,2.356043,10.856481
Axel_5.npy,132,D:/work/讨论/FS-Jump3D-main/FS-Jump3D-main/data/npy/Skater_A/Axel\Axel_5.npy,Skater_A,-2.9612064,2.8307996,10.535391
Axel_5.npy,133,D:/work/讨论/FS-Jump3D-main/FS-Jump3D-main/data/npy/Skater_A/Axel\Axel_5.npy,Skater_A,-3.4927163,3.461057,10.088705
Axel_5.npy,134,D:/work/讨论/FS-Jump3D-main/FS-Jump3D-main/data/npy/Skater_A/Axel\Axel_5.npy,Skater_A,-3.8239279,4.3556466,9.747393
Axel_5.npy,135,D:/work/讨论/FS-Jump3D-main/FS-Jump3D-main/data/npy/Skater_A/Axel\Axel_5.npy,Skater_A,-3.8701313,5.4713645,9.8939495
Axel_5.npy,136,D:/work/讨论/FS-Jump3D-main/FS-Jump3D-main/data/npy/Skater_A/Axel\Axel_5.npy,Skater_A,-3.5713193,6.533636,10.101074
Axel_5.npy,137,D:/work/讨论/FS-Jump3D-main/FS-Jump3D-main/data/npy/Skater_A/Axel\Axel_5.npy,Skater_A,-2.6587646,7.504181,10.396577
Axel_5.npy,138,D:/work/讨论/FS-Jump3D-main/FS-Jump3D-main/data/npy/Skater_A/Axel\Axel_5.npy,Skater_A,-1.2948714,7.8459177,10.910235
Axel_5.npy,139,D:/work/讨论/FS-Jump3D-main/FS-Jump3D-main/data/npy/Skater_A/Axel\Axel_5.npy,Skater_A,-0.23919685,7.5655065,11.4750185
Axel_5.npy,140,D:/work/讨论/FS-Jump3D-main/FS-Jump3D-main/data/npy/Skater_A/Axel\Axel_5.npy,Skater_A,0.6241542,6.6468124,11.9109535
Axel_5.npy,141,D:/work/讨论/FS-Jump3D-main/FS-Jump3D-main/data/npy/Skater_A/Axel\Axel_5.npy,Skater_A,1.0496068,5.2862573,12.29402
Axel_5.npy,142,D:/work/讨论/FS-Jump3D-main/FS-Jump3D-main/data/npy/Skater_A/Axel\Axel_5.npy,Skater_A,0.9646767,4.1059184,12.451524
Axel_5.npy,143,D:/work/讨论/FS-Jump3D-main/FS-Jump3D-main/data/npy/Skater_A/Axel\Axel_5.npy,Skater_A,0.47952318,3.1011972,12.546994
Axel_5.npy,144,D:/work/讨论/FS-Jump3D-main/FS-Jump3D-main/data/npy/Skater_A/Axel\Axel_5.npy,Skater_A,-0.34559715,2.0830522,12.902587
Axel_5.npy,145,D:/work/讨论/FS-Jump3D-main/FS-Jump3D-main/data/npy/Skater_A/Axel\Axel_5.npy,Skater_A,-1.0280796,1.1616614,13.478367
Axel_5.npy,146,D:/work/讨论/FS-Jump3D-main/FS-Jump3D-main/data/npy/Skater_A/Axel\Axel_5.npy,Skater_A,-1.2793039,0.41337028,14.066547
Axel_5.npy,147,D:/work/讨论/FS-Jump3D-main/FS-Jump3D-main/data/npy/Skater_A/Axel\Axel_5.npy,Skater_A,-1.2776345,-0.15053272,14.515026
Axel_5.npy,148,D:/work/讨论/FS-Jump3D-main/FS-Jump3D-main/data/npy/Skater_A/Axel\Axel_5.npy,Skater_A,-1.0638762,-0.82205695,14.797109
Axel_5.npy,149,D:/work/讨论/FS-Jump3D-main/FS-Jump3D-main/data/npy/Skater_A/Axel\Axel_5.npy,Skater_A,-0.9317145,-1.3707414,14.943403
Axel_5.npy,150,D:/work/讨论/FS-Jump3D-main/FS-Jump3D-main/data/npy/Skater_A/Axel\Axel_5.npy,Skater_A,-0.9704577,-2.1456456,15.117033
Axel_5.npy,151,D:/work/讨论/FS-Jump3D-main/FS-Jump3D-main/data/npy/Skater_A/Axel\Axel_5.npy,Skater_A,-1.0812005,-3.3061767,15.0153055
Axel_5.npy,152,D:/work/讨论/FS-Jump3D-main/FS-Jump3D-main/data/npy/Skater_A/Axel\Axel_5.npy,Skater_A,-1.0773679,-4.178967,14.895203
Axel_5.npy,153,D:/work/讨论/FS-Jump3D-main/FS-Jump3D-main/data/npy/Skater_A/Axel\Axel_5.npy,Skater_A,-0.9121517,-4.991235,14.66485
Axel_5.npy,154,D:/work/讨论/FS-Jump3D-main/FS-Jump3D-main/data/npy/Skater_A/Axel\Axel_5.npy,Skater_A,-0.7322525,-5.842902,14.24835
Axel_5.npy,155,D:/work/讨论/FS-Jump3D-main/FS-Jump3D-main/data/npy/Skater_A/Axel\Axel_5.npy,Skater_A,-0.52102786,-6.5523343,13.832689
Axel_5.npy,156,D:/work/讨论/FS-Jump3D-main/FS-Jump3D-main/data/npy/Skater_A/Axel\Axel_5.npy,Skater_A,-0.28787687,-7.215575,13.375565
Axel_5.npy,157,D:/work/讨论/FS-Jump3D-main/FS-Jump3D-main/data/npy/Skater_A/Axel\Axel_5.npy,Skater_A,0.017347666,-7.9224358,12.7682
Axel_5.npy,158,D:/work/讨论/FS-Jump3D-main/FS-Jump3D-main/data/npy/Skater_A/Axel\Axel_5.npy,Skater_A,0.2950258,-8.543111,12.140552
Axel_5.npy,159,D:/work/讨论/FS-Jump3D-main/FS-Jump3D-main/data/npy/Skater_A/Axel\Axel_5.npy,Skater_A,0.481766,-8.974362,11.625411
Axel_5.npy,160,D:/work/讨论/FS-Jump3D-main/FS-Jump3D-main/data/npy/Skater_A/Axel\Axel_5.npy,Skater_A,0.6400438,-9.304731,11.133333
Axel_5.npy,161,D:/work/讨论/FS-Jump3D-main/FS-Jump3D-main/data/npy/Skater_A/Axel\Axel_5.npy,Skater_A,0.8128778,-9.648622,10.560883
Axel_5.npy,162,D:/work/讨论/FS-Jump3D-main/FS-Jump3D-main/data/npy/Skater_A/Axel\Axel_5.npy,Skater_A,1.0446837,-10.016463,9.906597
Axel_5.npy,163,D:/work/讨论/FS-Jump3D-main/FS-Jump3D-main/data/npy/Skater_A/Axel\Axel_5.npy,Skater_A,1.33097,-10.418269,9.213116
Axel_5.npy,164,D:/work/讨论/FS-Jump3D-main/FS-Jump3D-main/data/npy/Skater_A/Axel\Axel_5.npy,Skater_A,1.6320652,-10.672514,8.588359
Axel_5.npy,165,D:/work/讨论/FS-Jump3D-main/FS-Jump3D-main/data/npy/Skater_A/Axel\Axel_5.npy,Skater_A,1.9204459,-10.686941,8.0839615
Axel_5.npy,166,D:/work/讨论/FS-Jump3D-main/FS-Jump3D-main/data/npy/Skater_A/Axel\Axel_5.npy,Skater_A,2.28457,-10.680395,7.5080314
Axel_5.npy,167,D:/work/讨论/FS-Jump3D-main/FS-Jump3D-main/data/npy/Skater_A/Axel\Axel_5.npy,Skater_A,2.7684493,-10.706381,6.8251166
Axel_5.npy,168,D:/work/讨论/FS-Jump3D-main/FS-Jump3D-main/data/npy/Skater_A/Axel\Axel_5.npy,Skater_A,3.2992592,-10.616228,6.168922
Axel_5.npy,169,D:/work/讨论/FS-Jump3D-main/FS-Jump3D-main/data/npy/Skater_A/Axel\Axel_5.npy,Skater_A,3.8738914,-10.382424,5.591544
Axel_5.npy,170,D:/work/讨论/FS-Jump3D-main/FS-Jump3D-main/data/npy/Skater_A/Axel\Axel_5.npy,Skater_A,4.553051,-10.050057,5.1416183
Axel_5.npy,171,D:/work/讨论/FS-Jump3D-main/FS-Jump3D-main/data/npy/Skater_A/Axel\Axel_5.npy,Skater_A,5.179175,-9.695153,4.8612194
Axel_5.npy,172,D:/work/讨论/FS-Jump3D-main/FS-Jump3D-main/data/npy/Skater_A/Axel\Axel_5.npy,Skater_A,5.667517,-9.401522,4.7052126
Axel_5.npy,173,D:/work/讨论/FS-Jump3D-main/FS-Jump3D-main/data/npy/Skater_A/Axel\Axel_5.npy,Skater_A,6.008944,-9.181984,4.625241
Axel_5.npy,174,D:/work/讨论/FS-Jump3D-main/FS-Jump3D-main/data/npy/Skater_A/Axel\Axel_5.npy,Skater_A,6.321204,-9.029231,4.5496097
Axel_5.npy,175,D:/work/讨论/FS-Jump3D-main/FS-Jump3D-main/data/npy/Skater_A/Axel\Axel_5.npy,Skater_A,6.8886886,-8.805761,4.439037
Axel_5.npy,176,D:/work/讨论/FS-Jump3D-main/FS-Jump3D-main/data/npy/Skater_A/Axel\Axel_5.npy,Skater_A,7.595194,-8.462382,4.364343
Axel_5.npy,177,D:/work/讨论/FS-Jump3D-main/FS-Jump3D-main/data/npy/Skater_A/Axel\Axel_5.npy,Skater_A,8.002955,-8.243091,4.358889
Axel_5.npy,178,D:/work/讨论/FS-Jump3D-main/FS-Jump3D-main/data/npy/Skater_A/Axel\Axel_5.npy,Skater_A,8.286495,-8.121339,4.339627
Axel_5.npy,179,D:/work/讨论/FS-Jump3D-main/FS-Jump3D-main/data/npy/Skater_A/Axel\Axel_5.npy,Skater_A,8.596017,-7.9056334,4.3351264
Axel_5.npy,180,D:/work/讨论/FS-Jump3D-main/FS-Jump3D-main/data/npy/Skater_A/Axel\Axel_5.npy,Skater_A,8.922367,-7.613574,4.323291
Axel_5.npy,181,D:/work/讨论/FS-Jump3D-main/FS-Jump3D-main/data/npy/Skater_A/Axel\Axel_5.npy,Skater_A,9.178173,-7.4333563,4.2781916
Axel_5.npy,182,D:/work/讨论/FS-Jump3D-main/FS-Jump3D-main/data/npy/Skater_A/Axel\Axel_5.npy,Skater_A,9.390953,-7.3500295,4.2185297
Axel_5.npy,183,D:/work/讨论/FS-Jump3D-main/FS-Jump3D-main/data/npy/Skater_A/Axel\Axel_5.npy,Skater_A,9.617377,-7.3806047,4.137186
Axel_5.npy,184,D:/work/讨论/FS-Jump3D-main/FS-Jump3D-main/data/npy/Skater_A/Axel\Axel_5.npy,Skater_A,9.858113,-7.4801874,4.055434
Axel_5.npy,185,D:/work/讨论/FS-Jump3D-main/FS-Jump3D-main/data/npy/Skater_A/Axel\Axel_5.npy,Skater_A,10.155703,-7.3067946,3.8859313
Axel_5.npy,186,D:/work/讨论/FS-Jump3D-main/FS-Jump3D-main/data/npy/Skater_A/Axel\Axel_5.npy,Skater_A,10.896983,-6.559089,3.4116094
Axel_5.npy,187,D:/work/讨论/FS-Jump3D-main/FS-Jump3D-main/data/npy/Skater_A/Axel\Axel_5.npy,Skater_A,11.27202,-6.221241,3.2093399
Axel_5.npy,188,D:/work/讨论/FS-Jump3D-main/FS-Jump3D-main/data/npy/Skater_A/Axel\Axel_5.npy,Skater_A,11.428149,-6.1689496,3.050794
Axel_5.npy,189,D:/work/讨论/FS-Jump3D-main/FS-Jump3D-main/data/npy/Skater_A/Axel\Axel_5.npy,Skater_A,11.616076,-6.0424647,2.8805408
Axel_5.npy,190,D:/work/讨论/FS-Jump3D-main/FS-Jump3D-main/data/npy/Skater_A/Axel\Axel_5.npy,Skater_A,11.737202,-5.899455,2.7984848
Axel_5.npy,191,D:/work/讨论/FS-Jump3D-main/FS-Jump3D-main/data/npy/Skater_A/Axel\Axel_5.npy,Skater_A,11.796506,-5.833183,2.7433555
Axel_5.npy,192,D:/work/讨论/FS-Jump3D-main/FS-Jump3D-main/data/npy/Skater_A/Axel\Axel_5.npy,Skater_A,11.874431,-5.738342,2.6787238
Axel_5.npy,193,D:/work/讨论/FS-Jump3D-main/FS-Jump3D-main/data/npy/Skater_A/Axel\Axel_5.npy,Skater_A,11.949589,-5.636218,2.5878255
Axel_5.npy,194,D:/work/讨论/FS-Jump3D-main/FS-Jump3D-main/data/npy/Skater_A/Axel\Axel_5.npy,Skater_A,11.987825,-5.61236,2.406666
Axel_5.npy,195,D:/work/讨论/FS-Jump3D-main/FS-Jump3D-main/data/npy/Skater_A/Axel\Axel_5.npy,Skater_A,11.992285,-5.621322,2.2009373
Axel_5.npy,196,D:/work/讨论/FS-Jump3D-main/FS-Jump3D-main/data/npy/Skater_A/Axel\Axel_5.npy,Skater_A,11.979381,-5.6447043,2.0356264
Axel_5.npy,197,D:/work/讨论/FS-Jump3D-main/FS-Jump3D-main/data/npy/Skater_A/Axel\Axel_5.npy,Skater_A,11.992319,-5.59958,1.8699555
Axel_5.npy,198,D:/work/讨论/FS-Jump3D-main/FS-Jump3D-main/data/npy/Skater_A/Axel\Axel_5.npy,Skater_A,12.017739,-5.448753,1.6631473
Axel_5.npy,199,D:/work/讨论/FS-Jump3D-main/FS-Jump3D-main/data/npy/Skater_A/Axel\Axel_5.npy,Skater_A,12.030283,-5.3096204,1.48812
Axel_5.npy,200,D:/work/讨论/FS-Jump3D-main/FS-Jump3D-main/data/npy/Skater_A/Axel\Axel_5.npy,Skater_A,12.035731,-5.192289,1.3390157
Axel_5.npy,201,D:/work/讨论/FS-Jump3D-main/FS-Jump3D-main/data/npy/Skater_A/Axel\Axel_5.npy,Skater_A,12.035217,-5.0628514,1.1072159
Axel_5.npy,202,D:/work/讨论/FS-Jump3D-main/FS-Jump3D-main/data/npy/Skater_A/Axel\Axel_5.npy,Skater_A,12.01615,-4.9618883,0.8713351
Axel_5.npy,203,D:/work/讨论/FS-Jump3D-main/FS-Jump3D-main/data/npy/Skater_A/Axel\Axel_5.npy,Skater_A,11.986771,-4.8407054,0.6052533
Axel_5.npy,204,D:/work/讨论/FS-Jump3D-main/FS-Jump3D-main/data/npy/Skater_A/Axel\Axel_5.npy,Skater_A,11.923364,-4.7329655,0.27992174
Axel_5.npy,205,D:/work/讨论/FS-Jump3D-main/FS-Jump3D-main/data/npy/Skater_A/Axel\Axel_5.npy,Skater_A,9.037547,-0.61606,-2.143943
Axel_5.npy,206,D:/work/讨论/FS-Jump3D-main/FS-Jump3D-main/data/npy/Skater_A/Axel\Axel_5.npy,Skater_A,8.939104,-0.4387526,-2.199711
Axel_5.npy,207,D:/work/讨论/FS-Jump3D-main/FS-Jump3D-main/data/npy/Skater_A/Axel\Axel_5.npy,Skater_A,8.864053,-0.28805912,-2.2384207
Axel_5.npy,208,D:/work/讨论/FS-Jump3D-main/FS-Jump3D-main/data/npy/Skater_A/Axel\Axel_5.npy,Skater_A,8.776595,-0.10157128,-2.2838686
Axel_5.npy,209,D:/work/讨论/FS-Jump3D-main/FS-Jump3D-main/data/npy/Skater_A/Axel\Axel_5.npy,Skater_A,8.672979,0.12800945,-2.3351645
Axel_5.npy,210,D:/work/讨论/FS-Jump3D-main/FS-Jump3D-main/data/npy/Skater_A/Axel\Axel_5.npy,Skater_A,8.542295,0.43131906,-2.3976984
Axel_5.npy,211,D:/work/讨论/FS-Jump3D-main/FS-Jump3D-main/data/npy/Skater_A/Axel\Axel_5.npy,Skater_A,8.400275,0.7502165,-2.4717453
Axel_5.npy,212,D:/work/讨论/FS-Jump3D-main/FS-Jump3D-main/data/npy/Skater_A/Axel\Axel_5.npy,Skater_A,8.265964,0.9937432,-2.555375
Axel_5.npy,213,D:/work/讨论/FS-Jump3D-main/FS-Jump3D-main/data/npy/Skater_A/Axel\Axel_5.npy,Skater_A,8.126123,1.2069877,-2.6539905
Axel_5.npy,214,D:/work/讨论/FS-Jump3D-main/FS-Jump3D-main/data/npy/Skater_A/Axel\Axel_5.npy,Skater_A,7.9590106,1.4635713,-2.7604926
Axel_5.npy,215,D:/work/讨论/FS-Jump3D-main/FS-Jump3D-main/data/npy/Skater_A/Axel\Axel_5.npy,Skater_A,7.7677317,1.7595409,-2.870026
Axel_5.npy,216,D:/work/讨论/FS-Jump3D-main/FS-Jump3D-main/data/npy/Skater_A/Axel\Axel_5.npy,Skater_A,7.5899224,1.9959481,-2.9784386
Axel_5.npy,217,D:/work/讨论/FS-Jump3D-main/FS-Jump3D-main/data/npy/Skater_A/Axel\Axel_5.npy,Skater_A,7.439373,2.1508982,-3.0867903
Axel_5.npy,218,D:/work/讨论/FS-Jump3D-main/FS-Jump3D-main/data/npy/Skater_A/Axel\Axel_5.npy,Skater_A,7.2944,2.3005083,-3.18591
Axel_5.npy,219,D:/work/讨论/FS-Jump3D-main/FS-Jump3D-main/data/npy/Skater_A/Axel\Axel_5.npy,Skater_A,7.118956,2.4945312,-3.2885637
Axel_5.npy,220,D:/work/讨论/FS-Jump3D-main/FS-Jump3D-main/data/npy/Skater_A/Axel\Axel_5.npy,Skater_A,6.923441,2.719432,-3.3881679
Axel_5.npy,221,D:/work/讨论/FS-Jump3D-main/FS-Jump3D-main/data/npy/Skater_A/Axel\Axel_5.npy,Skater_A,6.7190166,2.951363,-3.47864
Axel_5.npy,222,D:/work/讨论/FS-Jump3D-main/FS-Jump3D-main/data/npy/Skater_A/Axel\Axel_5.npy,Skater_A,6.542805,3.1542141,-3.5565841
Axel_5.npy,223,D:/work/讨论/FS-Jump3D-main/FS-Jump3D-main/data/npy/Skater_A/Axel\Axel_5.npy,Skater_A,6.3963895,3.3162246,-3.6152496
Axel_5.npy,224,D:/work/讨论/FS-Jump3D-main/FS-Jump3D-main/data/npy/Skater_A/Axel\Axel_5.npy,Skater_A,6.2563133,3.4834065,-3.6553273
Axel_5.npy,225,D:/work/讨论/FS-Jump3D-main/FS-Jump3D-main/data/npy/Skater_A/Axel\Axel_5.npy,Skater_A,6.1228147,3.6548152,-3.6772962
Axel_5.npy,226,D:/work/讨论/FS-Jump3D-main/FS-Jump3D-main/data/npy/Skater_A/Axel\Axel_5.npy,Skater_A,5.974034,3.850434,-3.690522
Axel_5.npy,227,D:/work/讨论/FS-Jump3D-main/FS-Jump3D-main/data/npy/Skater_A/Axel\Axel_5.npy,Skater_A,5.8151474,4.0748954,-3.6865494
Axel_5.npy,228,D:/work/讨论/FS-Jump3D-main/FS-Jump3D-main/data/npy/Skater_A/Axel\Axel_5.npy,Skater_A,5.6742067,4.288164,-3.6643434
Axel_5.npy,229,D:/work/讨论/FS-Jump3D-main/FS-Jump3D-main/data/npy/Skater_A/Axel\Axel_5.npy,Skater_A,5.535144,4.506882,-3.6318026
Axel_5.npy,230,D:/work/讨论/FS-Jump3D-main/FS-Jump3D-main/data/npy/Skater_A/Axel\Axel_5.npy,Skater_A,5.3603125,4.790861,-3.5808904
Axel_5.npy,231,D:/work/讨论/FS-Jump3D-main/FS-Jump3D-main/data/npy/Skater_A/Axel\Axel_5.npy,Skater_A,5.1640034,5.1091127,-3.5189638
Axel_5.npy,232,D:/work/讨论/FS-Jump3D-main/FS-Jump3D-main/data/npy/Skater_A/Axel\Axel_5.npy,Skater_A,4.956304,5.449095,-3.4518216
Axel_5.npy,233,D:/work/讨论/FS-Jump3D-main/FS-Jump3D-main/data/npy/Skater_A/Axel\Axel_5.npy,Skater_A,4.718466,5.829247,-3.395522
Axel_5.npy,234,D:/work/讨论/FS-Jump3D-main/FS-Jump3D-main/data/npy/Skater_A/Axel\Axel_5.npy,Skater_A,4.4637647,6.2114315,-3.3566785
Axel_5.npy,235,D:/work/讨论/FS-Jump3D-main/FS-Jump3D-main/data/npy/Skater_A/Axel\Axel_5.npy,Skater_A,4.1881514,6.57767,-3.3362298
Axel_5.npy,236,D:/work/讨论/FS-Jump3D-main/FS-Jump3D-main/data/npy/Skater_A/Axel\Axel_5.npy,Skater_A,3.910028,6.8975854,-3.3332613
Axel_5.npy,237,D:/work/讨论/FS-Jump3D-main/FS-Jump3D-main/data/npy/Skater_A/Axel\Axel_5.npy,Skater_A,3.6557586,7.1448665,-3.3470628
Axel_5.npy,238,D:/work/讨论/FS-Jump3D-main/FS-Jump3D-main/data/npy/Skater_A/Axel\Axel_5.npy,Skater_A,3.4424217,7.319256,-3.3667607
Axel_5.npy,239,D:/work/讨论/FS-Jump3D-main/FS-Jump3D-main/data/npy/Skater_A/Axel\Axel_5.npy,Skater_A,3.242923,7.4509478,-3.3904994
Axel_5.npy,240,D:/work/讨论/FS-Jump3D-main/FS-Jump3D-main/data/npy/Skater_A/Axel\Axel_5.npy,Skater_A,3.019246,7.5734,-3.4252656
Axel_5.npy,241,D:/work/讨论/FS-Jump3D-main/FS-Jump3D-main/data/npy/Skater_A/Axel\Axel_5.npy,Skater_A,2.7323592,7.7028193,-3.4825184
Axel_5.npy,242,D:/work/讨论/FS-Jump3D-main/FS-Jump3D-main/data/npy/Skater_A/Axel\Axel_5.npy,Skater_A,2.4137878,7.8251452,-3.5512395
Axel_5.npy,243,D:/work/讨论/FS-Jump3D-main/FS-Jump3D-main/data/npy/Skater_A/Axel\Axel_5.npy,Skater_A,2.1206124,7.91953,-3.6136622
Axel_5.npy,244,D:/work/讨论/FS-Jump3D-main/FS-Jump3D-main/data/npy/Skater_A/Axel\Axel_5.npy,Skater_A,1.8467919,7.994222,-3.6706967
Axel_5.npy,245,D:/work/讨论/FS-Jump3D-main/FS-Jump3D-main/data/npy/Skater_A/Axel\Axel_5.npy,Skater_A,1.6045973,8.050242,-3.7195232
Axel_5.npy,246,D:/work/讨论/FS-Jump3D-main/FS-Jump3D-main/data/npy/Skater_A/Axel\Axel_5.npy,Skater_A,1.4071685,8.086594,-3.7567124
Axel_5.npy,247,D:/work/讨论/FS-Jump3D-main/FS-Jump3D-main/data/npy/Skater_A/Axel\Axel_5.npy,Skater_A,1.2291458,8.115735,-3.7864347
Axel_5.npy,248,D:/work/讨论/FS-Jump3D-main/FS-Jump3D-main/data/npy/Skater_A/Axel\Axel_5.npy,Skater_A,1.034704,8.145853,-3.816664
Axel_5.npy,249,D:/work/讨论/FS-Jump3D-main/FS-Jump3D-main/data/npy/Skater_A/Axel\Axel_5.npy,Skater_A,0.84071016,8.172618,-3.845244
Axel_5.npy,250,D:/work/讨论/FS-Jump3D-main/FS-Jump3D-main/data/npy/Skater_A/Axel\Axel_5.npy,Skater_A,0.65585995,8.197958,-3.8664393
Axel_5.npy,251,D:/work/讨论/FS-Jump3D-main/FS-Jump3D-main/data/npy/Skater_A/Axel\Axel_5.npy,Skater_A,0.45658076,8.225477,-3.8843572
Axel_5.npy,252,D:/work/讨论/FS-Jump3D-main/FS-Jump3D-main/data/npy/Skater_A/Axel\Axel_5.npy,Skater_A,0.24236964,8.246203,-3.9086702
Axel_5.npy,253,D:/work/讨论/FS-Jump3D-main/FS-Jump3D-main/data/npy/Skater_A/Axel\Axel_5.npy,Skater_A,0.005546912,8.254682,-3.9454577
Axel_5.npy,254,D:/work/讨论/FS-Jump3D-main/FS-Jump3D-main/data/npy/Skater_A/Axel\Axel_5.npy,Skater_A,-0.26472363,8.246776,-3.992655
Axel_5.npy,255,D:/work/讨论/FS-Jump3D-main/FS-Jump3D-main/data/npy/Skater_A/Axel\Axel_5.npy,Skater_A,-0.5084652,8.224858,-4.0410323
Axel_5.npy,256,D:/work/讨论/FS-Jump3D-main/FS-Jump3D-main/data/npy/Skater_A/Axel\Axel_5.npy,Skater_A,-0.6972256,8.208928,-4.080047
Axel_5.npy,257,D:/work/讨论/FS-Jump3D-main/FS-Jump3D-main/data/npy/Skater_A/Axel\Axel_5.npy,Skater_A,-0.8661805,8.205072,-4.10995
Axel_5.npy,258,D:/work/讨论/FS-Jump3D-main/FS-Jump3D-main/data/npy/Skater_A/Axel\Axel_5.npy,Skater_A,-1.0379777,8.204692,-4.1351895
Axel_5.npy,259,D:/work/讨论/FS-Jump3D-main/FS-Jump3D-main/data/npy/Skater_A/Axel\Axel_5.npy,Skater_A,-1.204115,8.197204,-4.164876
Axel_5.npy,260,D:/work/讨论/FS-Jump3D-main/FS-Jump3D-main/data/npy/Skater_A/Axel\Axel_5.npy,Skater_A,-1.371082,8.184272,-4.198171
Axel_5.npy,261,D:/work/讨论/FS-Jump3D-main/FS-Jump3D-main/data/npy/Skater_A/Axel\Axel_5.npy,Skater_A,-1.542207,8.169011,-4.2353654
Axel_5.npy,262,D:/work/讨论/FS-Jump3D-main/FS-Jump3D-main/data/npy/Skater_A/Axel\Axel_5.npy,Skater_A,-1.6839561,8.153004,-4.280856
Axel_5.npy,263,D:/work/讨论/FS-Jump3D-main/FS-Jump3D-main/data/npy/Skater_A/Axel\Axel_5.npy,Skater_A,-1.7636017,8.140353,-4.319835
Axel_5.npy,264,D:/work/讨论/FS-Jump3D-main/FS-Jump3D-main/data/npy/Skater_A/Axel\Axel_5.npy,Skater_A,-1.8211594,8.133244,-4.3478203
Axel_5.npy,265,D:/work/讨论/FS-Jump3D-main/FS-Jump3D-main/data/npy/Skater_A/Axel\Axel_5.npy,Skater_A,-1.8774365,8.127975,-4.37381
Axel_5.npy,266,D:/work/讨论/FS-Jump3D-main/FS-Jump3D-main/data/npy/Skater_A/Axel\Axel_5.npy,Skater_A,-1.8913954,8.126465,-4.380752
Axel_6.npy,0,D:/work/讨论/FS-Jump3D-main/FS-Jump3D-main/data/npy/Skater_A/Axel\Axel_6.npy,Skater_A,2.4331033,10.572293,-13.271543
Axel_6.npy,1,D:/work/讨论/FS-Jump3D-main/FS-Jump3D-main/data/npy/Skater_A/Axel\Axel_6.npy,Skater_A,1.891798,10.158521,-13.539986
Axel_6.npy,2,D:/work/讨论/FS-Jump3D-main/FS-Jump3D-main/data/npy/Skater_A/Axel\Axel_6.npy,Skater_A,1.8113474,9.864949,-13.650725
Axel_6.npy,3,D:/work/讨论/FS-Jump3D-main/FS-Jump3D-main/data/npy/Skater_A/Axel\Axel_6.npy,Skater_A,1.9635875,9.571381,-13.703877
Axel_6.npy,4,D:/work/讨论/FS-Jump3D-main/FS-Jump3D-main/data/npy/Skater_A/Axel\Axel_6.npy,Skater_A,3.2341955,8.111109,-13.754684
Axel_6.npy,5,D:/work/讨论/FS-Jump3D-main/FS-Jump3D-main/data/npy/Skater_A/Axel\Axel_6.npy,Skater_A,3.6600888,7.0850134,-13.8723
Axel_6.npy,6,D:/work/讨论/FS-Jump3D-main/FS-Jump3D-main/data/npy/Skater_A/Axel\Axel_6.npy,Skater_A,3.9081721,5.894995,-13.914073
Axel_6.npy,7,D:/work/讨论/FS-Jump3D-main/FS-Jump3D-main/data/npy/Skater_A/Axel\Axel_6.npy,Skater_A,4.1277256,5.2475424,-14.034997
Axel_6.npy,8,D:/work/讨论/FS-Jump3D-main/FS-Jump3D-main/data/npy/Skater_A/Axel\Axel_6.npy,Skater_A,4.2161293,4.458668,-14.1288395
Axel_6.npy,9,D:/work/讨论/FS-Jump3D-main/FS-Jump3D-main/data/npy/Skater_A/Axel\Axel_6.npy,Skater_A,4.195214,3.8171604,-14.193266
Axel_6.npy,10,D:/work/讨论/FS-Jump3D-main/FS-Jump3D-main/data/npy/Skater_A/Axel\Axel_6.npy,Skater_A,4.129916,3.120681,-14.236816
Axel_6.npy,11,D:/work/讨论/FS-Jump3D-main/FS-Jump3D-main/data/npy/Skater_A/Axel\Axel_6.npy,Skater_A,4.117306,2.8679445,-14.558696
Axel_6.npy,12,D:/work/讨论/FS-Jump3D-main/FS-Jump3D-main/data/npy/Skater_A/Axel\Axel_6.npy,Skater_A,3.9034486,1.9634931,-14.468495
Axel_6.npy,13,D:/work/讨论/FS-Jump3D-main/FS-Jump3D-main/data/npy/Skater_A/Axel\Axel_6.npy,Skater_A,3.8029191,1.2619426,-13.971467
Axel_6.npy,14,D:/work/讨论/FS-Jump3D-main/FS-Jump3D-main/data/npy/Skater_A/Axel\Axel_6.npy,Skater_A,3.3896399,0.91799784,-14.11381
Axel_6.npy,15,D:/work/讨论/FS-Jump3D-main/FS-Jump3D-main/data/npy/Skater_A/Axel\Axel_6.npy,Skater_A,2.7953162,0.58387274,-14.203224
Axel_6.npy,16,D:/work/讨论/FS-Jump3D-main/FS-Jump3D-main/data/npy/Skater_A/Axel\Axel_6.npy,Skater_A,2.5109599,0.30675447,-14.142346
Axel_6.npy,17,D:/work/讨论/FS-Jump3D-main/FS-Jump3D-main/data/npy/Skater_A/Axel\Axel_6.npy,Skater_A,2.1329908,-0.018713854,-14.097968
Axel_6.npy,18,D:/work/讨论/FS-Jump3D-main/FS-Jump3D-main/data/npy/Skater_A/Axel\Axel_6.npy,Skater_A,1.7460591,-0.23313165,-14.057677
Axel_6.npy,19,D:/work/讨论/FS-Jump3D-main/FS-Jump3D-main/data/npy/Skater_A/Axel\Axel_6.npy,Skater_A,1.4709117,-0.6794388,-13.958356
Axel_6.npy,20,D:/work/讨论/FS-Jump3D-main/FS-Jump3D-main/data/npy/Skater_A/Axel\Axel_6.npy,Skater_A,1.051776,-1.4592417,-13.9186325
Axel_6.npy,21,D:/work/讨论/FS-Jump3D-main/FS-Jump3D-main/data/npy/Skater_A/Axel\Axel_6.npy,Skater_A,0.71457064,-2.2042673,-13.843057
Axel_6.npy,22,D:/work/讨论/FS-Jump3D-main/FS-Jump3D-main/data/npy/Skater_A/Axel\Axel_6.npy,Skater_A,0.61081237,-2.7258325,-13.764643
Axel_6.npy,23,D:/work/讨论/FS-Jump3D-main/FS-Jump3D-main/data/npy/Skater_A/Axel\Axel_6.npy,Skater_A,0.569426,-3.1261823,-13.689114
Axel_6.npy,24,D:/work/讨论/FS-Jump3D-main/FS-Jump3D-main/data/npy/Skater_A/Axel\Axel_6.npy,Skater_A,0.4410167,-3.7798092,-13.770055
Axel_6.npy,25,D:/work/讨论/FS-Jump3D-main/FS-Jump3D-main/data/npy/Skater_A/Axel\Axel_6.npy,Skater_A,0.41551197,-4.2617054,-14.120236
Axel_6.npy,26,D:/work/讨论/FS-Jump3D-main/FS-Jump3D-main/data/npy/Skater_A/Axel\Axel_6.npy,Skater_A,-0.4157024,-6.0442495,-15.115229
Axel_6.npy,27,D:/work/讨论/FS-Jump3D-main/FS-Jump3D-main/data/npy/Skater_A/Axel\Axel_6.npy,Skater_A,-0.43255582,-6.0694847,-15.147631
Axel_6.npy,28,D:/work/讨论/FS-Jump3D-main/FS-Jump3D-main/data/npy/Skater_A/Axel\Axel_6.npy,Skater_A,-0.44221526,-6.073701,-15.126232
Axel_6.npy,29,D:/work/讨论/FS-Jump3D-main/FS-Jump3D-main/data/npy/Skater_A/Axel\Axel_6.npy,Skater_A,-0.4565374,-6.0821786,-15.111982
Axel_6.npy,30,D:/work/讨论/FS-Jump3D-main/FS-Jump3D-main/data/npy/Skater_A/Axel\Axel_6.npy,Skater_A,-0.4796085,-6.0811405,-14.980163
Axel_6.npy,31,D:/work/讨论/FS-Jump3D-main/FS-Jump3D-main/data/npy/Skater_A/Axel\Axel_6.npy,Skater_A,-0.66281277,-6.0882864,-14.3986435
Axel_6.npy,32,D:/work/讨论/FS-Jump3D-main/FS-Jump3D-main/data/npy/Skater_A/Axel\Axel_6.npy,Skater_A,-0.7983877,-6.074677,-14.15765
Axel_6.npy,33,D:/work/讨论/FS-Jump3D-main/FS-Jump3D-main/data/npy/Skater_A/Axel\Axel_6.npy,Skater_A,-1.3587612,-5.4610505,-13.156776
Axel_6.npy,34,D:/work/讨论/FS-Jump3D-main/FS-Jump3D-main/data/npy/Skater_A/Axel\Axel_6.npy,Skater_A,-1.3152139,-5.440025,-12.863859
Axel_6.npy,35,D:/work/讨论/FS-Jump3D-main/FS-Jump3D-main/data/npy/Skater_A/Axel\Axel_6.npy,Skater_A,-4.3247633,-2.0645978,-13.521342
Axel_6.npy,36,D:/work/讨论/FS-Jump3D-main/FS-Jump3D-main/data/npy/Skater_A/Axel\Axel_6.npy,Skater_A,-0.15798321,-5.9754467,-12.237906
Axel_6.npy,37,D:/work/讨论/FS-Jump3D-main/FS-Jump3D-main/data/npy/Skater_A/Axel\Axel_6.npy,Skater_A,-3.311948,-5.3441815,-12.532765
Axel_6.npy,38,D:/work/讨论/FS-Jump3D-main/FS-Jump3D-main/data/npy/Skater_A/Axel\Axel_6.npy,Skater_A,-2.9031646,-5.4001184,-11.545535
Axel_6.npy,39,D:/work/讨论/FS-Jump3D-main/FS-Jump3D-main/data/npy/Skater_A/Axel\Axel_6.npy,Skater_A,-3.0561657,-5.6449404,-11.082529
Axel_6.npy,40,D:/work/讨论/FS-Jump3D-main/FS-Jump3D-main/data/npy/Skater_A/Axel\Axel_6.npy,Skater_A,-3.4026935,-5.900993,-10.721495
Axel_6.npy,41,D:/work/讨论/FS-Jump3D-main/FS-Jump3D-main/data/npy/Skater_A/Axel\Axel_6.npy,Skater_A,-3.6782007,-6.0926266,-10.347249
Axel_6.npy,42,D:/work/讨论/FS-Jump3D-main/FS-Jump3D-main/data/npy/Skater_A/Axel\Axel_6.npy,Skater_A,-4.0368667,-6.199087,-10.002241
Axel_6.npy,43,D:/work/讨论/FS-Jump3D-main/FS-Jump3D-main/data/npy/Skater_A/Axel\Axel_6.npy,Skater_A,-4.591091,-6.2723875,-9.532804
Axel_6.npy,44,D:/work/讨论/FS-Jump3D-main/FS-Jump3D-main/data/npy/Skater_A/Axel\Axel_6.npy,Skater_A,-5.2522683,-6.3138437,-8.91855
Axel_6.npy,45,D:/work/讨论/FS-Jump3D-main/FS-Jump3D-main/data/npy/Skater_A/Axel\Axel_6.npy,Skater_A,-5.4477334,-6.4727683,-8.431316
Axel_6.npy,46,D:/work/讨论/FS-Jump3D-main/FS-Jump3D-main/data/npy/Skater_A/Axel\Axel_6.npy,Skater_A,-5.536051,-6.614266,-7.998135
Axel_6.npy,47,D:/work/讨论/FS-Jump3D-main/FS-Jump3D-main/data/npy/Skater_A/Axel\Axel_6.npy,Skater_A,-5.8099446,-6.858254,-7.573874
Axel_6.npy,48,D:/work/讨论/FS-Jump3D-main/FS-Jump3D-main/data/npy/Skater_A/Axel\Axel_6.npy,Skater_A,-6.2927732,-7.3335094,-7.1089993
Axel_6.npy,49,D:/work/讨论/FS-Jump3D-main/FS-Jump3D-main/data/npy/Skater_A/Axel\Axel_6.npy,Skater_A,-6.6161165,-7.956074,-6.620568
Axel_6.npy,50,D:/work/讨论/FS-Jump3D-main/FS-Jump3D-main/data/npy/Skater_A/Axel\Axel_6.npy,Skater_A,-6.690262,-8.542323,-6.172713
Axel_6.npy,51,D:/work/讨论/FS-Jump3D-main/FS-Jump3D-main/data/npy/Skater_A/Axel\Axel_6.npy,Skater_A,-6.6291094,-8.881396,-5.8515897
Axel_6.npy,52,D:/work/讨论/FS-Jump3D-main/FS-Jump3D-main/data/npy/Skater_A/Axel\Axel_6.npy,Skater_A,-6.4982457,-9.069601,-5.663289
Axel_6.npy,53,D:/work/讨论/FS-Jump3D-main/FS-Jump3D-main/data/npy/Skater_A/Axel\Axel_6.npy,Skater_A,-6.300199,-9.342743,-5.5188737
Axel_6.npy,54,D:/work/讨论/FS-Jump3D-main/FS-Jump3D-main/data/npy/Skater_A/Axel\Axel_6.npy,Skater_A,-5.8852777,-9.923119,-5.349544
Axel_6.npy,55,D:/work/讨论/FS-Jump3D-main/FS-Jump3D-main/data/npy/Skater_A/Axel\Axel_6.npy,Skater_A,-5.461171,-10.496186,-5.0237837
Axel_6.npy,56,D:/work/讨论/FS-Jump3D-main/FS-Jump3D-main/data/npy/Skater_A/Axel\Axel_6.npy,Skater_A,-5.1910315,-10.706039,-4.6076856
Axel_6.npy,57,D:/work/讨论/FS-Jump3D-main/FS-Jump3D-main/data/npy/Skater_A/Axel\Axel_6.npy,Skater_A,-4.963151,-10.824827,-4.344202
Axel_6.npy,58,D:/work/讨论/FS-Jump3D-main/FS-Jump3D-main/data/npy/Skater_A/Axel\Axel_6.npy,Skater_A,-4.66401,-11.256298,-4.186198
Axel_6.npy,59,D:/work/讨论/FS-Jump3D-main/FS-Jump3D-main/data/npy/Skater_A/Axel\Axel_6.npy,Skater_A,-4.411172,-11.755862,-3.9605446
Axel_6.npy,60,D:/work/讨论/FS-Jump3D-main/FS-Jump3D-main/data/npy/Skater_A/Axel\Axel_6.npy,Skater_A,-4.186151,-11.966423,-3.735809
Axel_6.npy,61,D:/work/讨论/FS-Jump3D-main/FS-Jump3D-main/data/npy/Skater_A/Axel\Axel_6.npy,Skater_A,-3.9412076,-12.313926,-3.5319223
Axel_6.npy,62,D:/work/讨论/FS-Jump3D-main/FS-Jump3D-main/data/npy/Skater_A/Axel\Axel_6.npy,Skater_A,-3.7506297,-12.78256,-3.2846723
Axel_6.npy,63,D:/work/讨论/FS-Jump3D-main/FS-Jump3D-main/data/npy/Skater_A/Axel\Axel_6.npy,Skater_A,-3.5273557,-12.99777,-3.0111573
Axel_6.npy,64,D:/work/讨论/FS-Jump3D-main/FS-Jump3D-main/data/npy/Skater_A/Axel\Axel_6.npy,Skater_A,-3.3794613,-13.36444,-2.708203
Axel_6.npy,65,D:/work/讨论/FS-Jump3D-main/FS-Jump3D-main/data/npy/Skater_A/Axel\Axel_6.npy,Skater_A,-3.6596575,-14.41963,-2.3748071
Axel_6.npy,66,D:/work/讨论/FS-Jump3D-main/FS-Jump3D-main/data/npy/Skater_A/Axel\Axel_6.npy,Skater_A,-3.9861014,-14.913801,-2.1238036
Axel_6.npy,67,D:/work/讨论/FS-Jump3D-main/FS-Jump3D-main/data/npy/Skater_A/Axel\Axel_6.npy,Skater_A,-4.163401,-15.173271,-1.8296161
Axel_6.npy,68,D:/work/讨论/FS-Jump3D-main/FS-Jump3D-main/data/npy/Skater_A/Axel\Axel_6.npy,Skater_A,-4.7423677,-15.900566,-1.3094023
Axel_6.npy,69,D:/work/讨论/FS-Jump3D-main/FS-Jump3D-main/data/npy/Skater_A/Axel\Axel_6.npy,Skater_A,-4.9918003,-16.244335,-0.8943584
Axel_6.npy,70,D:/work/讨论/FS-Jump3D-main/FS-Jump3D-main/data/npy/Skater_A/Axel\Axel_6.npy,Skater_A,-5.0015388,-16.280775,-0.38388792
Axel_6.npy,71,D:/work/讨论/FS-Jump3D-main/FS-Jump3D-main/data/npy/Skater_A/Axel\Axel_6.npy,Skater_A,-4.956614,-16.217548,0.28433254
Axel_6.npy,72,D:/work/讨论/FS-Jump3D-main/FS-Jump3D-main/data/npy/Skater_A/Axel\Axel_6.npy,Skater_A,-4.9915123,-16.139978,0.8909507
Axel_6.npy,73,D:/work/讨论/FS-Jump3D-main/FS-Jump3D-main/data/npy/Skater_A/Axel\Axel_6.npy,Skater_A,-5.248266,-16.050611,1.5042862
Axel_6.npy,74,D:/work/讨论/FS-Jump3D-main/FS-Jump3D-main/data/npy/Skater_A/Axel\Axel_6.npy,Skater_A,-5.720112,-15.916821,2.0826454
Axel_6.npy,75,D:/work/讨论/FS-Jump3D-main/FS-Jump3D-main/data/npy/Skater_A/Axel\Axel_6.npy,Skater_A,-6.0358567,-15.689443,2.5702615
Axel_6.npy,76,D:/work/讨论/FS-Jump3D-main/FS-Jump3D-main/data/npy/Skater_A/Axel\Axel_6.npy,Skater_A,-6.452319,-15.514363,3.0420253
Axel_6.npy,77,D:/work/讨论/FS-Jump3D-main/FS-Jump3D-main/data/npy/Skater_A/Axel\Axel_6.npy,Skater_A,-6.992342,-15.330229,3.4745417
Axel_6.npy,78,D:/work/讨论/FS-Jump3D-main/FS-Jump3D-main/data/npy/Skater_A/Axel\Axel_6.npy,Skater_A,-7.3297825,-14.996457,3.9155953
Axel_6.npy,79,D:/work/讨论/FS-Jump3D-main/FS-Jump3D-main/data/npy/Skater_A/Axel\Axel_6.npy,Skater_A,-7.7418156,-14.343563,4.5793405
Axel_6.npy,80,D:/work/讨论/FS-Jump3D-main/FS-Jump3D-main/data/npy/Skater_A/Axel\Axel_6.npy,Skater_A,-8.192918,-13.516945,5.320605
Axel_6.npy,81,D:/work/讨论/FS-Jump3D-main/FS-Jump3D-main/data/npy/Skater_A/Axel\Axel_6.npy,Skater_A,-8.5255,-12.643533,6.0445733
Axel_6.npy,82,D:/work/讨论/FS-Jump3D-main/FS-Jump3D-main/data/npy/Skater_A/Axel\Axel_6.npy,Skater_A,-8.987135,-11.962602,6.4598794
Axel_6.npy,83,D:/work/讨论/FS-Jump3D-main/FS-Jump3D-main/data/npy/Skater_A/Axel\Axel_6.npy,Skater_A,-9.45251,-11.337345,6.7635407
Axel_6.npy,84,D:/work/讨论/FS-Jump3D-main/FS-Jump3D-main/data/npy/Skater_A/Axel\Axel_6.npy,Skater_A,-9.853385,-10.618092,7.1098375
Axel_6.npy,85,D:/work/讨论/FS-Jump3D-main/FS-Jump3D-main/data/npy/Skater_A/Axel\Axel_6.npy,Skater_A,-10.3964615,-9.904706,7.340447
Axel_6.npy,86,D:/work/讨论/FS-Jump3D-main/FS-Jump3D-main/data/npy/Skater_A/Axel\Axel_6.npy,Skater_A,-11.020289,-9.192356,7.499938
Axel_6.npy,87,D:/work/讨论/FS-Jump3D-main/FS-Jump3D-main/data/npy/Skater_A/Axel\Axel_6.npy,Skater_A,-11.550483,-8.522562,7.619949
Axel_6.npy,88,D:/work/讨论/FS-Jump3D-main/FS-Jump3D-main/data/npy/Skater_A/Axel\Axel_6.npy,Skater_A,-11.879658,-7.9165015,7.741156
Axel_6.npy,89,D:/work/讨论/FS-Jump3D-main/FS-Jump3D-main/data/npy/Skater_A/Axel\Axel_6.npy,Skater_A,-12.031101,-7.189155,7.955577
Axel_6.npy,90,D:/work/讨论/FS-Jump3D-main/FS-Jump3D-main/data/npy/Skater_A/Axel\Axel_6.npy,Skater_A,-12.1884365,-6.488062,8.091337
Axel_6.npy,91,D:/work/讨论/FS-Jump3D-main/FS-Jump3D-main/data/npy/Skater_A/Axel\Axel_6.npy,Skater_A,-12.28787,-5.805875,8.111466
Axel_6.npy,92,D:/work/讨论/FS-Jump3D-main/FS-Jump3D-main/data/npy/Skater_A/Axel\Axel_6.npy,Skater_A,-12.199952,-4.972092,8.161946
Axel_6.npy,93,D:/work/讨论/FS-Jump3D-main/FS-Jump3D-main/data/npy/Skater_A/Axel\Axel_6.npy,Skater_A,-12.327999,-4.2554617,7.9335604
Axel_6.npy,94,D:/work/讨论/FS-Jump3D-main/FS-Jump3D-main/data/npy/Skater_A/Axel\Axel_6.npy,Skater_A,-12.692234,-3.51534,7.3949
Axel_6.npy,95,D:/work/讨论/FS-Jump3D-main/FS-Jump3D-main/data/npy/Skater_A/Axel\Axel_6.npy,Skater_A,-12.910898,-2.7079835,6.934429
Axel_6.npy,96,D:/work/讨论/FS-Jump3D-main/FS-Jump3D-main/data/npy/Skater_A/Axel\Axel_6.npy,Skater_A,-13.039,-1.929251,6.4792256
Axel_6.npy,97,D:/work/讨论/FS-Jump3D-main/FS-Jump3D-main/data/npy/Skater_A/Axel\Axel_6.npy,Skater_A,-13.173609,-1.1638398,5.906554
Axel_6.npy,98,D:/work/讨论/FS-Jump3D-main/FS-Jump3D-main/data/npy/Skater_A/Axel\Axel_6.npy,Skater_A,-13.256524,-0.4360276,5.2231636
Axel_6.npy,99,D:/work/讨论/FS-Jump3D-main/FS-Jump3D-main/data/npy/Skater_A/Axel\Axel_6.npy,Skater_A,-13.351336,0.16779527,4.486279
Axel_6.npy,100,D:/work/讨论/FS-Jump3D-main/FS-Jump3D-main/data/npy/Skater_A/Axel\Axel_6.npy,Skater_A,-13.550386,0.7445969,3.6856217
Axel_6.npy,101,D:/work/讨论/FS-Jump3D-main/FS-Jump3D-main/data/npy/Skater_A/Axel\Axel_6.npy,Skater_A,-13.742502,1.3019376,2.83825
Axel_6.npy,102,D:/work/讨论/FS-Jump3D-main/FS-Jump3D-main/data/npy/Skater_A/Axel\Axel_6.npy,Skater_A,-13.832431,1.7428056,2.0470545
Axel_6.npy,103,D:/work/讨论/FS-Jump3D-main/FS-Jump3D-main/data/npy/Skater_A/Axel\Axel_6.npy,Skater_A,-13.888474,2.1288917,1.2694165
Axel_6.npy,104,D:/work/讨论/FS-Jump3D-main/FS-Jump3D-main/data/npy/Skater_A/Axel\Axel_6.npy,Skater_A,-13.957081,2.7146487,0.39106098
Axel_6.npy,105,D:/work/讨论/FS-Jump3D-main/FS-Jump3D-main/data/npy/Skater_A/Axel\Axel_6.npy,Skater_A,-14.26762,3.1951363,-1.0902445
Axel_6.npy,106,D:/work/讨论/FS-Jump3D-main/FS-Jump3D-main/data/npy/Skater_A/Axel\Axel_6.npy,Skater_A,-13.9400215,3.551731,-1.5908136
Axel_6.npy,107,D:/work/讨论/FS-Jump3D-main/FS-Jump3D-main/data/npy/Skater_A/Axel\Axel_6.npy,Skater_A,-13.940664,4.190817,-1.7297634
Axel_6.npy,108,D:/work/讨论/FS-Jump3D-main/FS-Jump3D-main/data/npy/Skater_A/Axel\Axel_6.npy,Skater_A,-14.161234,5.1949744,-2.0325217
Axel_6.npy,109,D:/work/讨论/FS-Jump3D-main/FS-Jump3D-main/data/npy/Skater_A/Axel\Axel_6.npy,Skater_A,-14.113024,6.0647526,-2.2645226
Axel_6.npy,110,D:/work/讨论/FS-Jump3D-main/FS-Jump3D-main/data/npy/Skater_A/Axel\Axel_6.npy,Skater_A,-14.061607,6.8881726,-2.3013766
Axel_6.npy,111,D:/work/讨论/FS-Jump3D-main/FS-Jump3D-main/data/npy/Skater_A/Axel\Axel_6.npy,Skater_A,-13.998422,7.7980947,-2.2677245
Axel_6.npy,112,D:/work/讨论/FS-Jump3D-main/FS-Jump3D-main/data/npy/Skater_A/Axel\Axel_6.npy,Skater_A,-13.820742,8.846892,-2.1054869
Axel_6.npy,113,D:/work/讨论/FS-Jump3D-main/FS-Jump3D-main/data/npy/Skater_A/Axel\Axel_6.npy,Skater_A,-13.5408125,9.881501,-1.7738317
Axel_6.npy,114,D:/work/讨论/FS-Jump3D-main/FS-Jump3D-main/data/npy/Skater_A/Axel\Axel_6.npy,Skater_A,-13.178563,10.743182,-1.3011674
Axel_6.npy,115,D:/work/讨论/FS-Jump3D-main/FS-Jump3D-main/data/npy/Skater_A/Axel\Axel_6.npy,Skater_A,-12.714574,11.451387,-0.7086025
Axel_6.npy,116,D:/work/讨论/FS-Jump3D-main/FS-Jump3D-main/data/npy/Skater_A/Axel\Axel_6.npy,Skater_A,-12.157947,11.968017,0.010641939
Axel_6.npy,117,D:/work/讨论/FS-Jump3D-main/FS-Jump3D-main/data/npy/Skater_A/Axel\Axel_6.npy,Skater_A,-11.477556,12.257069,0.86826944
Axel_6.npy,118,D:/work/讨论/FS-Jump3D-main/FS-Jump3D-main/data/npy/Skater_A/Axel\Axel_6.npy,Skater_A,-10.81884,12.37514,1.6652744
Axel_6.npy,119,D:/work/讨论/FS-Jump3D-main/FS-Jump3D-main/data/npy/Skater_A/Axel\Axel_6.npy,Skater_A,-10.273388,12.291201,2.3512416
Axel_6.npy,120,D:/work/讨论/FS-Jump3D-main/FS-Jump3D-main/data/npy/Skater_A/Axel\Axel_6.npy,Skater_A,-9.650907,12.062305,3.0628948
Axel_6.npy,121,D:/work/讨论/FS-Jump3D-main/FS-Jump3D-main/data/npy/Skater_A/Axel\Axel_6.npy,Skater_A,-8.945959,11.695665,3.827312
Axel_6.npy,122,D:/work/讨论/FS-Jump3D-main/FS-Jump3D-main/data/npy/Skater_A/Axel\Axel_6.npy,Skater_A,-8.321279,11.287666,4.483667
Axel_6.npy,123,D:/work/讨论/FS-Jump3D-main/FS-Jump3D-main/data/npy/Skater_A/Axel\Axel_6.npy,Skater_A,-7.7590775,10.806616,5.0939083
Axel_6.npy,124,D:/work/讨论/FS-Jump3D-main/FS-Jump3D-main/data/npy/Skater_A/Axel\Axel_6.npy,Skater_A,-7.1804514,10.295371,5.6944575
Axel_6.npy,125,D:/work/讨论/FS-Jump3D-main/FS-Jump3D-main/data/npy/Skater_A/Axel\Axel_6.npy,Skater_A,-6.581473,9.767561,6.29278
Axel_6.npy,126,D:/work/讨论/FS-Jump3D-main/FS-Jump3D-main/data/npy/Skater_A/Axel\Axel_6.npy,Skater_A,-5.8776,9.2120495,6.9304833
Axel_6.npy,127,D:/work/讨论/FS-Jump3D-main/FS-Jump3D-main/data/npy/Skater_A/Axel\Axel_6.npy,Skater_A,-5.0897846,8.692334,7.5985107
Axel_6.npy,128,D:/work/讨论/FS-Jump3D-main/FS-Jump3D-main/data/npy/Skater_A/Axel\Axel_6.npy,Skater_A,-4.196534,8.31783,8.26573
Axel_6.npy,129,D:/work/讨论/FS-Jump3D-main/FS-Jump3D-main/data/npy/Skater_A/Axel\Axel_6.npy,Skater_A,-2.681264,8.744407,8.785932
Axel_6.npy,130,D:/work/讨论/FS-Jump3D-main/FS-Jump3D-main/data/npy/Skater_A/Axel\Axel_6.npy,Skater_A,-1.1993124,8.78016,9.068437
Axel_6.npy,131,D:/work/讨论/FS-Jump3D-main/FS-Jump3D-main/data/npy/Skater_A/Axel\Axel_6.npy,Skater_A,0.3442741,8.565009,10.305794
Axel_6.npy,132,D:/work/讨论/FS-Jump3D-main/FS-Jump3D-main/data/npy/Skater_A/Axel\Axel_6.npy,Skater_A,0.99356496,7.139091,10.191155
Axel_6.npy,133,D:/work/讨论/FS-Jump3D-main/FS-Jump3D-main/data/npy/Skater_A/Axel\Axel_6.npy,Skater_A,1.6106595,6.318529,10.2514105
Axel_6.npy,134,D:/work/讨论/FS-Jump3D-main/FS-Jump3D-main/data/npy/Skater_A/Axel\Axel_6.npy,Skater_A,1.8510326,5.1491075,10.416794
Axel_6.npy,135,D:/work/讨论/FS-Jump3D-main/FS-Jump3D-main/data/npy/Skater_A/Axel\Axel_6.npy,Skater_A,1.4931756,3.5906878,10.571958
Axel_6.npy,136,D:/work/讨论/FS-Jump3D-main/FS-Jump3D-main/data/npy/Skater_A/Axel\Axel_6.npy,Skater_A,0.68700683,2.644861,10.580047
Axel_6.npy,137,D:/work/讨论/FS-Jump3D-main/FS-Jump3D-main/data/npy/Skater_A/Axel\Axel_6.npy,Skater_A,-0.4077844,2.2092214,10.632587
Axel_6.npy,138,D:/work/讨论/FS-Jump3D-main/FS-Jump3D-main/data/npy/Skater_A/Axel\Axel_6.npy,Skater_A,-1.6860431,2.2202315,10.736676
Axel_6.npy,139,D:/work/讨论/FS-Jump3D-main/FS-Jump3D-main/data/npy/Skater_A/Axel\Axel_6.npy,Skater_A,-2.7269242,2.6253395,10.704929
Axel_6.npy,140,D:/work/讨论/FS-Jump3D-main/FS-Jump3D-main/data/npy/Skater_A/Axel\Axel_6.npy,Skater_A,-3.3944035,3.25367,10.5411005
Axel_6.npy,141,D:/work/讨论/FS-Jump3D-main/FS-Jump3D-main/data/npy/Skater_A/Axel\Axel_6.npy,Skater_A,-3.8739104,4.0570426,10.360868
Axel_6.npy,142,D:/work/讨论/FS-Jump3D-main/FS-Jump3D-main/data/npy/Skater_A/Axel\Axel_6.npy,Skater_A,-4.292323,5.083924,10.013289
Axel_6.npy,143,D:/work/讨论/FS-Jump3D-main/FS-Jump3D-main/data/npy/Skater_A/Axel\Axel_6.npy,Skater_A,-4.4596877,6.503053,9.548719
Axel_6.npy,144,D:/work/讨论/FS-Jump3D-main/FS-Jump3D-main/data/npy/Skater_A/Axel\Axel_6.npy,Skater_A,-3.9202776,7.464355,10.037236
Axel_6.npy,145,D:/work/讨论/FS-Jump3D-main/FS-Jump3D-main/data/npy/Skater_A/Axel\Axel_6.npy,Skater_A,-2.043646,8.034349,10.888602
Axel_6.npy,146,D:/work/讨论/FS-Jump3D-main/FS-Jump3D-main/data/npy/Skater_A/Axel\Axel_6.npy,Skater_A,-0.39000708,8.240436,11.581505
Axel_6.npy,147,D:/work/讨论/FS-Jump3D-main/FS-Jump3D-main/data/npy/Skater_A/Axel\Axel_6.npy,Skater_A,0.7401726,7.681661,12.118072
Axel_6.npy,148,D:/work/讨论/FS-Jump3D-main/FS-Jump3D-main/data/npy/Skater_A/Axel\Axel_6.npy,Skater_A,1.5538305,6.3072844,12.487353
Axel_6.npy,149,D:/work/讨论/FS-Jump3D-main/FS-Jump3D-main/data/npy/Skater_A/Axel\Axel_6.npy,Skater_A,1.3801183,4.2819915,12.429798
Axel_6.npy,150,D:/work/讨论/FS-Jump3D-main/FS-Jump3D-main/data/npy/Skater_A/Axel\Axel_6.npy,Skater_A,0.8296224,3.1590328,12.427581
Axel_6.npy,151,D:/work/讨论/FS-Jump3D-main/FS-Jump3D-main/data/npy/Skater_A/Axel\Axel_6.npy,Skater_A,0.042535964,2.2092729,12.655987
Axel_6.npy,152,D:/work/讨论/FS-Jump3D-main/FS-Jump3D-main/data/npy/Skater_A/Axel\Axel_6.npy,Skater_A,-0.90253603,1.3784202,13.053295
Axel_6.npy,153,D:/work/讨论/FS-Jump3D-main/FS-Jump3D-main/data/npy/Skater_A/Axel\Axel_6.npy,Skater_A,-1.9265697,0.527572,13.216521
Axel_6.npy,154,D:/work/讨论/FS-Jump3D-main/FS-Jump3D-main/data/npy/Skater_A/Axel\Axel_6.npy,Skater_A,-1.6936544,-0.389765,14.154051
Axel_6.npy,155,D:/work/讨论/FS-Jump3D-main/FS-Jump3D-main/data/npy/Skater_A/Axel\Axel_6.npy,Skater_A,-1.7708199,-1.1508219,14.847283
Axel_6.npy,156,D:/work/讨论/FS-Jump3D-main/FS-Jump3D-main/data/npy/Skater_A/Axel\Axel_6.npy,Skater_A,-1.6671689,-1.507265,15.2366085
Axel_6.npy,157,D:/work/讨论/FS-Jump3D-main/FS-Jump3D-main/data/npy/Skater_A/Axel\Axel_6.npy,Skater_A,-1.5236588,-2.2689352,15.366808
Axel_6.npy,158,D:/work/讨论/FS-Jump3D-main/FS-Jump3D-main/data/npy/Skater_A/Axel\Axel_6.npy,Skater_A,-1.3173093,-3.2165594,15.354108
Axel_6.npy,159,D:/work/讨论/FS-Jump3D-main/FS-Jump3D-main/data/npy/Skater_A/Axel\Axel_6.npy,Skater_A,-1.0324767,-4.1424356,15.191697
Axel_6.npy,160,D:/work/讨论/FS-Jump3D-main/FS-Jump3D-main/data/npy/Skater_A/Axel\Axel_6.npy,Skater_A,-0.7282169,-4.9952164,14.858963
Axel_6.npy,161,D:/work/讨论/FS-Jump3D-main/FS-Jump3D-main/data/npy/Skater_A/Axel\Axel_6.npy,Skater_A,-0.47476286,-5.728033,14.483633
Axel_6.npy,162,D:/work/讨论/FS-Jump3D-main/FS-Jump3D-main/data/npy/Skater_A/Axel\Axel_6.npy,Skater_A,-0.25119582,-6.3312635,14.131039
Axel_6.npy,163,D:/work/讨论/FS-Jump3D-main/FS-Jump3D-main/data/npy/Skater_A/Axel\Axel_6.npy,Skater_A,-0.037389193,-6.975073,13.656339
Axel_6.npy,164,D:/work/讨论/FS-Jump3D-main/FS-Jump3D-main/data/npy/Skater_A/Axel\Axel_6.npy,Skater_A,0.2018703,-7.6003904,13.113875
Axel_6.npy,165,D:/work/讨论/FS-Jump3D-main/FS-Jump3D-main/data/npy/Skater_A/Axel\Axel_6.npy,Skater_A,0.4875244,-8.117999,12.567529
Axel_6.npy,166,D:/work/讨论/FS-Jump3D-main/FS-Jump3D-main/data/npy/Skater_A/Axel\Axel_6.npy,Skater_A,0.749307,-8.554128,11.988327
Axel_6.npy,167,D:/work/讨论/FS-Jump3D-main/FS-Jump3D-main/data/npy/Skater_A/Axel\Axel_6.npy,Skater_A,0.9194919,-8.87308,11.477377
Axel_6.npy,168,D:/work/讨论/FS-Jump3D-main/FS-Jump3D-main/data/npy/Skater_A/Axel\Axel_6.npy,Skater_A,1.0677665,-9.143989,10.942767
Axel_6.npy,169,D:/work/讨论/FS-Jump3D-main/FS-Jump3D-main/data/npy/Skater_A/Axel\Axel_6.npy,Skater_A,1.2724915,-9.533069,10.244463
Axel_6.npy,170,D:/work/讨论/FS-Jump3D-main/FS-Jump3D-main/data/npy/Skater_A/Axel\Axel_6.npy,Skater_A,1.5017503,-9.871024,9.55179
Axel_6.npy,171,D:/work/讨论/FS-Jump3D-main/FS-Jump3D-main/data/npy/Skater_A/Axel\Axel_6.npy,Skater_A,1.786517,-10.086787,8.871339
Axel_6.npy,172,D:/work/讨论/FS-Jump3D-main/FS-Jump3D-main/data/npy/Skater_A/Axel\Axel_6.npy,Skater_A,2.1549504,-10.2409525,8.084912
Axel_6.npy,173,D:/work/讨论/FS-Jump3D-main/FS-Jump3D-main/data/npy/Skater_A/Axel\Axel_6.npy,Skater_A,2.5633035,-10.286367,7.37052
Axel_6.npy,174,D:/work/讨论/FS-Jump3D-main/FS-Jump3D-main/data/npy/Skater_A/Axel\Axel_6.npy,Skater_A,2.9135487,-10.07306,6.842631
Axel_6.npy,175,D:/work/讨论/FS-Jump3D-main/FS-Jump3D-main/data/npy/Skater_A/Axel\Axel_6.npy,Skater_A,3.2150786,-9.682422,6.4328337
Axel_6.npy,176,D:/work/讨论/FS-Jump3D-main/FS-Jump3D-main/data/npy/Skater_A/Axel\Axel_6.npy,Skater_A,3.5348625,-9.307546,6.05117
Axel_6.npy,177,D:/work/讨论/FS-Jump3D-main/FS-Jump3D-main/data/npy/Skater_A/Axel\Axel_6.npy,Skater_A,3.967242,-8.967265,5.6377654
Axel_6.npy,178,D:/work/讨论/FS-Jump3D-main/FS-Jump3D-main/data/npy/Skater_A/Axel\Axel_6.npy,Skater_A,4.3972344,-8.529433,5.318904
Axel_6.npy,179,D:/work/讨论/FS-Jump3D-main/FS-Jump3D-main/data/npy/Skater_A/Axel\Axel_6.npy,Skater_A,4.780678,-8.062868,5.091755
Axel_6.npy,180,D:/work/讨论/FS-Jump3D-main/FS-Jump3D-main/data/npy/Skater_A/Axel\Axel_6.npy,Skater_A,5.2154026,-7.6590023,4.924579
Axel_6.npy,181,D:/work/讨论/FS-Jump3D-main/FS-Jump3D-main/data/npy/Skater_A/Axel\Axel_6.npy,Skater_A,5.640617,-7.316667,4.7779284
Axel_6.npy,182,D:/work/讨论/FS-Jump3D-main/FS-Jump3D-main/data/npy/Skater_A/Axel\Axel_6.npy,Skater_A,6.0074277,-7.0360937,4.676175
Axel_6.npy,183,D:/work/讨论/FS-Jump3D-main/FS-Jump3D-main/data/npy/Skater_A/Axel\Axel_6.npy,Skater_A,6.3810663,-6.8182316,4.6284833
Axel_6.npy,184,D:/work/讨论/FS-Jump3D-main/FS-Jump3D-main/data/npy/Skater_A/Axel\Axel_6.npy,Skater_A,6.7956214,-6.5683265,4.588849
Axel_6.npy,185,D:/work/讨论/FS-Jump3D-main/FS-Jump3D-main/data/npy/Skater_A/Axel\Axel_6.npy,Skater_A,7.183059,-6.301846,4.553905
Axel_6.npy,186,D:/work/讨论/FS-Jump3D-main/FS-Jump3D-main/data/npy/Skater_A/Axel\Axel_6.npy,Skater_A,7.472938,-6.115961,4.557823
Axel_6.npy,187,D:/work/讨论/FS-Jump3D-main/FS-Jump3D-main/data/npy/Skater_A/Axel\Axel_6.npy,Skater_A,7.75065,-5.945294,4.5426774
Axel_6.npy,188,D:/work/讨论/FS-Jump3D-main/FS-Jump3D-main/data/npy/Skater_A/Axel\Axel_6.npy,Skater_A,8.173222,-5.562248,4.4428816
Axel_6.npy,189,D:/work/讨论/FS-Jump3D-main/FS-Jump3D-main/data/npy/Skater_A/Axel\Axel_6.npy,Skater_A,8.659077,-5.100431,4.342818
Axel_6.npy,190,D:/work/讨论/FS-Jump3D-main/FS-Jump3D-main/data/npy/Skater_A/Axel\Axel_6.npy,Skater_A,8.890013,-4.8815985,4.301669
Axel_6.npy,191,D:/work/讨论/FS-Jump3D-main/FS-Jump3D-main/data/npy/Skater_A/Axel\Axel_6.npy,Skater_A,9.070919,-4.7205853,4.2666965
Axel_6.npy,192,D:/work/讨论/FS-Jump3D-main/FS-Jump3D-main/data/npy/Skater_A/Axel\Axel_6.npy,Skater_A,9.435185,-4.4106917,4.2098145
Axel_6.npy,193,D:/work/讨论/FS-Jump3D-main/FS-Jump3D-main/data/npy/Skater_A/Axel\Axel_6.npy,Skater_A,10.041275,-3.9690063,4.1313186
Axel_6.npy,194,D:/work/讨论/FS-Jump3D-main/FS-Jump3D-main/data/npy/Skater_A/Axel\Axel_6.npy,Skater_A,10.375031,-3.6740193,4.0654917
Axel_6.npy,195,D:/work/讨论/FS-Jump3D-main/FS-Jump3D-main/data/npy/Skater_A/Axel\Axel_6.npy,Skater_A,10.598469,-3.390662,3.9716432
Axel_6.npy,196,D:/work/讨论/FS-Jump3D-main/FS-Jump3D-main/data/npy/Skater_A/Axel\Axel_6.npy,Skater_A,10.879516,-2.969805,3.7792258
Axel_6.npy,197,D:/work/讨论/FS-Jump3D-main/FS-Jump3D-main/data/npy/Skater_A/Axel\Axel_6.npy,Skater_A,11.058936,-2.6651063,3.6268919
Axel_6.npy,198,D:/work/讨论/FS-Jump3D-main/FS-Jump3D-main/data/npy/Skater_A/Axel\Axel_6.npy,Skater_A,11.166811,-2.4446068,3.505968
Axel_6.npy,199,D:/work/讨论/FS-Jump3D-main/FS-Jump3D-main/data/npy/Skater_A/Axel\Axel_6.npy,Skater_A,11.291159,-2.2088814,3.3724754
Axel_6.npy,200,D:/work/讨论/FS-Jump3D-main/FS-Jump3D-main/data/npy/Skater_A/Axel\Axel_6.npy,Skater_A,11.306772,-2.0343285,3.279504
Axel_6.npy,201,D:/work/讨论/FS-Jump3D-main/FS-Jump3D-main/data/npy/Skater_A/Axel\Axel_6.npy,Skater_A,11.247351,-1.8640604,3.2019136
Axel_6.npy,202,D:/work/讨论/FS-Jump3D-main/FS-Jump3D-main/data/npy/Skater_A/Axel\Axel_6.npy,Skater_A,11.221897,-1.6410351,3.1069589
Axel_6.npy,203,D:/work/讨论/FS-Jump3D-main/FS-Jump3D-main/data/npy/Skater_A/Axel\Axel_6.npy,Skater_A,11.199195,-1.3661525,3.0363452
Axel_6.npy,204,D:/work/讨论/FS-Jump3D-main/FS-Jump3D-main/data/npy/Skater_A/Axel\Axel_6.npy,Skater_A,11.14935,-1.0930882,2.9861853
Axel_6.npy,205,D:/work/讨论/FS-Jump3D-main/FS-Jump3D-main/data/npy/Skater_A/Axel\Axel_6.npy,Skater_A,11.110542,-0.8385024,2.8672802
Axel_6.npy,206,D:/work/讨论/FS-Jump3D-main/FS-Jump3D-main/data/npy/Skater_A/Axel\Axel_6.npy,Skater_A,11.065477,-0.5911021,2.7752173
Axel_6.npy,207,D:/work/讨论/FS-Jump3D-main/FS-Jump3D-main/data/npy/Skater_A/Axel\Axel_6.npy,Skater_A,10.956319,-0.35387638,2.7866433
Axel_6.npy,208,D:/work/讨论/FS-Jump3D-main/FS-Jump3D-main/data/npy/Skater_A/Axel\Axel_6.npy,Skater_A,10.891995,-0.13540804,2.765156
Axel_6.npy,209,D:/work/讨论/FS-Jump3D-main/FS-Jump3D-main/data/npy/Skater_A/Axel\Axel_6.npy,Skater_A,10.899226,0.10422402,2.64149
Axel_6.npy,210,D:/work/讨论/FS-Jump3D-main/FS-Jump3D-main/data/npy/Skater_A/Axel\Axel_6.npy,Skater_A,10.804804,0.3874621,2.6196368
Axel_6.npy,211,D:/work/讨论/FS-Jump3D-main/FS-Jump3D-main/data/npy/Skater_A/Axel\Axel_6.npy,Skater_A,10.621068,0.70939213,2.7041466
Axel_6.npy,212,D:/work/讨论/FS-Jump3D-main/FS-Jump3D-main/data/npy/Skater_A/Axel\Axel_6.npy,Skater_A,10.538066,1.0621293,2.7208836
Axel_6.npy,213,D:/work/讨论/FS-Jump3D-main/FS-Jump3D-main/data/npy/Skater_A/Axel\Axel_6.npy,Skater_A,10.525762,1.3871628,2.71202
Axel_6.npy,214,D:/work/讨论/FS-Jump3D-main/FS-Jump3D-main/data/npy/Skater_A/Axel\Axel_6.npy,Skater_A,10.437579,1.651088,2.758691
Axel_6.npy,215,D:/work/讨论/FS-Jump3D-main/FS-Jump3D-main/data/npy/Skater_A/Axel\Axel_6.npy,Skater_A,10.380068,1.902416,2.7702858
Axel_6.npy,216,D:/work/讨论/FS-Jump3D-main/FS-Jump3D-main/data/npy/Skater_A/Axel\Axel_6.npy,Skater_A,10.3758135,2.1544347,2.7473264
Axel_6.npy,217,D:/work/讨论/FS-Jump3D-main/FS-Jump3D-main/data/npy/Skater_A/Axel\Axel_6.npy,Skater_A,10.412879,2.39724,2.6961343
Axel_6.npy,218,D:/work/讨论/FS-Jump3D-main/FS-Jump3D-main/data/npy/Skater_A/Axel\Axel_6.npy,Skater_A,10.549249,2.7649982,2.544101
Axel_6.npy,219,D:/work/讨论/FS-Jump3D-main/FS-Jump3D-main/data/npy/Skater_A/Axel\Axel_6.npy,Skater_A,10.675669,3.2657561,2.3121486
Axel_6.npy,220,D:/work/讨论/FS-Jump3D-main/FS-Jump3D-main/data/npy/Skater_A/Axel\Axel_6.npy,Skater_A,10.698766,3.7073472,2.1021929
Axel_6.npy,221,D:/work/讨论/FS-Jump3D-main/FS-Jump3D-main/data/npy/Skater_A/Axel\Axel_6.npy,Skater_A,10.702023,4.104213,1.8949261
Axel_6.npy,222,D:/work/讨论/FS-Jump3D-main/FS-Jump3D-main/data/npy/Skater_A/Axel\Axel_6.npy,Skater_A,10.709048,4.4770555,1.6518695
Axel_6.npy,223,D:/work/讨论/FS-Jump3D-main/FS-Jump3D-main/data/npy/Skater_A/Axel\Axel_6.npy,Skater_A,10.690384,4.786556,1.4391414
Axel_6.npy,224,D:/work/讨论/FS-Jump3D-main/FS-Jump3D-main/data/npy/Skater_A/Axel\Axel_6.npy,Skater_A,10.634392,5.005002,1.3811245
Axel_6.npy,225,D:/work/讨论/FS-Jump3D-main/FS-Jump3D-main/data/npy/Skater_A/Axel\Axel_6.npy,Skater_A,10.556432,5.269504,1.2630882
Axel_6.npy,226,D:/work/讨论/FS-Jump3D-main/FS-Jump3D-main/data/npy/Skater_A/Axel\Axel_6.npy,Skater_A,10.309935,5.8270707,0.831151
Axel_6.npy,227,D:/work/讨论/FS-Jump3D-main/FS-Jump3D-main/data/npy/Skater_A/Axel\Axel_6.npy,Skater_A,9.9124365,6.3339806,0.40169436
Axel_6.npy,228,D:/work/讨论/FS-Jump3D-main/FS-Jump3D-main/data/npy/Skater_A/Axel\Axel_6.npy,Skater_A,9.636803,6.624356,0.23052196
Axel_6.npy,229,D:/work/讨论/FS-Jump3D-main/FS-Jump3D-main/data/npy/Skater_A/Axel\Axel_6.npy,Skater_A,9.348054,6.9102297,0.094554864
Axel_6.npy,230,D:/work/讨论/FS-Jump3D-main/FS-Jump3D-main/data/npy/Skater_A/Axel\Axel_6.npy,Skater_A,9.000241,7.1996865,-0.04100707
Axel_6.npy,231,D:/work/讨论/FS-Jump3D-main/FS-Jump3D-main/data/npy/Skater_A/Axel\Axel_6.npy,Skater_A,8.642467,7.472871,-0.177533
Axel_6.npy,232,D:/work/讨论/FS-Jump3D-main/FS-Jump3D-main/data/npy/Skater_A/Axel\Axel_6.npy,Skater_A,8.282371,7.746149,-0.29805428
Axel_6.npy,233,D:/work/讨论/FS-Jump3D-main/FS-Jump3D-main/data/npy/Skater_A/Axel\Axel_6.npy,Skater_A,7.9310613,7.977679,-0.33007383
Axel_6.npy,234,D:/work/讨论/FS-Jump3D-main/FS-Jump3D-main/data/npy/Skater_A/Axel\Axel_6.npy,Skater_A,7.554992,8.200605,-0.30208787
Axel_6.npy,235,D:/work/讨论/FS-Jump3D-main/FS-Jump3D-main/data/npy/Skater_A/Axel\Axel_6.npy,Skater_A,7.162963,8.435055,-0.26990533
Axel_6.npy,236,D:/work/讨论/FS-Jump3D-main/FS-Jump3D-main/data/npy/Skater_A/Axel\Axel_6.npy,Skater_A,6.779222,8.624459,-0.21813944
Axel_6.npy,237,D:/work/讨论/FS-Jump3D-main/FS-Jump3D-main/data/npy/Skater_A/Axel\Axel_6.npy,Skater_A,6.418845,8.770133,-0.1621599
Axel_6.npy,238,D:/work/讨论/FS-Jump3D-main/FS-Jump3D-main/data/npy/Skater_A/Axel\Axel_6.npy,Skater_A,6.0753527,8.926037,-0.1339327
Axel_6.npy,239,D:/work/讨论/FS-Jump3D-main/FS-Jump3D-main/data/npy/Skater_A/Axel\Axel_6.npy,Skater_A,5.7329764,9.1186905,-0.09520495
Axel_6.npy,240,D:/work/讨论/FS-Jump3D-main/FS-Jump3D-main/data/npy/Skater_A/Axel\Axel_6.npy,Skater_A,5.4014044,9.29679,-0.013006691
Axel_6.npy,241,D:/work/讨论/FS-Jump3D-main/FS-Jump3D-main/data/npy/Skater_A/Axel\Axel_6.npy,Skater_A,5.1077285,9.441268,0.06843101
Axel_6.npy,242,D:/work/讨论/FS-Jump3D-main/FS-Jump3D-main/data/npy/Skater_A/Axel\Axel_6.npy,Skater_A,4.8419476,9.604603,0.13837959
Axel_6.npy,243,D:/work/讨论/FS-Jump3D-main/FS-Jump3D-main/data/npy/Skater_A/Axel\Axel_6.npy,Skater_A,4.5443325,9.795724,0.21150586
Axel_6.npy,244,D:/work/讨论/FS-Jump3D-main/FS-Jump3D-main/data/npy/Skater_A/Axel\Axel_6.npy,Skater_A,4.210457,9.996827,0.2698773
Axel_6.npy,245,D:/work/讨论/FS-Jump3D-main/FS-Jump3D-main/data/npy/Skater_A/Axel\Axel_6.npy,Skater_A,3.8318136,10.247689,0.3024155
Axel_6.npy,246,D:/work/讨论/FS-Jump3D-main/FS-Jump3D-main/data/npy/Skater_A/Axel\Axel_6.npy,Skater_A,3.4499898,10.520888,0.3208318
Axel_6.npy,247,D:/work/讨论/FS-Jump3D-main/FS-Jump3D-main/data/npy/Skater_A/Axel\Axel_6.npy,Skater_A,3.1410503,10.728866,0.35753983
Axel_6.npy,248,D:/work/讨论/FS-Jump3D-main/FS-Jump3D-main/data/npy/Skater_A/Axel\Axel_6.npy,Skater_A,2.870584,10.884326,0.41957906
Axel_6.npy,249,D:/work/讨论/FS-Jump3D-main/FS-Jump3D-main/data/npy/Skater_A/Axel\Axel_6.npy,Skater_A,2.5795,11.057058,0.4885235
Axel_6.npy,250,D:/work/讨论/FS-Jump3D-main/FS-Jump3D-main/data/npy/Skater_A/Axel\Axel_6.npy,Skater_A,2.2772157,11.242572,0.5505732
Axel_6.npy,251,D:/work/讨论/FS-Jump3D-main/FS-Jump3D-main/data/npy/Skater_A/Axel\Axel_6.npy,Skater_A,2.0145605,11.390031,0.6155558
Axel_6.npy,252,D:/work/讨论/FS-Jump3D-main/FS-Jump3D-main/data/npy/Skater_A/Axel\Axel_6.npy,Skater_A,1.7947221,11.51194,0.70535594
Axel_6.npy,253,D:/work/讨论/FS-Jump3D-main/FS-Jump3D-main/data/npy/Skater_A/Axel\Axel_6.npy,Skater_A,1.5996338,11.6205635,0.7957479
Axel_6.npy,254,D:/work/讨论/FS-Jump3D-main/FS-Jump3D-main/data/npy/Skater_A/Axel\Axel_6.npy,Skater_A,1.4234484,11.711745,0.8678068
Axel_6.npy,255,D:/work/讨论/FS-Jump3D-main/FS-Jump3D-main/data/npy/Skater_A/Axel\Axel_6.npy,Skater_A,1.2589079,11.789219,0.92029613
Axel_6.npy,256,D:/work/讨论/FS-Jump3D-main/FS-Jump3D-main/data/npy/Skater_A/Axel\Axel_6.npy,Skater_A,1.1157678,11.847039,0.9505502
Axel_6.npy,257,D:/work/讨论/FS-Jump3D-main/FS-Jump3D-main/data/npy/Skater_A/Axel\Axel_6.npy,Skater_A,1.0103232,11.88481,0.97337127
Axel_6.npy,258,D:/work/讨论/FS-Jump3D-main/FS-Jump3D-main/data/npy/Skater_A/Axel\Axel_6.npy,Skater_A,0.9019945,11.922836,0.99329096
Axel_6.npy,259,D:/work/讨论/FS-Jump3D-main/FS-Jump3D-main/data/npy/Skater_A/Axel\Axel_6.npy,Skater_A,0.7708309,11.964023,0.9991521
Axel_6.npy,260,D:/work/讨论/FS-Jump3D-main/FS-Jump3D-main/data/npy/Skater_A/Axel\Axel_6.npy,Skater_A,0.64072454,12.000528,0.9944941
Axel_6.npy,261,D:/work/讨论/FS-Jump3D-main/FS-Jump3D-main/data/npy/Skater_A/Axel\Axel_6.npy,Skater_A,0.52211803,12.031358,0.9779052
Axel_6.npy,262,D:/work/讨论/FS-Jump3D-main/FS-Jump3D-main/data/npy/Skater_A/Axel\Axel_6.npy,Skater_A,0.39934635,12.058519,0.942496
Axel_6.npy,263,D:/work/讨论/FS-Jump3D-main/FS-Jump3D-main/data/npy/Skater_A/Axel\Axel_6.npy,Skater_A,0.26068816,12.089681,0.9148496
Axel_6.npy,264,D:/work/讨论/FS-Jump3D-main/FS-Jump3D-main/data/npy/Skater_A/Axel\Axel_6.npy,Skater_A,0.11536045,12.121089,0.88235635
Axel_6.npy,265,D:/work/讨论/FS-Jump3D-main/FS-Jump3D-main/data/npy/Skater_A/Axel\Axel_6.npy,Skater_A,-0.031304788,12.143131,0.80313355
Axel_6.npy,266,D:/work/讨论/FS-Jump3D-main/FS-Jump3D-main/data/npy/Skater_A/Axel\Axel_6.npy,Skater_A,-0.178484,12.158135,0.6987473
Axel_6.npy,267,D:/work/讨论/FS-Jump3D-main/FS-Jump3D-main/data/npy/Skater_A/Axel\Axel_6.npy,Skater_A,-0.3213869,12.176021,0.61376315
Axel_6.npy,268,D:/work/讨论/FS-Jump3D-main/FS-Jump3D-main/data/npy/Skater_A/Axel\Axel_6.npy,Skater_A,-0.46405667,12.192228,0.5265462
Axel_6.npy,269,D:/work/讨论/FS-Jump3D-main/FS-Jump3D-main/data/npy/Skater_A/Axel\Axel_6.npy,Skater_A,-0.62103057,12.212228,0.44135585
Axel_6.npy,270,D:/work/讨论/FS-Jump3D-main/FS-Jump3D-main/data/npy/Skater_A/Axel\Axel_6.npy,Skater_A,-0.79092187,12.241779,0.37163457
Axel_6.npy,271,D:/work/讨论/FS-Jump3D-main/FS-Jump3D-main/data/npy/Skater_A/Axel\Axel_6.npy,Skater_A,-0.9424999,12.270054,0.3175278
Axel_6.npy,272,D:/work/讨论/FS-Jump3D-main/FS-Jump3D-main/data/npy/Skater_A/Axel\Axel_6.npy,Skater_A,-1.0442824,12.289999,0.28561425
Axel_6.npy,273,D:/work/讨论/FS-Jump3D-main/FS-Jump3D-main/data/npy/Skater_A/Axel\Axel_6.npy,Skater_A,-1.1592615,12.312551,0.24833451
Axel_6.npy,274,D:/work/讨论/FS-Jump3D-main/FS-Jump3D-main/data/npy/Skater_A/Axel\Axel_6.npy,Skater_A,-1.3177763,12.343345,0.19215052
Axel_6.npy,275,D:/work/讨论/FS-Jump3D-main/FS-Jump3D-main/data/npy/Skater_A/Axel\Axel_6.npy,Skater_A,-1.3553785,12.351263,0.17839555
Axel_7.npy,0,D:/work/讨论/FS-Jump3D-main/FS-Jump3D-main/data/npy/Skater_A/Axel\Axel_7.npy,Skater_A,3.545805,8.155862,-13.796042
Axel_7.npy,1,D:/work/讨论/FS-Jump3D-main/FS-Jump3D-main/data/npy/Skater_A/Axel\Axel_7.npy,Skater_A,3.693489,7.2705884,-14.0512905
Axel_7.npy,2,D:/work/讨论/FS-Jump3D-main/FS-Jump3D-main/data/npy/Skater_A/Axel\Axel_7.npy,Skater_A,3.7551687,6.906257,-14.078001
Axel_7.npy,3,D:/work/讨论/FS-Jump3D-main/FS-Jump3D-main/data/npy/Skater_A/Axel\Axel_7.npy,Skater_A,3.7645457,6.320548,-14.085118
Axel_7.npy,4,D:/work/讨论/FS-Jump3D-main/FS-Jump3D-main/data/npy/Skater_A/Axel\Axel_7.npy,Skater_A,3.9152188,5.84554,-14.268238
Axel_7.npy,5,D:/work/讨论/FS-Jump3D-main/FS-Jump3D-main/data/npy/Skater_A/Axel\Axel_7.npy,Skater_A,3.9881449,5.2217946,-14.3671
Axel_7.npy,6,D:/work/讨论/FS-Jump3D-main/FS-Jump3D-main/data/npy/Skater_A/Axel\Axel_7.npy,Skater_A,3.9566019,4.6233325,-14.3443575
Axel_7.npy,7,D:/work/讨论/FS-Jump3D-main/FS-Jump3D-main/data/npy/Skater_A/Axel\Axel_7.npy,Skater_A,3.868545,4.1167254,-14.360452
Axel_7.npy,8,D:/work/讨论/FS-Jump3D-main/FS-Jump3D-main/data/npy/Skater_A/Axel\Axel_7.npy,Skater_A,3.8630934,3.5727177,-14.470526
Axel_7.npy,9,D:/work/讨论/FS-Jump3D-main/FS-Jump3D-main/data/npy/Skater_A/Axel\Axel_7.npy,Skater_A,3.8408623,2.7282405,-15.116658
Axel_7.npy,10,D:/work/讨论/FS-Jump3D-main/FS-Jump3D-main/data/npy/Skater_A/Axel\Axel_7.npy,Skater_A,3.6820285,2.3491764,-15.337763
Axel_7.npy,11,D:/work/讨论/FS-Jump3D-main/FS-Jump3D-main/data/npy/Skater_A/Axel\Axel_7.npy,Skater_A,3.3843045,1.8862624,-15.086137
Axel_7.npy,12,D:/work/讨论/FS-Jump3D-main/FS-Jump3D-main/data/npy/Skater_A/Axel\Axel_7.npy,Skater_A,3.2853138,1.1108234,-14.603208
Axel_7.npy,13,D:/work/讨论/FS-Jump3D-main/FS-Jump3D-main/data/npy/Skater_A/Axel\Axel_7.npy,Skater_A,3.0823054,0.49451998,-14.459929
Axel_7.npy,14,D:/work/讨论/FS-Jump3D-main/FS-Jump3D-main/data/npy/Skater_A/Axel\Axel_7.npy,Skater_A,2.7603507,-0.060079075,-14.30272
Axel_7.npy,15,D:/work/讨论/FS-Jump3D-main/FS-Jump3D-main/data/npy/Skater_A/Axel\Axel_7.npy,Skater_A,2.3048558,-0.42525613,-14.230399
Axel_7.npy,16,D:/work/讨论/FS-Jump3D-main/FS-Jump3D-main/data/npy/Skater_A/Axel\Axel_7.npy,Skater_A,1.8265915,-0.59243,-14.180671
Axel_7.npy,17,D:/work/讨论/FS-Jump3D-main/FS-Jump3D-main/data/npy/Skater_A/Axel\Axel_7.npy,Skater_A,1.5634668,-0.6492989,-14.142016
Axel_7.npy,18,D:/work/讨论/FS-Jump3D-main/FS-Jump3D-main/data/npy/Skater_A/Axel\Axel_7.npy,Skater_A,1.1812373,-0.96552724,-14.096169
Axel_7.npy,19,D:/work/讨论/FS-Jump3D-main/FS-Jump3D-main/data/npy/Skater_A/Axel\Axel_7.npy,Skater_A,0.40518096,-1.6148841,-14.057394
Axel_7.npy,20,D:/work/讨论/FS-Jump3D-main/FS-Jump3D-main/data/npy/Skater_A/Axel\Axel_7.npy,Skater_A,0.01653547,-1.8714808,-14.023266
Axel_7.npy,21,D:/work/讨论/FS-Jump3D-main/FS-Jump3D-main/data/npy/Skater_A/Axel\Axel_7.npy,Skater_A,-0.33586705,-2.1194434,-13.959798
Axel_7.npy,22,D:/work/讨论/FS-Jump3D-main/FS-Jump3D-main/data/npy/Skater_A/Axel\Axel_7.npy,Skater_A,-0.800439,-2.620081,-14.0544405
Axel_7.npy,23,D:/work/讨论/FS-Jump3D-main/FS-Jump3D-main/data/npy/Skater_A/Axel\Axel_7.npy,Skater_A,-1.1885903,-2.941002,-14.153755
Axel_7.npy,24,D:/work/讨论/FS-Jump3D-main/FS-Jump3D-main/data/npy/Skater_A/Axel\Axel_7.npy,Skater_A,-1.3411789,-3.0452266,-14.0927925
Axel_7.npy,25,D:/work/讨论/FS-Jump3D-main/FS-Jump3D-main/data/npy/Skater_A/Axel\Axel_7.npy,Skater_A,-1.2995533,-3.114491,-13.799625
Axel_7.npy,26,D:/work/讨论/FS-Jump3D-main/FS-Jump3D-main/data/npy/Skater_A/Axel\Axel_7.npy,Skater_A,-1.3345873,-3.4281979,-13.554445
Axel_7.npy,27,D:/work/讨论/FS-Jump3D-main/FS-Jump3D-main/data/npy/Skater_A/Axel\Axel_7.npy,Skater_A,-1.4734771,-3.861373,-13.484232
Axel_7.npy,28,D:/work/讨论/FS-Jump3D-main/FS-Jump3D-main/data/npy/Skater_A/Axel\Axel_7.npy,Skater_A,-1.6480215,-4.0984597,-13.526697
Axel_7.npy,29,D:/work/讨论/FS-Jump3D-main/FS-Jump3D-main/data/npy/Skater_A/Axel\Axel_7.npy,Skater_A,-1.7812959,-4.2363925,-13.574984
Axel_7.npy,30,D:/work/讨论/FS-Jump3D-main/FS-Jump3D-main/data/npy/Skater_A/Axel\Axel_7.npy,Skater_A,-1.8843808,-3.8935459,-13.42838
Axel_7.npy,31,D:/work/讨论/FS-Jump3D-main/FS-Jump3D-main/data/npy/Skater_A/Axel\Axel_7.npy,Skater_A,-1.4854294,-4.4822893,-12.990554
Axel_7.npy,32,D:/work/讨论/FS-Jump3D-main/FS-Jump3D-main/data/npy/Skater_A/Axel\Axel_7.npy,Skater_A,-4.263674,-1.7555976,-13.573665
Axel_7.npy,33,D:/work/讨论/FS-Jump3D-main/FS-Jump3D-main/data/npy/Skater_A/Axel\Axel_7.npy,Skater_A,-0.07724322,-5.914807,-12.293493
Axel_7.npy,34,D:/work/讨论/FS-Jump3D-main/FS-Jump3D-main/data/npy/Skater_A/Axel\Axel_7.npy,Skater_A,-3.766099,-4.6576185,-13.311628
Axel_7.npy,35,D:/work/讨论/FS-Jump3D-main/FS-Jump3D-main/data/npy/Skater_A/Axel\Axel_7.npy,Skater_A,-3.030858,-5.16813,-12.404626
Axel_7.npy,36,D:/work/讨论/FS-Jump3D-main/FS-Jump3D-main/data/npy/Skater_A/Axel\Axel_7.npy,Skater_A,-3.0306866,-5.296179,-12.07819
Axel_7.npy,37,D:/work/讨论/FS-Jump3D-main/FS-Jump3D-main/data/npy/Skater_A/Axel\Axel_7.npy,Skater_A,-3.4211576,-5.4412284,-12.103313
Axel_7.npy,38,D:/work/讨论/FS-Jump3D-main/FS-Jump3D-main/data/npy/Skater_A/Axel\Axel_7.npy,Skater_A,-3.6554396,-5.488083,-11.768917
Axel_7.npy,39,D:/work/讨论/FS-Jump3D-main/FS-Jump3D-main/data/npy/Skater_A/Axel\Axel_7.npy,Skater_A,-3.9761286,-5.504311,-11.337546
Axel_7.npy,40,D:/work/讨论/FS-Jump3D-main/FS-Jump3D-main/data/npy/Skater_A/Axel\Axel_7.npy,Skater_A,-4.2421856,-5.6230674,-10.979774
Axel_7.npy,41,D:/work/讨论/FS-Jump3D-main/FS-Jump3D-main/data/npy/Skater_A/Axel\Axel_7.npy,Skater_A,-4.472504,-5.7576838,-10.447339
Axel_7.npy,42,D:/work/讨论/FS-Jump3D-main/FS-Jump3D-main/data/npy/Skater_A/Axel\Axel_7.npy,Skater_A,-4.7531147,-5.8730154,-9.906415
Axel_7.npy,43,D:/work/讨论/FS-Jump3D-main/FS-Jump3D-main/data/npy/Skater_A/Axel\Axel_7.npy,Skater_A,-5.1332493,-6.139594,-9.569044
Axel_7.npy,44,D:/work/讨论/FS-Jump3D-main/FS-Jump3D-main/data/npy/Skater_A/Axel\Axel_7.npy,Skater_A,-5.4916673,-6.5424395,-9.1960535
Axel_7.npy,45,D:/work/讨论/FS-Jump3D-main/FS-Jump3D-main/data/npy/Skater_A/Axel\Axel_7.npy,Skater_A,-5.5781703,-6.9178457,-8.679826
Axel_7.npy,46,D:/work/讨论/FS-Jump3D-main/FS-Jump3D-main/data/npy/Skater_A/Axel\Axel_7.npy,Skater_A,-5.370871,-7.195076,-8.189058
Axel_7.npy,47,D:/work/讨论/FS-Jump3D-main/FS-Jump3D-main/data/npy/Skater_A/Axel\Axel_7.npy,Skater_A,-5.0347347,-7.387467,-7.5776415
Axel_7.npy,48,D:/work/讨论/FS-Jump3D-main/FS-Jump3D-main/data/npy/Skater_A/Axel\Axel_7.npy,Skater_A,-4.7093086,-7.539705,-6.94877
Axel_7.npy,49,D:/work/讨论/FS-Jump3D-main/FS-Jump3D-main/data/npy/Skater_A/Axel\Axel_7.npy,Skater_A,-4.5703387,-7.641065,-6.5512223
Axel_7.npy,50,D:/work/讨论/FS-Jump3D-main/FS-Jump3D-main/data/npy/Skater_A/Axel\Axel_7.npy,Skater_A,-4.4426804,-7.8007574,-6.0810213
Axel_7.npy,51,D:/work/讨论/FS-Jump3D-main/FS-Jump3D-main/data/npy/Skater_A/Axel\Axel_7.npy,Skater_A,-4.370143,-8.044895,-5.7298145
Axel_7.npy,52,D:/work/讨论/FS-Jump3D-main/FS-Jump3D-main/data/npy/Skater_A/Axel\Axel_7.npy,Skater_A,-4.475094,-8.376265,-5.438046
Axel_7.npy,53,D:/work/讨论/FS-Jump3D-main/FS-Jump3D-main/data/npy/Skater_A/Axel\Axel_7.npy,Skater_A,-4.569466,-8.783578,-5.2107725
Axel_7.npy,54,D:/work/讨论/FS-Jump3D-main/FS-Jump3D-main/data/npy/Skater_A/Axel\Axel_7.npy,Skater_A,-4.5283265,-9.123073,-4.9500704
Axel_7.npy,55,D:/work/讨论/FS-Jump3D-main/FS-Jump3D-main/data/npy/Skater_A/Axel\Axel_7.npy,Skater_A,-4.4753537,-9.574723,-4.623099
Axel_7.npy,56,D:/work/讨论/FS-Jump3D-main/FS-Jump3D-main/data/npy/Skater_A/Axel\Axel_7.npy,Skater_A,-4.4045725,-9.915642,-4.3875422
Axel_7.npy,57,D:/work/讨论/FS-Jump3D-main/FS-Jump3D-main/data/npy/Skater_A/Axel\Axel_7.npy,Skater_A,-4.3210444,-10.206043,-4.1611
Axel_7.npy,58,D:/work/讨论/FS-Jump3D-main/FS-Jump3D-main/data/npy/Skater_A/Axel\Axel_7.npy,Skater_A,-4.2046127,-10.463622,-3.9169037
Axel_7.npy,59,D:/work/讨论/FS-Jump3D-main/FS-Jump3D-main/data/npy/Skater_A/Axel\Axel_7.npy,Skater_A,-4.1067686,-10.866766,-3.625553
Axel_7.npy,60,D:/work/讨论/FS-Jump3D-main/FS-Jump3D-main/data/npy/Skater_A/Axel\Axel_7.npy,Skater_A,-4.056629,-11.449729,-3.268229
Axel_7.npy,61,D:/work/讨论/FS-Jump3D-main/FS-Jump3D-main/data/npy/Skater_A/Axel\Axel_7.npy,Skater_A,-4.026083,-11.83558,-2.9697547
Axel_7.npy,62,D:/work/讨论/FS-Jump3D-main/FS-Jump3D-main/data/npy/Skater_A/Axel\Axel_7.npy,Skater_A,-4.0502415,-12.154672,-2.7087042
Axel_7.npy,63,D:/work/讨论/FS-Jump3D-main/FS-Jump3D-main/data/npy/Skater_A/Axel\Axel_7.npy,Skater_A,-4.2989573,-12.892593,-2.3460865
Axel_7.npy,64,D:/work/讨论/FS-Jump3D-main/FS-Jump3D-main/data/npy/Skater_A/Axel\Axel_7.npy,Skater_A,-4.674318,-13.515202,-1.8796046
Axel_7.npy,65,D:/work/讨论/FS-Jump3D-main/FS-Jump3D-main/data/npy/Skater_A/Axel\Axel_7.npy,Skater_A,-4.763401,-13.662053,-1.5926584
Axel_7.npy,66,D:/work/讨论/FS-Jump3D-main/FS-Jump3D-main/data/npy/Skater_A/Axel\Axel_7.npy,Skater_A,-4.7988343,-13.808123,-1.2651174
Axel_7.npy,67,D:/work/讨论/FS-Jump3D-main/FS-Jump3D-main/data/npy/Skater_A/Axel\Axel_7.npy,Skater_A,-4.8750014,-13.984965,-0.83810574
Axel_7.npy,68,D:/work/讨论/FS-Jump3D-main/FS-Jump3D-main/data/npy/Skater_A/Axel\Axel_7.npy,Skater_A,-4.911467,-14.066162,-0.21387357
Axel_7.npy,69,D:/work/讨论/FS-Jump3D-main/FS-Jump3D-main/data/npy/Skater_A/Axel\Axel_7.npy,Skater_A,-4.9535465,-14.140245,0.5336554
Axel_7.npy,70,D:/work/讨论/FS-Jump3D-main/FS-Jump3D-main/data/npy/Skater_A/Axel\Axel_7.npy,Skater_A,-5.068154,-14.199857,1.1009187
Axel_7.npy,71,D:/work/讨论/FS-Jump3D-main/FS-Jump3D-main/data/npy/Skater_A/Axel\Axel_7.npy,Skater_A,-5.205158,-14.2155285,1.6206552
Axel_7.npy,72,D:/work/讨论/FS-Jump3D-main/FS-Jump3D-main/data/npy/Skater_A/Axel\Axel_7.npy,Skater_A,-5.4681697,-14.248781,2.172415
Axel_7.npy,73,D:/work/讨论/FS-Jump3D-main/FS-Jump3D-main/data/npy/Skater_A/Axel\Axel_7.npy,Skater_A,-5.918213,-14.306347,2.686215
Axel_7.npy,74,D:/work/讨论/FS-Jump3D-main/FS-Jump3D-main/data/npy/Skater_A/Axel\Axel_7.npy,Skater_A,-6.294113,-14.150188,3.3639739
Axel_7.npy,75,D:/work/讨论/FS-Jump3D-main/FS-Jump3D-main/data/npy/Skater_A/Axel\Axel_7.npy,Skater_A,-6.59266,-13.805303,4.1958146
Axel_7.npy,76,D:/work/讨论/FS-Jump3D-main/FS-Jump3D-main/data/npy/Skater_A/Axel\Axel_7.npy,Skater_A,-7.019357,-13.539924,4.8042183
Axel_7.npy,77,D:/work/讨论/FS-Jump3D-main/FS-Jump3D-main/data/npy/Skater_A/Axel\Axel_7.npy,Skater_A,-7.4045844,-13.143869,5.449823
Axel_7.npy,78,D:/work/讨论/FS-Jump3D-main/FS-Jump3D-main/data/npy/Skater_A/Axel\Axel_7.npy,Skater_A,-7.774802,-12.583242,6.1259255
Axel_7.npy,79,D:/work/讨论/FS-Jump3D-main/FS-Jump3D-main/data/npy/Skater_A/Axel\Axel_7.npy,Skater_A,-8.348825,-12.082442,6.532612
Axel_7.npy,80,D:/work/讨论/FS-Jump3D-main/FS-Jump3D-main/data/npy/Skater_A/Axel\Axel_7.npy,Skater_A,-8.964546,-11.47438,6.8404903
Axel_7.npy,81,D:/work/讨论/FS-Jump3D-main/FS-Jump3D-main/data/npy/Skater_A/Axel\Axel_7.npy,Skater_A,-9.297006,-10.683552,7.2884326
Axel_7.npy,82,D:/work/讨论/FS-Jump3D-main/FS-Jump3D-main/data/npy/Skater_A/Axel\Axel_7.npy,Skater_A,-9.530299,-9.886582,7.688757
Axel_7.npy,83,D:/work/讨论/FS-Jump3D-main/FS-Jump3D-main/data/npy/Skater_A/Axel\Axel_7.npy,Skater_A,-9.81153,-9.044455,8.005141
Axel_7.npy,84,D:/work/讨论/FS-Jump3D-main/FS-Jump3D-main/data/npy/Skater_A/Axel\Axel_7.npy,Skater_A,-10.238389,-8.158419,8.234567
Axel_7.npy,85,D:/work/讨论/FS-Jump3D-main/FS-Jump3D-main/data/npy/Skater_A/Axel\Axel_7.npy,Skater_A,-10.837265,-7.4862328,8.302267
Axel_7.npy,86,D:/work/讨论/FS-Jump3D-main/FS-Jump3D-main/data/npy/Skater_A/Axel\Axel_7.npy,Skater_A,-11.231457,-7.004724,8.321183
Axel_7.npy,87,D:/work/讨论/FS-Jump3D-main/FS-Jump3D-main/data/npy/Skater_A/Axel\Axel_7.npy,Skater_A,-11.329799,-6.3605533,8.415009
Axel_7.npy,88,D:/work/讨论/FS-Jump3D-main/FS-Jump3D-main/data/npy/Skater_A/Axel\Axel_7.npy,Skater_A,-11.419947,-5.6480265,8.452824
Axel_7.npy,89,D:/work/讨论/FS-Jump3D-main/FS-Jump3D-main/data/npy/Skater_A/Axel\Axel_7.npy,Skater_A,-11.660339,-5.059438,8.347043
Axel_7.npy,90,D:/work/讨论/FS-Jump3D-main/FS-Jump3D-main/data/npy/Skater_A/Axel\Axel_7.npy,Skater_A,-11.923755,-4.5382633,8.138227
Axel_7.npy,91,D:/work/讨论/FS-Jump3D-main/FS-Jump3D-main/data/npy/Skater_A/Axel\Axel_7.npy,Skater_A,-12.090634,-3.8930504,7.8516645
Axel_7.npy,92,D:/work/讨论/FS-Jump3D-main/FS-Jump3D-main/data/npy/Skater_A/Axel\Axel_7.npy,Skater_A,-12.115219,-3.0490792,7.489366
Axel_7.npy,93,D:/work/讨论/FS-Jump3D-main/FS-Jump3D-main/data/npy/Skater_A/Axel\Axel_7.npy,Skater_A,-12.165312,-2.2049267,7.001817
Axel_7.npy,94,D:/work/讨论/FS-Jump3D-main/FS-Jump3D-main/data/npy/Skater_A/Axel\Axel_7.npy,Skater_A,-12.299801,-1.4830589,6.446426
Axel_7.npy,95,D:/work/讨论/FS-Jump3D-main/FS-Jump3D-main/data/npy/Skater_A/Axel\Axel_7.npy,Skater_A,-12.524806,-0.8085431,5.755918
Axel_7.npy,96,D:/work/讨论/FS-Jump3D-main/FS-Jump3D-main/data/npy/Skater_A/Axel\Axel_7.npy,Skater_A,-12.755716,-0.17173845,4.944641
Axel_7.npy,97,D:/work/讨论/FS-Jump3D-main/FS-Jump3D-main/data/npy/Skater_A/Axel\Axel_7.npy,Skater_A,-12.96662,0.37476626,4.0958495
Axel_7.npy,98,D:/work/讨论/FS-Jump3D-main/FS-Jump3D-main/data/npy/Skater_A/Axel\Axel_7.npy,Skater_A,-13.227724,0.8266578,3.2750251
Axel_7.npy,99,D:/work/讨论/FS-Jump3D-main/FS-Jump3D-main/data/npy/Skater_A/Axel\Axel_7.npy,Skater_A,-13.475838,1.2555472,2.3950586
Axel_7.npy,100,D:/work/讨论/FS-Jump3D-main/FS-Jump3D-main/data/npy/Skater_A/Axel\Axel_7.npy,Skater_A,-13.733676,1.6921324,1.5069218
Axel_7.npy,101,D:/work/讨论/FS-Jump3D-main/FS-Jump3D-main/data/npy/Skater_A/Axel\Axel_7.npy,Skater_A,-14.015914,2.2317262,0.67228985
Axel_7.npy,102,D:/work/讨论/FS-Jump3D-main/FS-Jump3D-main/data/npy/Skater_A/Axel\Axel_7.npy,Skater_A,-14.265031,2.9024308,-0.11263878
Axel_7.npy,103,D:/work/讨论/FS-Jump3D-main/FS-Jump3D-main/data/npy/Skater_A/Axel\Axel_7.npy,Skater_A,-14.448444,3.5702367,-0.8008329
Axel_7.npy,104,D:/work/讨论/FS-Jump3D-main/FS-Jump3D-main/data/npy/Skater_A/Axel\Axel_7.npy,Skater_A,-14.505874,4.099278,-1.3159741
Axel_7.npy,105,D:/work/讨论/FS-Jump3D-main/FS-Jump3D-main/data/npy/Skater_A/Axel\Axel_7.npy,Skater_A,-14.498912,4.7837834,-1.6567793
Axel_7.npy,106,D:/work/讨论/FS-Jump3D-main/FS-Jump3D-main/data/npy/Skater_A/Axel\Axel_7.npy,Skater_A,-14.455791,5.6213436,-1.9438009
Axel_7.npy,107,D:/work/讨论/FS-Jump3D-main/FS-Jump3D-main/data/npy/Skater_A/Axel\Axel_7.npy,Skater_A,-14.352569,6.615157,-2.0698628
Axel_7.npy,108,D:/work/讨论/FS-Jump3D-main/FS-Jump3D-main/data/npy/Skater_A/Axel\Axel_7.npy,Skater_A,-14.223108,7.667285,-2.1604154
Axel_7.npy,109,D:/work/讨论/FS-Jump3D-main/FS-Jump3D-main/data/npy/Skater_A/Axel\Axel_7.npy,Skater_A,-13.988449,8.697318,-2.0726004
Axel_7.npy,110,D:/work/讨论/FS-Jump3D-main/FS-Jump3D-main/data/npy/Skater_A/Axel\Axel_7.npy,Skater_A,-13.670175,9.706942,-1.7922715
Axel_7.npy,111,D:/work/讨论/FS-Jump3D-main/FS-Jump3D-main/data/npy/Skater_A/Axel\Axel_7.npy,Skater_A,-13.251562,10.611898,-1.3202927
Axel_7.npy,112,D:/work/讨论/FS-Jump3D-main/FS-Jump3D-main/data/npy/Skater_A/Axel\Axel_7.npy,Skater_A,-12.713389,11.3604,-0.6679146
Axel_7.npy,113,D:/work/讨论/FS-Jump3D-main/FS-Jump3D-main/data/npy/Skater_A/Axel\Axel_7.npy,Skater_A,-12.055546,11.925342,0.1287359
Axel_7.npy,114,D:/work/讨论/FS-Jump3D-main/FS-Jump3D-main/data/npy/Skater_A/Axel\Axel_7.npy,Skater_A,-11.350476,12.249449,0.94852674
Axel_7.npy,115,D:/work/讨论/FS-Jump3D-main/FS-Jump3D-main/data/npy/Skater_A/Axel\Axel_7.npy,Skater_A,-10.641041,12.345367,1.6890366
Axel_7.npy,116,D:/work/讨论/FS-Jump3D-main/FS-Jump3D-main/data/npy/Skater_A/Axel\Axel_7.npy,Skater_A,-10.011286,12.232096,2.391899
Axel_7.npy,117,D:/work/讨论/FS-Jump3D-main/FS-Jump3D-main/data/npy/Skater_A/Axel\Axel_7.npy,Skater_A,-9.424335,11.953015,3.1491263
Axel_7.npy,118,D:/work/讨论/FS-Jump3D-main/FS-Jump3D-main/data/npy/Skater_A/Axel\Axel_7.npy,Skater_A,-8.788278,11.578233,3.8736744
Axel_7.npy,119,D:/work/讨论/FS-Jump3D-main/FS-Jump3D-main/data/npy/Skater_A/Axel\Axel_7.npy,Skater_A,-8.198156,11.1059065,4.490244
Axel_7.npy,120,D:/work/讨论/FS-Jump3D-main/FS-Jump3D-main/data/npy/Skater_A/Axel\Axel_7.npy,Skater_A,-7.5665407,10.572818,5.1344013
Axel_7.npy,121,D:/work/讨论/FS-Jump3D-main/FS-Jump3D-main/data/npy/Skater_A/Axel\Axel_7.npy,Skater_A,-6.956144,10.052571,5.740359
Axel_7.npy,122,D:/work/讨论/FS-Jump3D-main/FS-Jump3D-main/data/npy/Skater_A/Axel\Axel_7.npy,Skater_A,-6.432051,9.6434765,6.241741
Axel_7.npy,123,D:/work/讨论/FS-Jump3D-main/FS-Jump3D-main/data/npy/Skater_A/Axel\Axel_7.npy,Skater_A,-5.8558702,9.223921,6.829752
Axel_7.npy,124,D:/work/讨论/FS-Jump3D-main/FS-Jump3D-main/data/npy/Skater_A/Axel\Axel_7.npy,Skater_A,-5.076684,8.738821,7.552219
Axel_7.npy,125,D:/work/讨论/FS-Jump3D-main/FS-Jump3D-main/data/npy/Skater_A/Axel\Axel_7.npy,Skater_A,-4.2553887,8.40669,8.162413
Axel_7.npy,126,D:/work/讨论/FS-Jump3D-main/FS-Jump3D-main/data/npy/Skater_A/Axel\Axel_7.npy,Skater_A,-3.445448,8.262741,8.665689
Axel_7.npy,127,D:/work/讨论/FS-Jump3D-main/FS-Jump3D-main/data/npy/Skater_A/Axel\Axel_7.npy,Skater_A,-2.2691348,8.247507,9.245525
Axel_7.npy,128,D:/work/讨论/FS-Jump3D-main/FS-Jump3D-main/data/npy/Skater_A/Axel\Axel_7.npy,Skater_A,-0.6305058,7.9329925,9.796589
Axel_7.npy,129,D:/work/讨论/FS-Jump3D-main/FS-Jump3D-main/data/npy/Skater_A/Axel\Axel_7.npy,Skater_A,0.40317175,7.3483334,9.962794
Axel_7.npy,130,D:/work/讨论/FS-Jump3D-main/FS-Jump3D-main/data/npy/Skater_A/Axel\Axel_7.npy,Skater_A,1.0469756,6.6515675,10.005191
Axel_7.npy,131,D:/work/讨论/FS-Jump3D-main/FS-Jump3D-main/data/npy/Skater_A/Axel\Axel_7.npy,Skater_A,1.4714292,5.6316957,10.112956
Axel_7.npy,132,D:/work/讨论/FS-Jump3D-main/FS-Jump3D-main/data/npy/Skater_A/Axel\Axel_7.npy,Skater_A,1.473083,4.404336,10.325785
Axel_7.npy,133,D:/work/讨论/FS-Jump3D-main/FS-Jump3D-main/data/npy/Skater_A/Axel\Axel_7.npy,Skater_A,0.9344907,3.336183,10.578842
Axel_7.npy,134,D:/work/讨论/FS-Jump3D-main/FS-Jump3D-main/data/npy/Skater_A/Axel\Axel_7.npy,Skater_A,0.1928226,2.6166143,10.684746
Axel_7.npy,135,D:/work/讨论/FS-Jump3D-main/FS-Jump3D-main/data/npy/Skater_A/Axel\Axel_7.npy,Skater_A,-0.7710586,2.4013321,10.670761
Axel_7.npy,136,D:/work/讨论/FS-Jump3D-main/FS-Jump3D-main/data/npy/Skater_A/Axel\Axel_7.npy,Skater_A,-2.0373554,2.0965648,10.182209
Axel_7.npy,137,D:/work/讨论/FS-Jump3D-main/FS-Jump3D-main/data/npy/Skater_A/Axel\Axel_7.npy,Skater_A,-2.6892655,2.7057238,9.733238
Axel_7.npy,138,D:/work/讨论/FS-Jump3D-main/FS-Jump3D-main/data/npy/Skater_A/Axel\Axel_7.npy,Skater_A,-3.3181522,3.650092,9.6174965
Axel_7.npy,139,D:/work/讨论/FS-Jump3D-main/FS-Jump3D-main/data/npy/Skater_A/Axel\Axel_7.npy,Skater_A,-3.7086313,5.091886,10.98163
Axel_7.npy,140,D:/work/讨论/FS-Jump3D-main/FS-Jump3D-main/data/npy/Skater_A/Axel\Axel_7.npy,Skater_A,-3.5748606,5.7149134,11.1196165
Axel_7.npy,141,D:/work/讨论/FS-Jump3D-main/FS-Jump3D-main/data/npy/Skater_A/Axel\Axel_7.npy,Skater_A,-3.3255546,6.158881,11.267744
Axel_7.npy,142,D:/work/讨论/FS-Jump3D-main/FS-Jump3D-main/data/npy/Skater_A/Axel\Axel_7.npy,Skater_A,-2.9787006,6.4643564,11.307227
Axel_7.npy,143,D:/work/讨论/FS-Jump3D-main/FS-Jump3D-main/data/npy/Skater_A/Axel\Axel_7.npy,Skater_A,-1.443901,7.0342584,11.421718
Axel_7.npy,144,D:/work/讨论/FS-Jump3D-main/FS-Jump3D-main/data/npy/Skater_A/Axel\Axel_7.npy,Skater_A,-0.6728515,7.061702,11.563908
Axel_7.npy,145,D:/work/讨论/FS-Jump3D-main/FS-Jump3D-main/data/npy/Skater_A/Axel\Axel_7.npy,Skater_A,0.28950277,6.454698,11.979466
Axel_7.npy,146,D:/work/讨论/FS-Jump3D-main/FS-Jump3D-main/data/npy/Skater_A/Axel\Axel_7.npy,Skater_A,0.7909881,5.2740808,12.387107
Axel_7.npy,147,D:/work/讨论/FS-Jump3D-main/FS-Jump3D-main/data/npy/Skater_A/Axel\Axel_7.npy,Skater_A,0.7670503,4.417837,12.500363
Axel_7.npy,148,D:/work/讨论/FS-Jump3D-main/FS-Jump3D-main/data/npy/Skater_A/Axel\Axel_7.npy,Skater_A,0.42657655,3.5754957,12.590446
Axel_7.npy,149,D:/work/讨论/FS-Jump3D-main/FS-Jump3D-main/data/npy/Skater_A/Axel\Axel_7.npy,Skater_A,-0.06574344,2.741482,12.890163
Axel_7.npy,150,D:/work/讨论/FS-Jump3D-main/FS-Jump3D-main/data/npy/Skater_A/Axel\Axel_7.npy,Skater_A,-0.5451898,1.9430557,13.412308
Axel_7.npy,151,D:/work/讨论/FS-Jump3D-main/FS-Jump3D-main/data/npy/Skater_A/Axel\Axel_7.npy,Skater_A,-0.8938926,1.1306462,13.880093
Axel_7.npy,152,D:/work/讨论/FS-Jump3D-main/FS-Jump3D-main/data/npy/Skater_A/Axel\Axel_7.npy,Skater_A,-1.0708715,0.3768337,14.312616
Axel_7.npy,153,D:/work/讨论/FS-Jump3D-main/FS-Jump3D-main/data/npy/Skater_A/Axel\Axel_7.npy,Skater_A,-1.066811,-0.14475238,14.690828
Axel_7.npy,154,D:/work/讨论/FS-Jump3D-main/FS-Jump3D-main/data/npy/Skater_A/Axel\Axel_7.npy,Skater_A,-0.98701847,-0.8540006,15.049795
Axel_7.npy,155,D:/work/讨论/FS-Jump3D-main/FS-Jump3D-main/data/npy/Skater_A/Axel\Axel_7.npy,Skater_A,-0.90013415,-1.5516902,15.166063
Axel_7.npy,156,D:/work/讨论/FS-Jump3D-main/FS-Jump3D-main/data/npy/Skater_A/Axel\Axel_7.npy,Skater_A,-0.9622241,-2.6477983,14.969024
Axel_7.npy,157,D:/work/讨论/FS-Jump3D-main/FS-Jump3D-main/data/npy/Skater_A/Axel\Axel_7.npy,Skater_A,-1.1151003,-3.714982,14.795382
Axel_7.npy,158,D:/work/讨论/FS-Jump3D-main/FS-Jump3D-main/data/npy/Skater_A/Axel\Axel_7.npy,Skater_A,-1.079536,-4.567032,14.600993
Axel_7.npy,159,D:/work/讨论/FS-Jump3D-main/FS-Jump3D-main/data/npy/Skater_A/Axel\Axel_7.npy,Skater_A,-0.9600025,-5.3438697,14.286017
Axel_7.npy,160,D:/work/讨论/FS-Jump3D-main/FS-Jump3D-main/data/npy/Skater_A/Axel\Axel_7.npy,Skater_A,-0.77089447,-6.166268,13.89019
Axel_7.npy,161,D:/work/讨论/FS-Jump3D-main/FS-Jump3D-main/data/npy/Skater_A/Axel\Axel_7.npy,Skater_A,-0.48604837,-7.0011725,13.382066
Axel_7.npy,162,D:/work/讨论/FS-Jump3D-main/FS-Jump3D-main/data/npy/Skater_A/Axel\Axel_7.npy,Skater_A,-0.17353097,-7.7677493,12.793862
Axel_7.npy,163,D:/work/讨论/FS-Jump3D-main/FS-Jump3D-main/data/npy/Skater_A/Axel\Axel_7.npy,Skater_A,0.113397695,-8.351883,12.24778
Axel_7.npy,164,D:/work/讨论/FS-Jump3D-main/FS-Jump3D-main/data/npy/Skater_A/Axel\Axel_7.npy,Skater_A,0.36045516,-8.862066,11.704783
Axel_7.npy,165,D:/work/讨论/FS-Jump3D-main/FS-Jump3D-main/data/npy/Skater_A/Axel\Axel_7.npy,Skater_A,0.5658212,-9.339073,11.085776
Axel_7.npy,166,D:/work/讨论/FS-Jump3D-main/FS-Jump3D-main/data/npy/Skater_A/Axel\Axel_7.npy,Skater_A,0.75990117,-9.688668,10.514584
Axel_7.npy,167,D:/work/讨论/FS-Jump3D-main/FS-Jump3D-main/data/npy/Skater_A/Axel\Axel_7.npy,Skater_A,0.96735257,-9.978154,9.937876
Axel_7.npy,168,D:/work/讨论/FS-Jump3D-main/FS-Jump3D-main/data/npy/Skater_A/Axel\Axel_7.npy,Skater_A,1.200205,-10.267897,9.285486
Axel_7.npy,169,D:/work/讨论/FS-Jump3D-main/FS-Jump3D-main/data/npy/Skater_A/Axel\Axel_7.npy,Skater_A,1.4547217,-10.372849,8.702132
Axel_7.npy,170,D:/work/讨论/FS-Jump3D-main/FS-Jump3D-main/data/npy/Skater_A/Axel\Axel_7.npy,Skater_A,1.6773041,-10.348062,8.163344
Axel_7.npy,171,D:/work/讨论/FS-Jump3D-main/FS-Jump3D-main/data/npy/Skater_A/Axel\Axel_7.npy,Skater_A,1.9808977,-10.2995405,7.544728
Axel_7.npy,172,D:/work/讨论/FS-Jump3D-main/FS-Jump3D-main/data/npy/Skater_A/Axel\Axel_7.npy,Skater_A,2.33795,-10.101187,6.9373107
Axel_7.npy,173,D:/work/讨论/FS-Jump3D-main/FS-Jump3D-main/data/npy/Skater_A/Axel\Axel_7.npy,Skater_A,2.708642,-9.751004,6.416018
Axel_7.npy,174,D:/work/讨论/FS-Jump3D-main/FS-Jump3D-main/data/npy/Skater_A/Axel\Axel_7.npy,Skater_A,3.081648,-9.38191,5.9806585
Axel_7.npy,175,D:/work/讨论/FS-Jump3D-main/FS-Jump3D-main/data/npy/Skater_A/Axel\Axel_7.npy,Skater_A,3.479592,-8.953844,5.5948925
Axel_7.npy,176,D:/work/讨论/FS-Jump3D-main/FS-Jump3D-main/data/npy/Skater_A/Axel\Axel_7.npy,Skater_A,3.881799,-8.412806,5.296023
Axel_7.npy,177,D:/work/讨论/FS-Jump3D-main/FS-Jump3D-main/data/npy/Skater_A/Axel\Axel_7.npy,Skater_A,4.2724314,-7.850711,5.1123443
Axel_7.npy,178,D:/work/讨论/FS-Jump3D-main/FS-Jump3D-main/data/npy/Skater_A/Axel\Axel_7.npy,Skater_A,4.6343684,-7.3734417,5.023822
Axel_7.npy,179,D:/work/讨论/FS-Jump3D-main/FS-Jump3D-main/data/npy/Skater_A/Axel\Axel_7.npy,Skater_A,4.984891,-6.965285,4.9954796
Axel_7.npy,180,D:/work/讨论/FS-Jump3D-main/FS-Jump3D-main/data/npy/Skater_A/Axel\Axel_7.npy,Skater_A,5.37488,-6.5812426,5.0298476
Axel_7.npy,181,D:/work/讨论/FS-Jump3D-main/FS-Jump3D-main/data/npy/Skater_A/Axel\Axel_7.npy,Skater_A,5.786996,-6.233525,5.1200595
Axel_7.npy,182,D:/work/讨论/FS-Jump3D-main/FS-Jump3D-main/data/npy/Skater_A/Axel\Axel_7.npy,Skater_A,6.2116528,-5.930432,5.2387066
Axel_7.npy,183,D:/work/讨论/FS-Jump3D-main/FS-Jump3D-main/data/npy/Skater_A/Axel\Axel_7.npy,Skater_A,6.727242,-5.567256,5.3763866
Axel_7.npy,184,D:/work/讨论/FS-Jump3D-main/FS-Jump3D-main/data/npy/Skater_A/Axel\Axel_7.npy,Skater_A,7.0348363,-5.204029,5.511513
Axel_7.npy,185,D:/work/讨论/FS-Jump3D-main/FS-Jump3D-main/data/npy/Skater_A/Axel\Axel_7.npy,Skater_A,7.2072105,-5.003938,5.5631785
Axel_7.npy,186,D:/work/讨论/FS-Jump3D-main/FS-Jump3D-main/data/npy/Skater_A/Axel\Axel_7.npy,Skater_A,7.3547153,-4.813841,5.5827622
Axel_7.npy,187,D:/work/讨论/FS-Jump3D-main/FS-Jump3D-main/data/npy/Skater_A/Axel\Axel_7.npy,Skater_A,7.448804,-4.6298246,5.5859632
Axel_7.npy,188,D:/work/讨论/FS-Jump3D-main/FS-Jump3D-main/data/npy/Skater_A/Axel\Axel_7.npy,Skater_A,7.529342,-4.491876,5.5740137
Axel_7.npy,189,D:/work/讨论/FS-Jump3D-main/FS-Jump3D-main/data/npy/Skater_A/Axel\Axel_7.npy,Skater_A,7.682695,-4.3484483,5.5117826
Axel_7.npy,190,D:/work/讨论/FS-Jump3D-main/FS-Jump3D-main/data/npy/Skater_A/Axel\Axel_7.npy,Skater_A,8.10669,-4.045675,5.2723866
Axel_7.npy,191,D:/work/讨论/FS-Jump3D-main/FS-Jump3D-main/data/npy/Skater_A/Axel\Axel_7.npy,Skater_A,8.6765585,-3.605125,4.8670278
Axel_7.npy,192,D:/work/讨论/FS-Jump3D-main/FS-Jump3D-main/data/npy/Skater_A/Axel\Axel_7.npy,Skater_A,8.946983,-3.2716858,4.5766144
Axel_7.npy,193,D:/work/讨论/FS-Jump3D-main/FS-Jump3D-main/data/npy/Skater_A/Axel\Axel_7.npy,Skater_A,9.146165,-2.979948,4.283984
Axel_7.npy,194,D:/work/讨论/FS-Jump3D-main/FS-Jump3D-main/data/npy/Skater_A/Axel\Axel_7.npy,Skater_A,9.317527,-2.7350109,3.9661362
Axel_7.npy,195,D:/work/讨论/FS-Jump3D-main/FS-Jump3D-main/data/npy/Skater_A/Axel\Axel_7.npy,Skater_A,9.4439335,-2.5519543,3.6730897
Axel_7.npy,196,D:/work/讨论/FS-Jump3D-main/FS-Jump3D-main/data/npy/Skater_A/Axel\Axel_7.npy,Skater_A,9.585085,-2.3696496,3.3373666
Axel_7.npy,197,D:/work/讨论/FS-Jump3D-main/FS-Jump3D-main/data/npy/Skater_A/Axel\Axel_7.npy,Skater_A,9.684348,-2.2157137,3.0836883
Axel_7.npy,198,D:/work/讨论/FS-Jump3D-main/FS-Jump3D-main/data/npy/Skater_A/Axel\Axel_7.npy,Skater_A,9.704481,-2.1262155,2.9789197
Axel_7.npy,199,D:/work/讨论/FS-Jump3D-main/FS-Jump3D-main/data/npy/Skater_A/Axel\Axel_7.npy,Skater_A,9.68891,-2.0748615,2.9502196
Axel_7.npy,200,D:/work/讨论/FS-Jump3D-main/FS-Jump3D-main/data/npy/Skater_A/Axel\Axel_7.npy,Skater_A,9.687754,-1.9525234,2.884467
Axel_7.npy,201,D:/work/讨论/FS-Jump3D-main/FS-Jump3D-main/data/npy/Skater_A/Axel\Axel_7.npy,Skater_A,9.83872,-1.717681,2.63138
Axel_7.npy,202,D:/work/讨论/FS-Jump3D-main/FS-Jump3D-main/data/npy/Skater_A/Axel\Axel_7.npy,Skater_A,10.003901,-1.4951491,2.3438752
Axel_7.npy,203,D:/work/讨论/FS-Jump3D-main/FS-Jump3D-main/data/npy/Skater_A/Axel\Axel_7.npy,Skater_A,10.056225,-1.3768846,2.252603
Axel_7.npy,204,D:/work/讨论/FS-Jump3D-main/FS-Jump3D-main/data/npy/Skater_A/Axel\Axel_7.npy,Skater_A,10.099709,-1.2622447,2.2374458
Axel_7.npy,205,D:/work/讨论/FS-Jump3D-main/FS-Jump3D-main/data/npy/Skater_A/Axel\Axel_7.npy,Skater_A,10.136362,-1.1118522,2.1360211
Axel_7.npy,206,D:/work/讨论/FS-Jump3D-main/FS-Jump3D-main/data/npy/Skater_A/Axel\Axel_7.npy,Skater_A,10.124781,-0.9943355,2.0158427
Axel_7.npy,207,D:/work/讨论/FS-Jump3D-main/FS-Jump3D-main/data/npy/Skater_A/Axel\Axel_7.npy,Skater_A,10.110648,-0.90676814,1.9129809
Axel_7.npy,208,D:/work/讨论/FS-Jump3D-main/FS-Jump3D-main/data/npy/Skater_A/Axel\Axel_7.npy,Skater_A,10.1068325,-0.835879,1.8053323
Axel_7.npy,209,D:/work/讨论/FS-Jump3D-main/FS-Jump3D-main/data/npy/Skater_A/Axel\Axel_7.npy,Skater_A,10.0305195,-0.7431992,1.692789
Axel_7.npy,210,D:/work/讨论/FS-Jump3D-main/FS-Jump3D-main/data/npy/Skater_A/Axel\Axel_7.npy,Skater_A,9.820959,-0.5310256,1.5188934
Axel_7.npy,211,D:/work/讨论/FS-Jump3D-main/FS-Jump3D-main/data/npy/Skater_A/Axel\Axel_7.npy,Skater_A,9.514861,-0.19970469,1.2645859
Axel_7.npy,212,D:/work/讨论/FS-Jump3D-main/FS-Jump3D-main/data/npy/Skater_A/Axel\Axel_7.npy,Skater_A,9.216684,0.08792861,1.0128537
Axel_7.npy,213,D:/work/讨论/FS-Jump3D-main/FS-Jump3D-main/data/npy/Skater_A/Axel\Axel_7.npy,Skater_A,9.028661,0.27271762,0.83122665
Axel_7.npy,214,D:/work/讨论/FS-Jump3D-main/FS-Jump3D-main/data/npy/Skater_A/Axel\Axel_7.npy,Skater_A,8.928944,0.42533097,0.654293
Axel_7.npy,215,D:/work/讨论/FS-Jump3D-main/FS-Jump3D-main/data/npy/Skater_A/Axel\Axel_7.npy,Skater_A,8.867855,0.5955598,0.44818842
Axel_7.npy,216,D:/work/讨论/FS-Jump3D-main/FS-Jump3D-main/data/npy/Skater_A/Axel\Axel_7.npy,Skater_A,8.793176,0.77044255,0.24503028
Axel_7.npy,217,D:/work/讨论/FS-Jump3D-main/FS-Jump3D-main/data/npy/Skater_A/Axel\Axel_7.npy,Skater_A,8.673777,0.93659997,0.08525291
Axel_7.npy,218,D:/work/讨论/FS-Jump3D-main/FS-Jump3D-main/data/npy/Skater_A/Axel\Axel_7.npy,Skater_A,8.555205,1.1002666,-0.056139484
Axel_7.npy,219,D:/work/讨论/FS-Jump3D-main/FS-Jump3D-main/data/npy/Skater_A/Axel\Axel_7.npy,Skater_A,8.46003,1.2927073,-0.22125135
Axel_7.npy,220,D:/work/讨论/FS-Jump3D-main/FS-Jump3D-main/data/npy/Skater_A/Axel\Axel_7.npy,Skater_A,8.351129,1.5352999,-0.40417504
Axel_7.npy,221,D:/work/讨论/FS-Jump3D-main/FS-Jump3D-main/data/npy/Skater_A/Axel\Axel_7.npy,Skater_A,8.2168255,1.7852534,-0.56083477
Axel_7.npy,222,D:/work/讨论/FS-Jump3D-main/FS-Jump3D-main/data/npy/Skater_A/Axel\Axel_7.npy,Skater_A,8.081595,2.0390522,-0.7133179
Axel_7.npy,223,D:/work/讨论/FS-Jump3D-main/FS-Jump3D-main/data/npy/Skater_A/Axel\Axel_7.npy,Skater_A,7.94602,2.3024776,-0.86950487
Axel_7.npy,224,D:/work/讨论/FS-Jump3D-main/FS-Jump3D-main/data/npy/Skater_A/Axel\Axel_7.npy,Skater_A,7.7979054,2.553854,-1.0096716
Axel_7.npy,225,D:/work/讨论/FS-Jump3D-main/FS-Jump3D-main/data/npy/Skater_A/Axel\Axel_7.npy,Skater_A,7.650977,2.7724237,-1.1136127
Axel_7.npy,226,D:/work/讨论/FS-Jump3D-main/FS-Jump3D-main/data/npy/Skater_A/Axel\Axel_7.npy,Skater_A,7.5008616,2.9854841,-1.2093661
Axel_7.npy,227,D:/work/讨论/FS-Jump3D-main/FS-Jump3D-main/data/npy/Skater_A/Axel\Axel_7.npy,Skater_A,7.3445287,3.2002637,-1.3066229
Axel_7.npy,228,D:/work/讨论/FS-Jump3D-main/FS-Jump3D-main/data/npy/Skater_A/Axel\Axel_7.npy,Skater_A,7.179766,3.420751,-1.394929
Axel_7.npy,229,D:/work/讨论/FS-Jump3D-main/FS-Jump3D-main/data/npy/Skater_A/Axel\Axel_7.npy,Skater_A,6.9951215,3.658829,-1.4829154
Axel_7.npy,230,D:/work/讨论/FS-Jump3D-main/FS-Jump3D-main/data/npy/Skater_A/Axel\Axel_7.npy,Skater_A,6.787129,3.9077713,-1.5721747
Axel_7.npy,231,D:/work/讨论/FS-Jump3D-main/FS-Jump3D-main/data/npy/Skater_A/Axel\Axel_7.npy,Skater_A,6.5661516,4.156103,-1.6581142
Axel_7.npy,232,D:/work/讨论/FS-Jump3D-main/FS-Jump3D-main/data/npy/Skater_A/Axel\Axel_7.npy,Skater_A,6.341773,4.3966613,-1.7178662
Axel_7.npy,233,D:/work/讨论/FS-Jump3D-main/FS-Jump3D-main/data/npy/Skater_A/Axel\Axel_7.npy,Skater_A,6.108709,4.6494966,-1.7680041
Axel_7.npy,234,D:/work/讨论/FS-Jump3D-main/FS-Jump3D-main/data/npy/Skater_A/Axel\Axel_7.npy,Skater_A,5.870711,4.914336,-1.81939
Axel_7.npy,235,D:/work/讨论/FS-Jump3D-main/FS-Jump3D-main/data/npy/Skater_A/Axel\Axel_7.npy,Skater_A,5.64907,5.1563325,-1.8654985
Axel_7.npy,236,D:/work/讨论/FS-Jump3D-main/FS-Jump3D-main/data/npy/Skater_A/Axel\Axel_7.npy,Skater_A,5.4408526,5.374051,-1.8901366
Axel_7.npy,237,D:/work/讨论/FS-Jump3D-main/FS-Jump3D-main/data/npy/Skater_A/Axel\Axel_7.npy,Skater_A,5.215863,5.6142373,-1.9011514
Axel_7.npy,238,D:/work/讨论/FS-Jump3D-main/FS-Jump3D-main/data/npy/Skater_A/Axel\Axel_7.npy,Skater_A,4.9852414,5.8633633,-1.8917817
Axel_7.npy,239,D:/work/讨论/FS-Jump3D-main/FS-Jump3D-main/data/npy/Skater_A/Axel\Axel_7.npy,Skater_A,4.7476964,6.111949,-1.868407
Axel_7.npy,240,D:/work/讨论/FS-Jump3D-main/FS-Jump3D-main/data/npy/Skater_A/Axel\Axel_7.npy,Skater_A,4.5025983,6.3616395,-1.839358
Axel_7.npy,241,D:/work/讨论/FS-Jump3D-main/FS-Jump3D-main/data/npy/Skater_A/Axel\Axel_7.npy,Skater_A,4.2527213,6.6034937,-1.7922013
Axel_7.npy,242,D:/work/讨论/FS-Jump3D-main/FS-Jump3D-main/data/npy/Skater_A/Axel\Axel_7.npy,Skater_A,4.0007005,6.826279,-1.7301079
Axel_7.npy,243,D:/work/讨论/FS-Jump3D-main/FS-Jump3D-main/data/npy/Skater_A/Axel\Axel_7.npy,Skater_A,3.728758,7.0456405,-1.6577991
Axel_7.npy,244,D:/work/讨论/FS-Jump3D-main/FS-Jump3D-main/data/npy/Skater_A/Axel\Axel_7.npy,Skater_A,3.4414217,7.2529993,-1.5779777
Axel_7.npy,245,D:/work/讨论/FS-Jump3D-main/FS-Jump3D-main/data/npy/Skater_A/Axel\Axel_7.npy,Skater_A,3.1307254,7.448903,-1.4950993
Axel_7.npy,246,D:/work/讨论/FS-Jump3D-main/FS-Jump3D-main/data/npy/Skater_A/Axel\Axel_7.npy,Skater_A,2.8154948,7.619716,-1.4217795
Axel_7.npy,247,D:/work/讨论/FS-Jump3D-main/FS-Jump3D-main/data/npy/Skater_A/Axel\Axel_7.npy,Skater_A,2.5344453,7.7530003,-1.3679575
Axel_7.npy,248,D:/work/讨论/FS-Jump3D-main/FS-Jump3D-main/data/npy/Skater_A/Axel\Axel_7.npy,Skater_A,2.2813168,7.8642383,-1.3307214
Axel_7.npy,249,D:/work/讨论/FS-Jump3D-main/FS-Jump3D-main/data/npy/Skater_A/Axel\Axel_7.npy,Skater_A,2.006512,7.984045,-1.3034177
Axel_7.npy,250,D:/work/讨论/FS-Jump3D-main/FS-Jump3D-main/data/npy/Skater_A/Axel\Axel_7.npy,Skater_A,1.7423186,8.100332,-1.2878199
Axel_7.npy,251,D:/work/讨论/FS-Jump3D-main/FS-Jump3D-main/data/npy/Skater_A/Axel\Axel_7.npy,Skater_A,1.5010111,8.208692,-1.2822248
Axel_7.npy,252,D:/work/讨论/FS-Jump3D-main/FS-Jump3D-main/data/npy/Skater_A/Axel\Axel_7.npy,Skater_A,1.2166003,8.340923,-1.2903805
Axel_7.npy,253,D:/work/讨论/FS-Jump3D-main/FS-Jump3D-main/data/npy/Skater_A/Axel\Axel_7.npy,Skater_A,0.87897253,8.504055,-1.3141963
Axel_7.npy,254,D:/work/讨论/FS-Jump3D-main/FS-Jump3D-main/data/npy/Skater_A/Axel\Axel_7.npy,Skater_A,0.59049034,8.640977,-1.3388053
Axel_7.npy,255,D:/work/讨论/FS-Jump3D-main/FS-Jump3D-main/data/npy/Skater_A/Axel\Axel_7.npy,Skater_A,0.35515288,8.735317,-1.3602704
Axel_7.npy,256,D:/work/讨论/FS-Jump3D-main/FS-Jump3D-main/data/npy/Skater_A/Axel\Axel_7.npy,Skater_A,0.13966107,8.794668,-1.3828772
Axel_7.npy,257,D:/work/讨论/FS-Jump3D-main/FS-Jump3D-main/data/npy/Skater_A/Axel\Axel_7.npy,Skater_A,-0.024959719,8.824635,-1.4002972
Axel_7.npy,258,D:/work/讨论/FS-Jump3D-main/FS-Jump3D-main/data/npy/Skater_A/Axel\Axel_7.npy,Skater_A,-0.1606437,8.841972,-1.4205284
Axel_7.npy,259,D:/work/讨论/FS-Jump3D-main/FS-Jump3D-main/data/npy/Skater_A/Axel\Axel_7.npy,Skater_A,-0.2958059,8.845666,-1.4442399
Axel_7.npy,260,D:/work/讨论/FS-Jump3D-main/FS-Jump3D-main/data/npy/Skater_A/Axel\Axel_7.npy,Skater_A,-0.400647,8.834611,-1.466723
Axel_7.npy,261,D:/work/讨论/FS-Jump3D-main/FS-Jump3D-main/data/npy/Skater_A/Axel\Axel_7.npy,Skater_A,-0.4928781,8.822502,-1.4897541
Axel_7.npy,262,D:/work/讨论/FS-Jump3D-main/FS-Jump3D-main/data/npy/Skater_A/Axel\Axel_7.npy,Skater_A,-0.5944097,8.815014,-1.5265094
Axel_7.npy,263,D:/work/讨论/FS-Jump3D-main/FS-Jump3D-main/data/npy/Skater_A/Axel\Axel_7.npy,Skater_A,-0.6795379,8.805807,-1.5659705
Axel_7.npy,264,D:/work/讨论/FS-Jump3D-main/FS-Jump3D-main/data/npy/Skater_A/Axel\Axel_7.npy,Skater_A,-0.7663105,8.793117,-1.6077621
Axel_7.npy,265,D:/work/讨论/FS-Jump3D-main/FS-Jump3D-main/data/npy/Skater_A/Axel\Axel_7.npy,Skater_A,-0.88287103,8.776606,-1.6673683
Axel_7.npy,266,D:/work/讨论/FS-Jump3D-main/FS-Jump3D-main/data/npy/Skater_A/Axel\Axel_7.npy,Skater_A,-1.0106331,8.75358,-1.7389325
Axel_7.npy,267,D:/work/讨论/FS-Jump3D-main/FS-Jump3D-main/data/npy/Skater_A/Axel\Axel_7.npy,Skater_A,-1.1137503,8.73339,-1.799165
Axel_7.npy,268,D:/work/讨论/FS-Jump3D-main/FS-Jump3D-main/data/npy/Skater_A/Axel\Axel_7.npy,Skater_A,-1.2156217,8.715681,-1.8594278
Axel_7.npy,269,D:/work/讨论/FS-Jump3D-main/FS-Jump3D-main/data/npy/Skater_A/Axel\Axel_7.npy,Skater_A,-1.3498718,8.691862,-1.9469204
Axel_7.npy,270,D:/work/讨论/FS-Jump3D-main/FS-Jump3D-main/data/npy/Skater_A/Axel\Axel_7.npy,Skater_A,-1.4947603,8.664665,-2.0495868
Axel_7.npy,271,D:/work/讨论/FS-Jump3D-main/FS-Jump3D-main/data/npy/Skater_A/Axel\Axel_7.npy,Skater_A,-1.6136656,8.645798,-2.1484032
Axel_7.npy,272,D:/work/讨论/FS-Jump3D-main/FS-Jump3D-main/data/npy/Skater_A/Axel\Axel_7.npy,Skater_A,-1.7205273,8.632378,-2.2482784
Axel_7.npy,273,D:/work/讨论/FS-Jump3D-main/FS-Jump3D-main/data/npy/Skater_A/Axel\Axel_7.npy,Skater_A,-1.8404021,8.615245,-2.351588
Axel_7.npy,274,D:/work/讨论/FS-Jump3D-main/FS-Jump3D-main/data/npy/Skater_A/Axel\Axel_7.npy,Skater_A,-1.9498619,8.600009,-2.447008
Axel_7.npy,275,D:/work/讨论/FS-Jump3D-main/FS-Jump3D-main/data/npy/Skater_A/Axel\Axel_7.npy,Skater_A,-2.0378318,8.587219,-2.5418441
Axel_7.npy,276,D:/work/讨论/FS-Jump3D-main/FS-Jump3D-main/data/npy/Skater_A/Axel\Axel_7.npy,Skater_A,-2.1221178,8.578322,-2.6310215
Axel_7.npy,277,D:/work/讨论/FS-Jump3D-main/FS-Jump3D-main/data/npy/Skater_A/Axel\Axel_7.npy,Skater_A,-2.1898828,8.572092,-2.721948
Axel_7.npy,278,D:/work/讨论/FS-Jump3D-main/FS-Jump3D-main/data/npy/Skater_A/Axel\Axel_7.npy,Skater_A,-2.2519958,8.567186,-2.8151746
Axel_7.npy,279,D:/work/讨论/FS-Jump3D-main/FS-Jump3D-main/data/npy/Skater_A/Axel\Axel_7.npy,Skater_A,-2.3161242,8.559825,-2.9023428
Axel_7.npy,280,D:/work/讨论/FS-Jump3D-main/FS-Jump3D-main/data/npy/Skater_A/Axel\Axel_7.npy,Skater_A,-2.3747258,8.549876,-2.9684176
Axel_7.npy,281,D:/work/讨论/FS-Jump3D-main/FS-Jump3D-main/data/npy/Skater_A/Axel\Axel_7.npy,Skater_A,-2.4231586,8.5343485,-3.0494661
Axel_7.npy,282,D:/work/讨论/FS-Jump3D-main/FS-Jump3D-main/data/npy/Skater_A/Axel\Axel_7.npy,Skater_A,-2.4425051,8.517522,-3.137967
Axel_7.npy,283,D:/work/讨论/FS-Jump3D-main/FS-Jump3D-main/data/npy/Skater_A/Axel\Axel_7.npy,Skater_A,-2.446259,8.510833,-3.2113128
Axel_7.npy,284,D:/work/讨论/FS-Jump3D-main/FS-Jump3D-main/data/npy/Skater_A/Axel\Axel_7.npy,Skater_A,-2.459327,8.511031,-3.2890985
Axel_7.npy,285,D:/work/讨论/FS-Jump3D-main/FS-Jump3D-main/data/npy/Skater_A/Axel\Axel_7.npy,Skater_A,-2.4723334,8.50097,-3.375858
Axel_7.npy,286,D:/work/讨论/FS-Jump3D-main/FS-Jump3D-main/data/npy/Skater_A/Axel\Axel_7.npy,Skater_A,-2.470834,8.484299,-3.4510877
Axel_7.npy,287,D:/work/讨论/FS-Jump3D-main/FS-Jump3D-main/data/npy/Skater_A/Axel\Axel_7.npy,Skater_A,-2.4595556,8.460429,-3.540472
Axel_7.npy,288,D:/work/讨论/FS-Jump3D-main/FS-Jump3D-main/data/npy/Skater_A/Axel\Axel_7.npy,Skater_A,-2.4404733,8.422716,-3.655471
Axel_7.npy,289,D:/work/讨论/FS-Jump3D-main/FS-Jump3D-main/data/npy/Skater_A/Axel\Axel_7.npy,Skater_A,-2.440501,8.419305,-3.6733713
Axel_8.npy,0,D:/work/讨论/FS-Jump3D-main/FS-Jump3D-main/data/npy/Skater_A/Axel\Axel_8.npy,Skater_A,-0.320665,-5.6914997,-9.594554
Axel_8.npy,1,D:/work/讨论/FS-Jump3D-main/FS-Jump3D-main/data/npy/Skater_A/Axel\Axel_8.npy,Skater_A,-0.34342515,-5.6286216,-9.499124
Axel_8.npy,2,D:/work/讨论/FS-Jump3D-main/FS-Jump3D-main/data/npy/Skater_A/Axel\Axel_8.npy,Skater_A,-2.2475672,0.69128233,-13.98785
Axel_8.npy,3,D:/work/讨论/FS-Jump3D-main/FS-Jump3D-main/data/npy/Skater_A/Axel\Axel_8.npy,Skater_A,1.3649802,-5.808902,-11.098582
Axel_8.npy,4,D:/work/讨论/FS-Jump3D-main/FS-Jump3D-main/data/npy/Skater_A/Axel\Axel_8.npy,Skater_A,0.72288483,-6.212192,-10.4825535
Axel_8.npy,5,D:/work/讨论/FS-Jump3D-main/FS-Jump3D-main/data/npy/Skater_A/Axel\Axel_8.npy,Skater_A,0.3326685,-6.165297,-10.156454
Axel_8.npy,6,D:/work/讨论/FS-Jump3D-main/FS-Jump3D-main/data/npy/Skater_A/Axel\Axel_8.npy,Skater_A,0.27601078,-6.0660644,-10.299639
Axel_8.npy,7,D:/work/讨论/FS-Jump3D-main/FS-Jump3D-main/data/npy/Skater_A/Axel\Axel_8.npy,Skater_A,0.017737133,-5.9890556,-10.0092945
Axel_8.npy,8,D:/work/讨论/FS-Jump3D-main/FS-Jump3D-main/data/npy/Skater_A/Axel\Axel_8.npy,Skater_A,-0.06720123,-5.9426374,-9.929745
Axel_8.npy,9,D:/work/讨论/FS-Jump3D-main/FS-Jump3D-main/data/npy/Skater_A/Axel\Axel_8.npy,Skater_A,0.7925142,-5.854066,-12.460527
Axel_8.npy,10,D:/work/讨论/FS-Jump3D-main/FS-Jump3D-main/data/npy/Skater_A/Axel\Axel_8.npy,Skater_A,-2.571542,0.41091233,-13.956585
Axel_8.npy,11,D:/work/讨论/FS-Jump3D-main/FS-Jump3D-main/data/npy/Skater_A/Axel\Axel_8.npy,Skater_A,-2.5137112,0.45801756,-13.964032
Axel_8.npy,12,D:/work/讨论/FS-Jump3D-main/FS-Jump3D-main/data/npy/Skater_A/Axel\Axel_8.npy,Skater_A,1.4972063,-5.7018948,-11.216827
Axel_8.npy,13,D:/work/讨论/FS-Jump3D-main/FS-Jump3D-main/data/npy/Skater_A/Axel\Axel_8.npy,Skater_A,0.906808,-6.186736,-10.728057
Axel_8.npy,14,D:/work/讨论/FS-Jump3D-main/FS-Jump3D-main/data/npy/Skater_A/Axel\Axel_8.npy,Skater_A,-1.1513466,-6.166098,-10.146076
Axel_8.npy,15,D:/work/讨论/FS-Jump3D-main/FS-Jump3D-main/data/npy/Skater_A/Axel\Axel_8.npy,Skater_A,-2.159628,-6.155189,-11.008069
Axel_8.npy,16,D:/work/讨论/FS-Jump3D-main/FS-Jump3D-main/data/npy/Skater_A/Axel\Axel_8.npy,Skater_A,-4.6161633,-2.3007717,-11.583081
Axel_8.npy,17,D:/work/讨论/FS-Jump3D-main/FS-Jump3D-main/data/npy/Skater_A/Axel\Axel_8.npy,Skater_A,-1.7184088,-6.2409053,-10.116063
Axel_8.npy,18,D:/work/讨论/FS-Jump3D-main/FS-Jump3D-main/data/npy/Skater_A/Axel\Axel_8.npy,Skater_A,-1.71729,-6.284081,-10.030156
Axel_8.npy,19,D:/work/讨论/FS-Jump3D-main/FS-Jump3D-main/data/npy/Skater_A/Axel\Axel_8.npy,Skater_A,1.029301,-6.7155905,-10.488947
Axel_8.npy,20,D:/work/讨论/FS-Jump3D-main/FS-Jump3D-main/data/npy/Skater_A/Axel\Axel_8.npy,Skater_A,0.91971594,-6.839327,-10.289343
Axel_8.npy,21,D:/work/讨论/FS-Jump3D-main/FS-Jump3D-main/data/npy/Skater_A/Axel\Axel_8.npy,Skater_A,0.9141817,-6.8551598,-10.274496
Axel_8.npy,22,D:/work/讨论/FS-Jump3D-main/FS-Jump3D-main/data/npy/Skater_A/Axel\Axel_8.npy,Skater_A,0.9646342,-6.8891296,-10.299812
Axel_8.npy,23,D:/work/讨论/FS-Jump3D-main/FS-Jump3D-main/data/npy/Skater_A/Axel\Axel_8.npy,Skater_A,1.0276244,-6.868483,-10.378336
Axel_8.npy,24,D:/work/讨论/FS-Jump3D-main/FS-Jump3D-main/data/npy/Skater_A/Axel\Axel_8.npy,Skater_A,-7.0093966,-5.489855,-6.1600227
Axel_8.npy,25,D:/work/讨论/FS-Jump3D-main/FS-Jump3D-main/data/npy/Skater_A/Axel\Axel_8.npy,Skater_A,-7.1218176,-5.617141,-5.9800973
Axel_8.npy,26,D:/work/讨论/FS-Jump3D-main/FS-Jump3D-main/data/npy/Skater_A/Axel\Axel_8.npy,Skater_A,-7.1199822,-5.648415,-5.9501905
Axel_8.npy,27,D:/work/讨论/FS-Jump3D-main/FS-Jump3D-main/data/npy/Skater_A/Axel\Axel_8.npy,Skater_A,-7.12111,-5.706534,-5.8979506
Axel_8.npy,28,D:/work/讨论/FS-Jump3D-main/FS-Jump3D-main/data/npy/Skater_A/Axel\Axel_8.npy,Skater_A,-7.3925743,-8.253731,-3.3897831
Axel_8.npy,29,D:/work/讨论/FS-Jump3D-main/FS-Jump3D-main/data/npy/Skater_A/Axel\Axel_8.npy,Skater_A,-7.4346066,-8.355525,-3.2496474
Axel_8.npy,30,D:/work/讨论/FS-Jump3D-main/FS-Jump3D-main/data/npy/Skater_A/Axel\Axel_8.npy,Skater_A,-7.5125074,-8.33169,-3.1716473
Axel_8.npy,31,D:/work/讨论/FS-Jump3D-main/FS-Jump3D-main/data/npy/Skater_A/Axel\Axel_8.npy,Skater_A,-7.4151807,-8.367258,-3.235083
Axel_8.npy,32,D:/work/讨论/FS-Jump3D-main/FS-Jump3D-main/data/npy/Skater_A/Axel\Axel_8.npy,Skater_A,-7.3916163,-8.367246,-3.2575285
Axel_8.npy,33,D:/work/讨论/FS-Jump3D-main/FS-Jump3D-main/data/npy/Skater_A/Axel\Axel_8.npy,Skater_A,-7.386065,-8.382422,-3.242606
Axel_8.npy,34,D:/work/讨论/FS-Jump3D-main/FS-Jump3D-main/data/npy/Skater_A/Axel\Axel_8.npy,Skater_A,-7.3306146,-8.41717,-3.2278605
Axel_8.npy,35,D:/work/讨论/FS-Jump3D-main/FS-Jump3D-main/data/npy/Skater_A/Axel\Axel_8.npy,Skater_A,-4.9535847,-9.246659,-3.124022
Axel_8.npy,36,D:/work/讨论/FS-Jump3D-main/FS-Jump3D-main/data/npy/Skater_A/Axel\Axel_8.npy,Skater_A,-4.583975,-9.439927,-3.182424
Axel_8.npy,37,D:/work/讨论/FS-Jump3D-main/FS-Jump3D-main/data/npy/Skater_A/Axel\Axel_8.npy,Skater_A,-3.5904589,-9.959627,-3.1566257
Axel_8.npy,38,D:/work/讨论/FS-Jump3D-main/FS-Jump3D-main/data/npy/Skater_A/Axel\Axel_8.npy,Skater_A,-3.66673,-10.315342,-3.1804874
Axel_8.npy,39,D:/work/讨论/FS-Jump3D-main/FS-Jump3D-main/data/npy/Skater_A/Axel\Axel_8.npy,Skater_A,-1.5631783,-12.254401,-4.509161
Axel_8.npy,40,D:/work/讨论/FS-Jump3D-main/FS-Jump3D-main/data/npy/Skater_A/Axel\Axel_8.npy,Skater_A,-1.2629795,-12.607988,-4.1345816
Axel_8.npy,41,D:/work/讨论/FS-Jump3D-main/FS-Jump3D-main/data/npy/Skater_A/Axel\Axel_8.npy,Skater_A,-1.1371132,-12.818785,-3.8536677
Axel_8.npy,42,D:/work/讨论/FS-Jump3D-main/FS-Jump3D-main/data/npy/Skater_A/Axel\Axel_8.npy,Skater_A,-1.1490309,-12.825148,-3.8183863
Axel_8.npy,43,D:/work/讨论/FS-Jump3D-main/FS-Jump3D-main/data/npy/Skater_A/Axel\Axel_8.npy,Skater_A,-1.2575368,-12.947606,-2.997983
Axel_8.npy,44,D:/work/讨论/FS-Jump3D-main/FS-Jump3D-main/data/npy/Skater_A/Axel\Axel_8.npy,Skater_A,-1.6640258,-12.965779,-2.070582
Axel_8.npy,45,D:/work/讨论/FS-Jump3D-main/FS-Jump3D-main/data/npy/Skater_A/Axel\Axel_8.npy,Skater_A,-1.7261207,-12.920644,-1.7994486
Axel_8.npy,46,D:/work/讨论/FS-Jump3D-main/FS-Jump3D-main/data/npy/Skater_A/Axel\Axel_8.npy,Skater_A,-1.768022,-13.122964,-1.4870588
Axel_8.npy,47,D:/work/讨论/FS-Jump3D-main/FS-Jump3D-main/data/npy/Skater_A/Axel\Axel_8.npy,Skater_A,-1.9003508,-13.368415,-1.211519
Axel_8.npy,48,D:/work/讨论/FS-Jump3D-main/FS-Jump3D-main/data/npy/Skater_A/Axel\Axel_8.npy,Skater_A,-2.0740147,-13.575905,-0.8617948
Axel_8.npy,49,D:/work/讨论/FS-Jump3D-main/FS-Jump3D-main/data/npy/Skater_A/Axel\Axel_8.npy,Skater_A,-2.282857,-13.80995,-0.47772044
Axel_8.npy,50,D:/work/讨论/FS-Jump3D-main/FS-Jump3D-main/data/npy/Skater_A/Axel\Axel_8.npy,Skater_A,-2.6061554,-14.106358,-0.05090826
Axel_8.npy,51,D:/work/讨论/FS-Jump3D-main/FS-Jump3D-main/data/npy/Skater_A/Axel\Axel_8.npy,Skater_A,-2.9111035,-14.312991,0.42734626
Axel_8.npy,52,D:/work/讨论/FS-Jump3D-main/FS-Jump3D-main/data/npy/Skater_A/Axel\Axel_8.npy,Skater_A,-3.1908963,-14.446935,0.92751527
Axel_8.npy,53,D:/work/讨论/FS-Jump3D-main/FS-Jump3D-main/data/npy/Skater_A/Axel\Axel_8.npy,Skater_A,-3.7310722,-14.711628,1.4638561
Axel_8.npy,54,D:/work/讨论/FS-Jump3D-main/FS-Jump3D-main/data/npy/Skater_A/Axel\Axel_8.npy,Skater_A,-4.687064,-15.185569,2.0965571
Axel_8.npy,55,D:/work/讨论/FS-Jump3D-main/FS-Jump3D-main/data/npy/Skater_A/Axel\Axel_8.npy,Skater_A,-5.130252,-15.1255,2.7295055
Axel_8.npy,56,D:/work/讨论/FS-Jump3D-main/FS-Jump3D-main/data/npy/Skater_A/Axel\Axel_8.npy,Skater_A,-5.3630795,-14.685715,3.5676017
Axel_8.npy,57,D:/work/讨论/FS-Jump3D-main/FS-Jump3D-main/data/npy/Skater_A/Axel\Axel_8.npy,Skater_A,-5.882097,-14.466091,4.1295986
Axel_8.npy,58,D:/work/讨论/FS-Jump3D-main/FS-Jump3D-main/data/npy/Skater_A/Axel\Axel_8.npy,Skater_A,-6.51838,-14.204493,4.6577325
Axel_8.npy,59,D:/work/讨论/FS-Jump3D-main/FS-Jump3D-main/data/npy/Skater_A/Axel\Axel_8.npy,Skater_A,-6.969029,-13.648414,5.3913426
Axel_8.npy,60,D:/work/讨论/FS-Jump3D-main/FS-Jump3D-main/data/npy/Skater_A/Axel\Axel_8.npy,Skater_A,-7.383679,-13.0301895,6.0467477
Axel_8.npy,61,D:/work/讨论/FS-Jump3D-main/FS-Jump3D-main/data/npy/Skater_A/Axel\Axel_8.npy,Skater_A,-7.73596,-12.3363085,6.6056676
Axel_8.npy,62,D:/work/讨论/FS-Jump3D-main/FS-Jump3D-main/data/npy/Skater_A/Axel\Axel_8.npy,Skater_A,-8.067341,-11.53671,7.1519685
Axel_8.npy,63,D:/work/讨论/FS-Jump3D-main/FS-Jump3D-main/data/npy/Skater_A/Axel\Axel_8.npy,Skater_A,-8.449024,-10.884998,7.49799
Axel_8.npy,64,D:/work/讨论/FS-Jump3D-main/FS-Jump3D-main/data/npy/Skater_A/Axel\Axel_8.npy,Skater_A,-8.981167,-10.275807,7.6873894
Axel_8.npy,65,D:/work/讨论/FS-Jump3D-main/FS-Jump3D-main/data/npy/Skater_A/Axel\Axel_8.npy,Skater_A,-9.495529,-9.601722,7.8643603
Axel_8.npy,66,D:/work/讨论/FS-Jump3D-main/FS-Jump3D-main/data/npy/Skater_A/Axel\Axel_8.npy,Skater_A,-9.83177,-8.82137,8.121108
Axel_8.npy,67,D:/work/讨论/FS-Jump3D-main/FS-Jump3D-main/data/npy/Skater_A/Axel\Axel_8.npy,Skater_A,-10.117204,-8.005288,8.376856
Axel_8.npy,68,D:/work/讨论/FS-Jump3D-main/FS-Jump3D-main/data/npy/Skater_A/Axel\Axel_8.npy,Skater_A,-10.498145,-7.321582,8.552918
Axel_8.npy,69,D:/work/讨论/FS-Jump3D-main/FS-Jump3D-main/data/npy/Skater_A/Axel\Axel_8.npy,Skater_A,-10.902694,-6.798523,8.641333
Axel_8.npy,70,D:/work/讨论/FS-Jump3D-main/FS-Jump3D-main/data/npy/Skater_A/Axel\Axel_8.npy,Skater_A,-11.122725,-6.2574463,8.677187
Axel_8.npy,71,D:/work/讨论/FS-Jump3D-main/FS-Jump3D-main/data/npy/Skater_A/Axel\Axel_8.npy,Skater_A,-11.268625,-5.6726885,8.656112
Axel_8.npy,72,D:/work/讨论/FS-Jump3D-main/FS-Jump3D-main/data/npy/Skater_A/Axel\Axel_8.npy,Skater_A,-11.41028,-4.996741,8.540529
Axel_8.npy,73,D:/work/讨论/FS-Jump3D-main/FS-Jump3D-main/data/npy/Skater_A/Axel\Axel_8.npy,Skater_A,-11.445035,-4.2326746,8.34302
Axel_8.npy,74,D:/work/讨论/FS-Jump3D-main/FS-Jump3D-main/data/npy/Skater_A/Axel\Axel_8.npy,Skater_A,-11.544152,-3.5832703,8.047049
Axel_8.npy,75,D:/work/讨论/FS-Jump3D-main/FS-Jump3D-main/data/npy/Skater_A/Axel\Axel_8.npy,Skater_A,-11.835457,-3.0203266,7.6360745
Axel_8.npy,76,D:/work/讨论/FS-Jump3D-main/FS-Jump3D-main/data/npy/Skater_A/Axel\Axel_8.npy,Skater_A,-12.068549,-2.3432815,7.145792
Axel_8.npy,77,D:/work/讨论/FS-Jump3D-main/FS-Jump3D-main/data/npy/Skater_A/Axel\Axel_8.npy,Skater_A,-12.097203,-1.5593326,6.5912604
Axel_8.npy,78,D:/work/讨论/FS-Jump3D-main/FS-Jump3D-main/data/npy/Skater_A/Axel\Axel_8.npy,Skater_A,-12.2451105,-0.8569225,5.8908763
Axel_8.npy,79,D:/work/讨论/FS-Jump3D-main/FS-Jump3D-main/data/npy/Skater_A/Axel\Axel_8.npy,Skater_A,-12.582863,-0.27802977,5.1188293
Axel_8.npy,80,D:/work/讨论/FS-Jump3D-main/FS-Jump3D-main/data/npy/Skater_A/Axel\Axel_8.npy,Skater_A,-12.86972,0.25442585,4.2907476
Axel_8.npy,81,D:/work/讨论/FS-Jump3D-main/FS-Jump3D-main/data/npy/Skater_A/Axel\Axel_8.npy,Skater_A,-13.103553,0.7208232,3.4434443
Axel_8.npy,82,D:/work/讨论/FS-Jump3D-main/FS-Jump3D-main/data/npy/Skater_A/Axel\Axel_8.npy,Skater_A,-13.389153,1.123178,2.5959013
Axel_8.npy,83,D:/work/讨论/FS-Jump3D-main/FS-Jump3D-main/data/npy/Skater_A/Axel\Axel_8.npy,Skater_A,-13.685753,1.595191,1.7367843
Axel_8.npy,84,D:/work/讨论/FS-Jump3D-main/FS-Jump3D-main/data/npy/Skater_A/Axel\Axel_8.npy,Skater_A,-13.919206,2.1154382,0.91637355
Axel_8.npy,85,D:/work/讨论/FS-Jump3D-main/FS-Jump3D-main/data/npy/Skater_A/Axel\Axel_8.npy,Skater_A,-14.530911,2.683994,-0.11921505
Axel_8.npy,86,D:/work/讨论/FS-Jump3D-main/FS-Jump3D-main/data/npy/Skater_A/Axel\Axel_8.npy,Skater_A,-14.072487,3.211813,-0.3913197
Axel_8.npy,87,D:/work/讨论/FS-Jump3D-main/FS-Jump3D-main/data/npy/Skater_A/Axel\Axel_8.npy,Skater_A,-14.593225,3.8058362,-1.05284
Axel_8.npy,88,D:/work/讨论/FS-Jump3D-main/FS-Jump3D-main/data/npy/Skater_A/Axel\Axel_8.npy,Skater_A,-14.416074,4.640578,-1.3012508
Axel_8.npy,89,D:/work/讨论/FS-Jump3D-main/FS-Jump3D-main/data/npy/Skater_A/Axel\Axel_8.npy,Skater_A,-14.756339,4.946867,-2.1066015
Axel_8.npy,90,D:/work/讨论/FS-Jump3D-main/FS-Jump3D-main/data/npy/Skater_A/Axel\Axel_8.npy,Skater_A,-14.381197,6.06515,-1.538852
Axel_8.npy,91,D:/work/讨论/FS-Jump3D-main/FS-Jump3D-main/data/npy/Skater_A/Axel\Axel_8.npy,Skater_A,-14.33141,7.545174,-2.1366389
Axel_8.npy,92,D:/work/讨论/FS-Jump3D-main/FS-Jump3D-main/data/npy/Skater_A/Axel\Axel_8.npy,Skater_A,-14.154164,8.562553,-2.036899
Axel_8.npy,93,D:/work/讨论/FS-Jump3D-main/FS-Jump3D-main/data/npy/Skater_A/Axel\Axel_8.npy,Skater_A,-13.821564,9.568068,-1.7884368
Axel_8.npy,94,D:/work/讨论/FS-Jump3D-main/FS-Jump3D-main/data/npy/Skater_A/Axel\Axel_8.npy,Skater_A,-13.304245,10.52469,-1.3421594
Axel_8.npy,95,D:/work/讨论/FS-Jump3D-main/FS-Jump3D-main/data/npy/Skater_A/Axel\Axel_8.npy,Skater_A,-12.748519,11.324697,-0.70948124
Axel_8.npy,96,D:/work/讨论/FS-Jump3D-main/FS-Jump3D-main/data/npy/Skater_A/Axel\Axel_8.npy,Skater_A,-12.135063,11.899422,0.035403643
Axel_8.npy,97,D:/work/讨论/FS-Jump3D-main/FS-Jump3D-main/data/npy/Skater_A/Axel\Axel_8.npy,Skater_A,-11.41964,12.235284,0.88635796
Axel_8.npy,98,D:/work/讨论/FS-Jump3D-main/FS-Jump3D-main/data/npy/Skater_A/Axel\Axel_8.npy,Skater_A,-10.697215,12.374753,1.6621636
Axel_8.npy,99,D:/work/讨论/FS-Jump3D-main/FS-Jump3D-main/data/npy/Skater_A/Axel\Axel_8.npy,Skater_A,-10.12659,12.310088,2.3362422
Axel_8.npy,100,D:/work/讨论/FS-Jump3D-main/FS-Jump3D-main/data/npy/Skater_A/Axel\Axel_8.npy,Skater_A,-9.580214,12.080022,3.0423696
Axel_8.npy,101,D:/work/讨论/FS-Jump3D-main/FS-Jump3D-main/data/npy/Skater_A/Axel\Axel_8.npy,Skater_A,-8.94354,11.753868,3.791491
Axel_8.npy,102,D:/work/讨论/FS-Jump3D-main/FS-Jump3D-main/data/npy/Skater_A/Axel\Axel_8.npy,Skater_A,-8.273131,11.275433,4.5457954
Axel_8.npy,103,D:/work/讨论/FS-Jump3D-main/FS-Jump3D-main/data/npy/Skater_A/Axel\Axel_8.npy,Skater_A,-7.697239,10.746087,5.1716547
Axel_8.npy,104,D:/work/讨论/FS-Jump3D-main/FS-Jump3D-main/data/npy/Skater_A/Axel\Axel_8.npy,Skater_A,-7.0791135,10.196154,5.804834
Axel_8.npy,105,D:/work/讨论/FS-Jump3D-main/FS-Jump3D-main/data/npy/Skater_A/Axel\Axel_8.npy,Skater_A,-6.453064,9.65989,6.441839
Axel_8.npy,106,D:/work/讨论/FS-Jump3D-main/FS-Jump3D-main/data/npy/Skater_A/Axel\Axel_8.npy,Skater_A,-5.8353953,9.167699,6.9872675
Axel_8.npy,107,D:/work/讨论/FS-Jump3D-main/FS-Jump3D-main/data/npy/Skater_A/Axel\Axel_8.npy,Skater_A,-5.0893197,8.660669,7.6235986
Axel_8.npy,108,D:/work/讨论/FS-Jump3D-main/FS-Jump3D-main/data/npy/Skater_A/Axel\Axel_8.npy,Skater_A,-4.095179,8.208253,8.416587
Axel_8.npy,109,D:/work/讨论/FS-Jump3D-main/FS-Jump3D-main/data/npy/Skater_A/Axel\Axel_8.npy,Skater_A,-3.0349588,8.1803465,9.064651
Axel_8.npy,110,D:/work/讨论/FS-Jump3D-main/FS-Jump3D-main/data/npy/Skater_A/Axel\Axel_8.npy,Skater_A,-1.7145205,8.229088,9.640044
Axel_8.npy,111,D:/work/讨论/FS-Jump3D-main/FS-Jump3D-main/data/npy/Skater_A/Axel\Axel_8.npy,Skater_A,-0.013124254,7.9384837,10.15602
Axel_8.npy,112,D:/work/讨论/FS-Jump3D-main/FS-Jump3D-main/data/npy/Skater_A/Axel\Axel_8.npy,Skater_A,1.1327751,7.16121,10.410292
Axel_8.npy,113,D:/work/讨论/FS-Jump3D-main/FS-Jump3D-main/data/npy/Skater_A/Axel\Axel_8.npy,Skater_A,1.7039207,6.1760135,10.497587
Axel_8.npy,114,D:/work/讨论/FS-Jump3D-main/FS-Jump3D-main/data/npy/Skater_A/Axel\Axel_8.npy,Skater_A,1.9113358,4.8630185,10.578733
Axel_8.npy,115,D:/work/讨论/FS-Jump3D-main/FS-Jump3D-main/data/npy/Skater_A/Axel\Axel_8.npy,Skater_A,1.4710686,3.3712504,10.5954895
Axel_8.npy,116,D:/work/讨论/FS-Jump3D-main/FS-Jump3D-main/data/npy/Skater_A/Axel\Axel_8.npy,Skater_A,0.51747626,2.4239907,10.568602
Axel_8.npy,117,D:/work/讨论/FS-Jump3D-main/FS-Jump3D-main/data/npy/Skater_A/Axel\Axel_8.npy,Skater_A,-0.7617022,2.0851355,10.688991
Axel_8.npy,118,D:/work/讨论/FS-Jump3D-main/FS-Jump3D-main/data/npy/Skater_A/Axel\Axel_8.npy,Skater_A,-2.097222,2.2437906,10.819004
Axel_8.npy,119,D:/work/讨论/FS-Jump3D-main/FS-Jump3D-main/data/npy/Skater_A/Axel\Axel_8.npy,Skater_A,-3.0362527,2.7540994,10.749688
Axel_8.npy,120,D:/work/讨论/FS-Jump3D-main/FS-Jump3D-main/data/npy/Skater_A/Axel\Axel_8.npy,Skater_A,-3.7009976,3.4908895,10.549936
Axel_8.npy,121,D:/work/讨论/FS-Jump3D-main/FS-Jump3D-main/data/npy/Skater_A/Axel\Axel_8.npy,Skater_A,-4.152443,4.363856,10.1488285
Axel_8.npy,122,D:/work/讨论/FS-Jump3D-main/FS-Jump3D-main/data/npy/Skater_A/Axel\Axel_8.npy,Skater_A,-4.201568,5.5062165,9.79458
Axel_8.npy,123,D:/work/讨论/FS-Jump3D-main/FS-Jump3D-main/data/npy/Skater_A/Axel\Axel_8.npy,Skater_A,-3.7263527,6.684074,9.900108
Axel_8.npy,124,D:/work/讨论/FS-Jump3D-main/FS-Jump3D-main/data/npy/Skater_A/Axel\Axel_8.npy,Skater_A,-2.6943371,7.939174,10.617217
Axel_8.npy,125,D:/work/讨论/FS-Jump3D-main/FS-Jump3D-main/data/npy/Skater_A/Axel\Axel_8.npy,Skater_A,-1.2345399,8.337118,10.9673395
Axel_8.npy,126,D:/work/讨论/FS-Jump3D-main/FS-Jump3D-main/data/npy/Skater_A/Axel\Axel_8.npy,Skater_A,0.38604045,7.8919263,11.426381
Axel_8.npy,127,D:/work/讨论/FS-Jump3D-main/FS-Jump3D-main/data/npy/Skater_A/Axel\Axel_8.npy,Skater_A,1.1120809,7.027056,11.709804
Axel_8.npy,128,D:/work/讨论/FS-Jump3D-main/FS-Jump3D-main/data/npy/Skater_A/Axel\Axel_8.npy,Skater_A,1.6648992,5.7258773,12.026639
Axel_8.npy,129,D:/work/讨论/FS-Jump3D-main/FS-Jump3D-main/data/npy/Skater_A/Axel\Axel_8.npy,Skater_A,1.6254418,3.8786008,12.201488
Axel_8.npy,130,D:/work/讨论/FS-Jump3D-main/FS-Jump3D-main/data/npy/Skater_A/Axel\Axel_8.npy,Skater_A,1.0754622,2.808282,12.351089
Axel_8.npy,131,D:/work/讨论/FS-Jump3D-main/FS-Jump3D-main/data/npy/Skater_A/Axel\Axel_8.npy,Skater_A,0.30098242,2.0792546,12.395448
Axel_8.npy,132,D:/work/讨论/FS-Jump3D-main/FS-Jump3D-main/data/npy/Skater_A/Axel\Axel_8.npy,Skater_A,-1.1981708,1.4819055,12.740324
Axel_8.npy,133,D:/work/讨论/FS-Jump3D-main/FS-Jump3D-main/data/npy/Skater_A/Axel\Axel_8.npy,Skater_A,-1.8893343,1.4375365,12.715839
Axel_8.npy,134,D:/work/讨论/FS-Jump3D-main/FS-Jump3D-main/data/npy/Skater_A/Axel\Axel_8.npy,Skater_A,-1.5158242,-0.17284113,13.740432
Axel_8.npy,135,D:/work/讨论/FS-Jump3D-main/FS-Jump3D-main/data/npy/Skater_A/Axel\Axel_8.npy,Skater_A,-2.015956,-0.6491451,14.236318
Axel_8.npy,136,D:/work/讨论/FS-Jump3D-main/FS-Jump3D-main/data/npy/Skater_A/Axel\Axel_8.npy,Skater_A,-2.0460913,-1.5975418,14.846148
Axel_8.npy,137,D:/work/讨论/FS-Jump3D-main/FS-Jump3D-main/data/npy/Skater_A/Axel\Axel_8.npy,Skater_A,-1.8176068,-2.2264001,15.384162
Axel_8.npy,138,D:/work/讨论/FS-Jump3D-main/FS-Jump3D-main/data/npy/Skater_A/Axel\Axel_8.npy,Skater_A,-1.5302036,-2.7509158,15.690125
Axel_8.npy,139,D:/work/讨论/FS-Jump3D-main/FS-Jump3D-main/data/npy/Skater_A/Axel\Axel_8.npy,Skater_A,-1.1294922,-3.5220788,15.755006
Axel_8.npy,140,D:/work/讨论/FS-Jump3D-main/FS-Jump3D-main/data/npy/Skater_A/Axel\Axel_8.npy,Skater_A,-0.7259914,-4.2368956,15.653781
Axel_8.npy,141,D:/work/讨论/FS-Jump3D-main/FS-Jump3D-main/data/npy/Skater_A/Axel\Axel_8.npy,Skater_A,-0.28122744,-4.9265876,15.40589
Axel_8.npy,142,D:/work/讨论/FS-Jump3D-main/FS-Jump3D-main/data/npy/Skater_A/Axel\Axel_8.npy,Skater_A,0.092624076,-5.4602036,15.143801
Axel_8.npy,143,D:/work/讨论/FS-Jump3D-main/FS-Jump3D-main/data/npy/Skater_A/Axel\Axel_8.npy,Skater_A,0.4467493,-5.932013,14.864329
Axel_8.npy,144,D:/work/讨论/FS-Jump3D-main/FS-Jump3D-main/data/npy/Skater_A/Axel\Axel_8.npy,Skater_A,0.8050246,-6.3869863,14.520659
Axel_8.npy,145,D:/work/讨论/FS-Jump3D-main/FS-Jump3D-main/data/npy/Skater_A/Axel\Axel_8.npy,Skater_A,1.1933978,-6.8667855,14.084686
Axel_8.npy,146,D:/work/讨论/FS-Jump3D-main/FS-Jump3D-main/data/npy/Skater_A/Axel\Axel_8.npy,Skater_A,1.5100096,-7.202606,13.749599
Axel_8.npy,147,D:/work/讨论/FS-Jump3D-main/FS-Jump3D-main/data/npy/Skater_A/Axel\Axel_8.npy,Skater_A,1.7372452,-7.4035845,13.519947
Axel_8.npy,148,D:/work/讨论/FS-Jump3D-main/FS-Jump3D-main/data/npy/Skater_A/Axel\Axel_8.npy,Skater_A,2.0034442,-7.6451936,13.19676
Axel_8.npy,149,D:/work/讨论/FS-Jump3D-main/FS-Jump3D-main/data/npy/Skater_A/Axel\Axel_8.npy,Skater_A,3.2237034,-8.719958,11.304867
Axel_8.npy,150,D:/work/讨论/FS-Jump3D-main/FS-Jump3D-main/data/npy/Skater_A/Axel\Axel_8.npy,Skater_A,3.5283537,-8.943218,10.843461
Axel_8.npy,151,D:/work/讨论/FS-Jump3D-main/FS-Jump3D-main/data/npy/Skater_A/Axel\Axel_8.npy,Skater_A,3.7277925,-9.056879,10.5554495
Axel_8.npy,152,D:/work/讨论/FS-Jump3D-main/FS-Jump3D-main/data/npy/Skater_A/Axel\Axel_8.npy,Skater_A,3.9294114,-9.151538,10.276532
Axel_8.npy,153,D:/work/讨论/FS-Jump3D-main/FS-Jump3D-main/data/npy/Skater_A/Axel\Axel_8.npy,Skater_A,4.148529,-9.232433,9.990074
Axel_8.npy,154,D:/work/讨论/FS-Jump3D-main/FS-Jump3D-main/data/npy/Skater_A/Axel\Axel_8.npy,Skater_A,4.379383,-9.289662,9.709882
Axel_8.npy,155,D:/work/讨论/FS-Jump3D-main/FS-Jump3D-main/data/npy/Skater_A/Axel\Axel_8.npy,Skater_A,4.61794,-9.3256235,9.439581
Axel_8.npy,156,D:/work/讨论/FS-Jump3D-main/FS-Jump3D-main/data/npy/Skater_A/Axel\Axel_8.npy,Skater_A,4.875986,-9.348547,9.162759
Axel_8.npy,157,D:/work/讨论/FS-Jump3D-main/FS-Jump3D-main/data/npy/Skater_A/Axel\Axel_8.npy,Skater_A,5.1721425,-9.35729,8.865173
Axel_8.npy,158,D:/work/讨论/FS-Jump3D-main/FS-Jump3D-main/data/npy/Skater_A/Axel\Axel_8.npy,Skater_A,5.51707,-9.3453045,8.550584
Axel_8.npy,159,D:/work/讨论/FS-Jump3D-main/FS-Jump3D-main/data/npy/Skater_A/Axel\Axel_8.npy,Skater_A,5.85926,-9.314894,8.27238
Axel_8.npy,160,D:/work/讨论/FS-Jump3D-main/FS-Jump3D-main/data/npy/Skater_A/Axel\Axel_8.npy,Skater_A,6.159743,-9.277888,8.041459
Axel_8.npy,161,D:/work/讨论/FS-Jump3D-main/FS-Jump3D-main/data/npy/Skater_A/Axel\Axel_8.npy,Skater_A,6.4293823,-9.235396,7.8374877
Axel_8.npy,162,D:/work/讨论/FS-Jump3D-main/FS-Jump3D-main/data/npy/Skater_A/Axel\Axel_8.npy,Skater_A,6.6779084,-9.188344,7.665437
Axel_8.npy,163,D:/work/讨论/FS-Jump3D-main/FS-Jump3D-main/data/npy/Skater_A/Axel\Axel_8.npy,Skater_A,6.8923936,-9.142705,7.5387235
Axel_8.npy,164,D:/work/讨论/FS-Jump3D-main/FS-Jump3D-main/data/npy/Skater_A/Axel\Axel_8.npy,Skater_A,7.089962,-9.098575,7.439756
Axel_8.npy,165,D:/work/讨论/FS-Jump3D-main/FS-Jump3D-main/data/npy/Skater_A/Axel\Axel_8.npy,Skater_A,7.3357615,-9.041085,7.339746
Axel_8.npy,166,D:/work/讨论/FS-Jump3D-main/FS-Jump3D-main/data/npy/Skater_A/Axel\Axel_8.npy,Skater_A,7.650858,-8.953082,7.1715693
Axel_8.npy,167,D:/work/讨论/FS-Jump3D-main/FS-Jump3D-main/data/npy/Skater_A/Axel\Axel_8.npy,Skater_A,7.990345,-8.843981,6.898452
Axel_8.npy,168,D:/work/讨论/FS-Jump3D-main/FS-Jump3D-main/data/npy/Skater_A/Axel\Axel_8.npy,Skater_A,8.203806,-8.772128,6.686465
Axel_8.npy,169,D:/work/讨论/FS-Jump3D-main/FS-Jump3D-main/data/npy/Skater_A/Axel\Axel_8.npy,Skater_A,8.374344,-8.712985,6.60972
Axel_8.npy,170,D:/work/讨论/FS-Jump3D-main/FS-Jump3D-main/data/npy/Skater_A/Axel\Axel_8.npy,Skater_A,8.57682,-8.637441,6.653669
Axel_8.npy,171,D:/work/讨论/FS-Jump3D-main/FS-Jump3D-main/data/npy/Skater_A/Axel\Axel_8.npy,Skater_A,8.847802,-8.532517,6.7703047
Axel_8.npy,172,D:/work/讨论/FS-Jump3D-main/FS-Jump3D-main/data/npy/Skater_A/Axel\Axel_8.npy,Skater_A,9.062671,-8.444423,6.8465695
Axel_8.npy,173,D:/work/讨论/FS-Jump3D-main/FS-Jump3D-main/data/npy/Skater_A/Axel\Axel_8.npy,Skater_A,9.174289,-8.394433,6.865404
Axel_8.npy,174,D:/work/讨论/FS-Jump3D-main/FS-Jump3D-main/data/npy/Skater_A/Axel\Axel_8.npy,Skater_A,9.310487,-8.333779,6.8995385
Axel_8.npy,175,D:/work/讨论/FS-Jump3D-main/FS-Jump3D-main/data/npy/Skater_A/Axel\Axel_8.npy,Skater_A,9.5881405,-8.210153,6.9999285
Axel_8.npy,176,D:/work/讨论/FS-Jump3D-main/FS-Jump3D-main/data/npy/Skater_A/Axel\Axel_8.npy,Skater_A,14.793566,-1.1790278,1.8856888
Axel_8.npy,177,D:/work/讨论/FS-Jump3D-main/FS-Jump3D-main/data/npy/Skater_A/Axel\Axel_8.npy,Skater_A,14.729052,-1.0765356,1.8147727
Axel_8.npy,178,D:/work/讨论/FS-Jump3D-main/FS-Jump3D-main/data/npy/Skater_A/Axel\Axel_8.npy,Skater_A,14.67545,-0.99992496,1.7604603
Axel_8.npy,179,D:/work/讨论/FS-Jump3D-main/FS-Jump3D-main/data/npy/Skater_A/Axel\Axel_8.npy,Skater_A,14.629596,-0.93715113,1.7145263
Axel_8.npy,180,D:/work/讨论/FS-Jump3D-main/FS-Jump3D-main/data/npy/Skater_A/Axel\Axel_8.npy,Skater_A,14.593493,-0.89320976,1.680671
Axel_8.npy,181,D:/work/讨论/FS-Jump3D-main/FS-Jump3D-main/data/npy/Skater_A/Axel\Axel_8.npy,Skater_A,14.544376,-0.8344384,1.6368405
Axel_8.npy,182,D:/work/讨论/FS-Jump3D-main/FS-Jump3D-main/data/npy/Skater_A/Axel\Axel_8.npy,Skater_A,14.43614,-0.69452226,1.5338479
Axel_8.npy,183,D:/work/讨论/FS-Jump3D-main/FS-Jump3D-main/data/npy/Skater_A/Axel\Axel_8.npy,Skater_A,14.251333,-0.45832765,1.3520805
Axel_8.npy,184,D:/work/讨论/FS-Jump3D-main/FS-Jump3D-main/data/npy/Skater_A/Axel\Axel_8.npy,Skater_A,14.073563,-0.25034875,1.1857213
Axel_8.npy,185,D:/work/讨论/FS-Jump3D-main/FS-Jump3D-main/data/npy/Skater_A/Axel\Axel_8.npy,Skater_A,13.968003,-0.14630498,1.0977875
Axel_8.npy,186,D:/work/讨论/FS-Jump3D-main/FS-Jump3D-main/data/npy/Skater_A/Axel\Axel_8.npy,Skater_A,13.858408,-0.044314966,1.0108044
Axel_8.npy,187,D:/work/讨论/FS-Jump3D-main/FS-Jump3D-main/data/npy/Skater_A/Axel\Axel_8.npy,Skater_A,13.696848,0.0990628,0.8840479
Axel_8.npy,188,D:/work/讨论/FS-Jump3D-main/FS-Jump3D-main/data/npy/Skater_A/Axel\Axel_8.npy,Skater_A,13.532744,0.2567336,0.74757564
Axel_8.npy,189,D:/work/讨论/FS-Jump3D-main/FS-Jump3D-main/data/npy/Skater_A/Axel\Axel_8.npy,Skater_A,13.399873,0.41135105,0.62120223
Axel_8.npy,190,D:/work/讨论/FS-Jump3D-main/FS-Jump3D-main/data/npy/Skater_A/Axel\Axel_8.npy,Skater_A,13.301076,0.47091037,0.5575819
Axel_8.npy,191,D:/work/讨论/FS-Jump3D-main/FS-Jump3D-main/data/npy/Skater_A/Axel\Axel_8.npy,Skater_A,13.199277,0.4967128,0.51242954
Axel_8.npy,192,D:/work/讨论/FS-Jump3D-main/FS-Jump3D-main/data/npy/Skater_A/Axel\Axel_8.npy,Skater_A,13.098324,0.5638651,0.43933523
Axel_8.npy,193,D:/work/讨论/FS-Jump3D-main/FS-Jump3D-main/data/npy/Skater_A/Axel\Axel_8.npy,Skater_A,13.021172,0.586152,0.3967524
Axel_8.npy,194,D:/work/讨论/FS-Jump3D-main/FS-Jump3D-main/data/npy/Skater_A/Axel\Axel_8.npy,Skater_A,12.956109,0.5816583,0.37188244
Axel_8.npy,195,D:/work/讨论/FS-Jump3D-main/FS-Jump3D-main/data/npy/Skater_A/Axel\Axel_8.npy,Skater_A,12.967891,0.7363616,0.2841717
Axel_8.npy,196,D:/work/讨论/FS-Jump3D-main/FS-Jump3D-main/data/npy/Skater_A/Axel\Axel_8.npy,Skater_A,13.004341,1.1279387,0.086609356
Axel_8.npy,197,D:/work/讨论/FS-Jump3D-main/FS-Jump3D-main/data/npy/Skater_A/Axel\Axel_8.npy,Skater_A,12.998565,1.4429816,-0.064836964
Axel_8.npy,198,D:/work/讨论/FS-Jump3D-main/FS-Jump3D-main/data/npy/Skater_A/Axel\Axel_8.npy,Skater_A,12.985726,1.6141038,-0.14471981
Axel_8.npy,199,D:/work/讨论/FS-Jump3D-main/FS-Jump3D-main/data/npy/Skater_A/Axel\Axel_8.npy,Skater_A,12.963144,1.6664866,-0.17462981
Axel_8.npy,200,D:/work/讨论/FS-Jump3D-main/FS-Jump3D-main/data/npy/Skater_A/Axel\Axel_8.npy,Skater_A,12.96228,1.8065025,-0.22969119
Axel_8.npy,201,D:/work/讨论/FS-Jump3D-main/FS-Jump3D-main/data/npy/Skater_A/Axel\Axel_8.npy,Skater_A,12.967583,2.156019,-0.33271345
Axel_8.npy,202,D:/work/讨论/FS-Jump3D-main/FS-Jump3D-main/data/npy/Skater_A/Axel\Axel_8.npy,Skater_A,12.973002,2.377247,-0.38807246
Axel_8.npy,203,D:/work/讨论/FS-Jump3D-main/FS-Jump3D-main/data/npy/Skater_A/Axel\Axel_8.npy,Skater_A,12.954045,2.444941,-0.40501866
Axel_8.npy,204,D:/work/讨论/FS-Jump3D-main/FS-Jump3D-main/data/npy/Skater_A/Axel\Axel_8.npy,Skater_A,12.897781,2.4664059,-0.40898895
Axel_8.npy,205,D:/work/讨论/FS-Jump3D-main/FS-Jump3D-main/data/npy/Skater_A/Axel\Axel_8.npy,Skater_A,12.831783,2.5119312,-0.4179698
Axel_8.npy,206,D:/work/讨论/FS-Jump3D-main/FS-Jump3D-main/data/npy/Skater_A/Axel\Axel_8.npy,Skater_A,12.787998,2.6092978,-0.43070123
Axel_8.npy,207,D:/work/讨论/FS-Jump3D-main/FS-Jump3D-main/data/npy/Skater_A/Axel\Axel_8.npy,Skater_A,12.758054,2.6985476,-0.43080014
Axel_8.npy,208,D:/work/讨论/FS-Jump3D-main/FS-Jump3D-main/data/npy/Skater_A/Axel\Axel_8.npy,Skater_A,12.675613,2.7782273,-0.42646626
Axel_8.npy,209,D:/work/讨论/FS-Jump3D-main/FS-Jump3D-main/data/npy/Skater_A/Axel\Axel_8.npy,Skater_A,12.556038,2.9106338,-0.41879532
Axel_8.npy,210,D:/work/讨论/FS-Jump3D-main/FS-Jump3D-main/data/npy/Skater_A/Axel\Axel_8.npy,Skater_A,12.428934,3.082727,-0.401316
Axel_8.npy,211,D:/work/讨论/FS-Jump3D-main/FS-Jump3D-main/data/npy/Skater_A/Axel\Axel_8.npy,Skater_A,12.281914,3.2608497,-0.3701407
Axel_8.npy,212,D:/work/讨论/FS-Jump3D-main/FS-Jump3D-main/data/npy/Skater_A/Axel\Axel_8.npy,Skater_A,12.062583,3.477145,-0.32682997
Axel_8.npy,213,D:/work/讨论/FS-Jump3D-main/FS-Jump3D-main/data/npy/Skater_A/Axel\Axel_8.npy,Skater_A,11.750044,3.7230186,-0.2419091
Axel_8.npy,214,D:/work/讨论/FS-Jump3D-main/FS-Jump3D-main/data/npy/Skater_A/Axel\Axel_8.npy,Skater_A,11.450591,3.936451,-0.1527894
Axel_8.npy,215,D:/work/讨论/FS-Jump3D-main/FS-Jump3D-main/data/npy/Skater_A/Axel\Axel_8.npy,Skater_A,11.208921,4.129579,-0.10934148
Axel_8.npy,216,D:/work/讨论/FS-Jump3D-main/FS-Jump3D-main/data/npy/Skater_A/Axel\Axel_8.npy,Skater_A,10.988613,4.307669,-0.09531898
Axel_8.npy,217,D:/work/讨论/FS-Jump3D-main/FS-Jump3D-main/data/npy/Skater_A/Axel\Axel_8.npy,Skater_A,10.795498,4.4727726,-0.10735719
Axel_8.npy,218,D:/work/讨论/FS-Jump3D-main/FS-Jump3D-main/data/npy/Skater_A/Axel\Axel_8.npy,Skater_A,10.568035,4.689381,-0.1926611
Axel_8.npy,219,D:/work/讨论/FS-Jump3D-main/FS-Jump3D-main/data/npy/Skater_A/Axel\Axel_8.npy,Skater_A,10.321575,4.940866,-0.3205336
Axel_8.npy,220,D:/work/讨论/FS-Jump3D-main/FS-Jump3D-main/data/npy/Skater_A/Axel\Axel_8.npy,Skater_A,10.0625515,5.209321,-0.4533052
Axel_8.npy,221,D:/work/讨论/FS-Jump3D-main/FS-Jump3D-main/data/npy/Skater_A/Axel\Axel_8.npy,Skater_A,9.764038,5.554385,-0.6344302
Axel_8.npy,222,D:/work/讨论/FS-Jump3D-main/FS-Jump3D-main/data/npy/Skater_A/Axel\Axel_8.npy,Skater_A,9.416666,5.9687715,-0.84134
Axel_8.npy,223,D:/work/讨论/FS-Jump3D-main/FS-Jump3D-main/data/npy/Skater_A/Axel\Axel_8.npy,Skater_A,9.062775,6.361125,-1.0386096
Axel_8.npy,224,D:/work/讨论/FS-Jump3D-main/FS-Jump3D-main/data/npy/Skater_A/Axel\Axel_8.npy,Skater_A,8.719903,6.687917,-1.2155328
Axel_8.npy,225,D:/work/讨论/FS-Jump3D-main/FS-Jump3D-main/data/npy/Skater_A/Axel\Axel_8.npy,Skater_A,8.359858,7.003755,-1.3956746
Axel_8.npy,226,D:/work/讨论/FS-Jump3D-main/FS-Jump3D-main/data/npy/Skater_A/Axel\Axel_8.npy,Skater_A,7.9383492,7.35331,-1.6241013
Axel_8.npy,227,D:/work/讨论/FS-Jump3D-main/FS-Jump3D-main/data/npy/Skater_A/Axel\Axel_8.npy,Skater_A,7.491015,7.6981177,-1.8745557
Axel_8.npy,228,D:/work/讨论/FS-Jump3D-main/FS-Jump3D-main/data/npy/Skater_A/Axel\Axel_8.npy,Skater_A,7.0810847,7.9656596,-2.0796406
Axel_8.npy,229,D:/work/讨论/FS-Jump3D-main/FS-Jump3D-main/data/npy/Skater_A/Axel\Axel_8.npy,Skater_A,6.69958,8.179267,-2.2509096
Axel_8.npy,230,D:/work/讨论/FS-Jump3D-main/FS-Jump3D-main/data/npy/Skater_A/Axel\Axel_8.npy,Skater_A,6.2989173,8.369057,-2.4236555
Axel_8.npy,231,D:/work/讨论/FS-Jump3D-main/FS-Jump3D-main/data/npy/Skater_A/Axel\Axel_8.npy,Skater_A,5.8954315,8.518136,-2.5640051
Axel_8.npy,232,D:/work/讨论/FS-Jump3D-main/FS-Jump3D-main/data/npy/Skater_A/Axel\Axel_8.npy,Skater_A,5.4943175,8.642474,-2.6569657
Axel_8.npy,233,D:/work/讨论/FS-Jump3D-main/FS-Jump3D-main/data/npy/Skater_A/Axel\Axel_8.npy,Skater_A,5.095741,8.779205,-2.7142994
Axel_8.npy,234,D:/work/讨论/FS-Jump3D-main/FS-Jump3D-main/data/npy/Skater_A/Axel\Axel_8.npy,Skater_A,4.734336,8.918058,-2.7455816
Axel_8.npy,235,D:/work/讨论/FS-Jump3D-main/FS-Jump3D-main/data/npy/Skater_A/Axel\Axel_8.npy,Skater_A,4.447854,9.045768,-2.7516346
Axel_8.npy,236,D:/work/讨论/FS-Jump3D-main/FS-Jump3D-main/data/npy/Skater_A/Axel\Axel_8.npy,Skater_A,4.2192383,9.15984,-2.7380645
Axel_8.npy,237,D:/work/讨论/FS-Jump3D-main/FS-Jump3D-main/data/npy/Skater_A/Axel\Axel_8.npy,Skater_A,3.9947278,9.2770195,-2.714196
Axel_8.npy,238,D:/work/讨论/FS-Jump3D-main/FS-Jump3D-main/data/npy/Skater_A/Axel\Axel_8.npy,Skater_A,3.7208388,9.412765,-2.6949525
Axel_8.npy,239,D:/work/讨论/FS-Jump3D-main/FS-Jump3D-main/data/npy/Skater_A/Axel\Axel_8.npy,Skater_A,3.4216413,9.565235,-2.6655865
Axel_8.npy,240,D:/work/讨论/FS-Jump3D-main/FS-Jump3D-main/data/npy/Skater_A/Axel\Axel_8.npy,Skater_A,3.1162453,9.729477,-2.619505
Axel_8.npy,241,D:/work/讨论/FS-Jump3D-main/FS-Jump3D-main/data/npy/Skater_A/Axel\Axel_8.npy,Skater_A,2.7735012,9.916441,-2.5612688
Axel_8.npy,242,D:/work/讨论/FS-Jump3D-main/FS-Jump3D-main/data/npy/Skater_A/Axel\Axel_8.npy,Skater_A,2.42577,10.0999365,-2.4969256
Axel_8.npy,243,D:/work/讨论/FS-Jump3D-main/FS-Jump3D-main/data/npy/Skater_A/Axel\Axel_8.npy,Skater_A,2.1535153,10.236285,-2.4397864
Axel_8.npy,244,D:/work/讨论/FS-Jump3D-main/FS-Jump3D-main/data/npy/Skater_A/Axel\Axel_8.npy,Skater_A,1.9597005,10.323935,-2.3909256
Axel_8.npy,245,D:/work/讨论/FS-Jump3D-main/FS-Jump3D-main/data/npy/Skater_A/Axel\Axel_8.npy,Skater_A,1.807485,10.385097,-2.346516
Axel_8.npy,246,D:/work/讨论/FS-Jump3D-main/FS-Jump3D-main/data/npy/Skater_A/Axel\Axel_8.npy,Skater_A,1.6621741,10.431688,-2.3047664
Axel_8.npy,247,D:/work/讨论/FS-Jump3D-main/FS-Jump3D-main/data/npy/Skater_A/Axel\Axel_8.npy,Skater_A,1.5263318,10.465184,-2.258052
Axel_8.npy,248,D:/work/讨论/FS-Jump3D-main/FS-Jump3D-main/data/npy/Skater_A/Axel\Axel_8.npy,Skater_A,1.3968571,10.487073,-2.216687
Axel_8.npy,249,D:/work/讨论/FS-Jump3D-main/FS-Jump3D-main/data/npy/Skater_A/Axel\Axel_8.npy,Skater_A,1.2736448,10.487886,-2.1985369
Axel_8.npy,250,D:/work/讨论/FS-Jump3D-main/FS-Jump3D-main/data/npy/Skater_A/Axel\Axel_8.npy,Skater_A,1.148734,10.472301,-2.2066026
Axel_8.npy,251,D:/work/讨论/FS-Jump3D-main/FS-Jump3D-main/data/npy/Skater_A/Axel\Axel_8.npy,Skater_A,1.0184054,10.458027,-2.2253444
Axel_8.npy,252,D:/work/讨论/FS-Jump3D-main/FS-Jump3D-main/data/npy/Skater_A/Axel\Axel_8.npy,Skater_A,0.8812382,10.450011,-2.250596
Axel_8.npy,253,D:/work/讨论/FS-Jump3D-main/FS-Jump3D-main/data/npy/Skater_A/Axel\Axel_8.npy,Skater_A,0.7300375,10.439558,-2.2969165
Axel_8.npy,254,D:/work/讨论/FS-Jump3D-main/FS-Jump3D-main/data/npy/Skater_A/Axel\Axel_8.npy,Skater_A,0.5771024,10.424891,-2.3673868
Axel_8.npy,255,D:/work/讨论/FS-Jump3D-main/FS-Jump3D-main/data/npy/Skater_A/Axel\Axel_8.npy,Skater_A,0.42708337,10.414206,-2.469439
Axel_8.npy,256,D:/work/讨论/FS-Jump3D-main/FS-Jump3D-main/data/npy/Skater_A/Axel\Axel_8.npy,Skater_A,0.26233098,10.418528,-2.6008906
Axel_8.npy,257,D:/work/讨论/FS-Jump3D-main/FS-Jump3D-main/data/npy/Skater_A/Axel\Axel_8.npy,Skater_A,0.10274596,10.444564,-2.742928
Axel_8.npy,258,D:/work/讨论/FS-Jump3D-main/FS-Jump3D-main/data/npy/Skater_A/Axel\Axel_8.npy,Skater_A,-0.04050951,10.480292,-2.8827856
Axel_8.npy,259,D:/work/讨论/FS-Jump3D-main/FS-Jump3D-main/data/npy/Skater_A/Axel\Axel_8.npy,Skater_A,-0.18700369,10.515868,-3.0230713
Axel_8.npy,260,D:/work/讨论/FS-Jump3D-main/FS-Jump3D-main/data/npy/Skater_A/Axel\Axel_8.npy,Skater_A,-0.32822073,10.550052,-3.1534255
Axel_8.npy,261,D:/work/讨论/FS-Jump3D-main/FS-Jump3D-main/data/npy/Skater_A/Axel\Axel_8.npy,Skater_A,-0.44114292,10.577008,-3.2673113
Axel_8.npy,262,D:/work/讨论/FS-Jump3D-main/FS-Jump3D-main/data/npy/Skater_A/Axel\Axel_8.npy,Skater_A,-0.5253825,10.593418,-3.3529465
Axel_8.npy,263,D:/work/讨论/FS-Jump3D-main/FS-Jump3D-main/data/npy/Skater_A/Axel\Axel_8.npy,Skater_A,-0.6021616,10.607503,-3.4335587
Axel_8.npy,264,D:/work/讨论/FS-Jump3D-main/FS-Jump3D-main/data/npy/Skater_A/Axel\Axel_8.npy,Skater_A,-0.67432415,10.622879,-3.5085645
Axel_8.npy,265,D:/work/讨论/FS-Jump3D-main/FS-Jump3D-main/data/npy/Skater_A/Axel\Axel_8.npy,Skater_A,-0.73483425,10.628335,-3.568522
Axel_8.npy,266,D:/work/讨论/FS-Jump3D-main/FS-Jump3D-main/data/npy/Skater_A/Axel\Axel_8.npy,Skater_A,-0.77947533,10.624637,-3.6105003
Axel_8.npy,267,D:/work/讨论/FS-Jump3D-main/FS-Jump3D-main/data/npy/Skater_A/Axel\Axel_8.npy,Skater_A,-0.8220958,10.627533,-3.6557603
Axel_8.npy,268,D:/work/讨论/FS-Jump3D-main/FS-Jump3D-main/data/npy/Skater_A/Axel\Axel_8.npy,Skater_A,-0.87251943,10.63622,-3.712242
Axel_8.npy,269,D:/work/讨论/FS-Jump3D-main/FS-Jump3D-main/data/npy/Skater_A/Axel\Axel_8.npy,Skater_A,-0.88428044,10.643916,-3.7274244
Axel_9.npy,0,D:/work/讨论/FS-Jump3D-main/FS-Jump3D-main/data/npy/Skater_A/Axel\Axel_9.npy,Skater_A,5.896324,1.9006078,-13.467469
Axel_9.npy,1,D:/work/讨论/FS-Jump3D-main/FS-Jump3D-main/data/npy/Skater_A/Axel\Axel_9.npy,Skater_A,5.87833,2.0788066,-13.504383
Axel_9.npy,2,D:/work/讨论/FS-Jump3D-main/FS-Jump3D-main/data/npy/Skater_A/Axel\Axel_9.npy,Skater_A,5.871821,2.1345122,-13.5124
Axel_9.npy,3,D:/work/讨论/FS-Jump3D-main/FS-Jump3D-main/data/npy/Skater_A/Axel\Axel_9.npy,Skater_A,5.856464,2.3383374,-13.545039
Axel_9.npy,4,D:/work/讨论/FS-Jump3D-main/FS-Jump3D-main/data/npy/Skater_A/Axel\Axel_9.npy,Skater_A,5.8325777,2.6322403,-13.589848
Axel_9.npy,5,D:/work/讨论/FS-Jump3D-main/FS-Jump3D-main/data/npy/Skater_A/Axel\Axel_9.npy,Skater_A,5.8377857,2.7811334,-13.607503
Axel_9.npy,6,D:/work/讨论/FS-Jump3D-main/FS-Jump3D-main/data/npy/Skater_A/Axel\Axel_9.npy,Skater_A,5.8535933,2.8149612,-13.605822
Axel_9.npy,7,D:/work/讨论/FS-Jump3D-main/FS-Jump3D-main/data/npy/Skater_A/Axel\Axel_9.npy,Skater_A,5.851902,2.9420257,-13.617915
Axel_9.npy,8,D:/work/讨论/FS-Jump3D-main/FS-Jump3D-main/data/npy/Skater_A/Axel\Axel_9.npy,Skater_A,5.857839,3.1504776,-13.633641
Axel_9.npy,9,D:/work/讨论/FS-Jump3D-main/FS-Jump3D-main/data/npy/Skater_A/Axel\Axel_9.npy,Skater_A,5.885424,3.3252356,-13.6381445
Axel_9.npy,10,D:/work/讨论/FS-Jump3D-main/FS-Jump3D-main/data/npy/Skater_A/Axel\Axel_9.npy,Skater_A,5.9232206,3.5778513,-13.635751
Axel_9.npy,11,D:/work/讨论/FS-Jump3D-main/FS-Jump3D-main/data/npy/Skater_A/Axel\Axel_9.npy,Skater_A,5.9982853,4.0136514,-13.6146555
Axel_9.npy,12,D:/work/讨论/FS-Jump3D-main/FS-Jump3D-main/data/npy/Skater_A/Axel\Axel_9.npy,Skater_A,6.1366243,4.542502,-13.554355
Axel_9.npy,13,D:/work/讨论/FS-Jump3D-main/FS-Jump3D-main/data/npy/Skater_A/Axel\Axel_9.npy,Skater_A,6.239932,4.8959203,-13.509647
Axel_9.npy,14,D:/work/讨论/FS-Jump3D-main/FS-Jump3D-main/data/npy/Skater_A/Axel\Axel_9.npy,Skater_A,6.286524,5.128504,-13.493047
Axel_9.npy,15,D:/work/讨论/FS-Jump3D-main/FS-Jump3D-main/data/npy/Skater_A/Axel\Axel_9.npy,Skater_A,6.3000765,5.365725,-13.496581
Axel_9.npy,16,D:/work/讨论/FS-Jump3D-main/FS-Jump3D-main/data/npy/Skater_A/Axel\Axel_9.npy,Skater_A,6.322894,5.668739,-13.524249
Axel_9.npy,17,D:/work/讨论/FS-Jump3D-main/FS-Jump3D-main/data/npy/Skater_A/Axel\Axel_9.npy,Skater_A,6.410415,5.993184,-13.534996
Axel_9.npy,18,D:/work/讨论/FS-Jump3D-main/FS-Jump3D-main/data/npy/Skater_A/Axel\Axel_9.npy,Skater_A,6.550068,6.248624,-13.455015
Axel_9.npy,19,D:/work/讨论/FS-Jump3D-main/FS-Jump3D-main/data/npy/Skater_A/Axel\Axel_9.npy,Skater_A,6.6641774,6.489037,-13.35959
Axel_9.npy,20,D:/work/讨论/FS-Jump3D-main/FS-Jump3D-main/data/npy/Skater_A/Axel\Axel_9.npy,Skater_A,6.7393565,6.7014227,-13.280057
Axel_9.npy,21,D:/work/讨论/FS-Jump3D-main/FS-Jump3D-main/data/npy/Skater_A/Axel\Axel_9.npy,Skater_A,6.7812514,6.86331,-13.222191
Axel_9.npy,22,D:/work/讨论/FS-Jump3D-main/FS-Jump3D-main/data/npy/Skater_A/Axel\Axel_9.npy,Skater_A,6.7841763,6.992072,-13.1870775
Axel_9.npy,23,D:/work/讨论/FS-Jump3D-main/FS-Jump3D-main/data/npy/Skater_A/Axel\Axel_9.npy,Skater_A,6.7453547,7.1241484,-13.167215
Axel_9.npy,24,D:/work/讨论/FS-Jump3D-main/FS-Jump3D-main/data/npy/Skater_A/Axel\Axel_9.npy,Skater_A,6.6761394,7.3059382,-13.14711
Axel_9.npy,25,D:/work/讨论/FS-Jump3D-main/FS-Jump3D-main/data/npy/Skater_A/Axel\Axel_9.npy,Skater_A,6.5443254,7.5491343,-13.136999
Axel_9.npy,26,D:/work/讨论/FS-Jump3D-main/FS-Jump3D-main/data/npy/Skater_A/Axel\Axel_9.npy,Skater_A,6.3631525,7.8835354,-13.135439
Axel_9.npy,27,D:/work/讨论/FS-Jump3D-main/FS-Jump3D-main/data/npy/Skater_A/Axel\Axel_9.npy,Skater_A,6.191754,8.30847,-13.124776
Axel_9.npy,28,D:/work/讨论/FS-Jump3D-main/FS-Jump3D-main/data/npy/Skater_A/Axel\Axel_9.npy,Skater_A,6.121203,8.67766,-13.08264
Axel_9.npy,29,D:/work/讨论/FS-Jump3D-main/FS-Jump3D-main/data/npy/Skater_A/Axel\Axel_9.npy,Skater_A,6.1030087,9.1699095,-12.821373
Axel_9.npy,30,D:/work/讨论/FS-Jump3D-main/FS-Jump3D-main/data/npy/Skater_A/Axel\Axel_9.npy,Skater_A,6.2820725,9.522034,-12.406913
Axel_9.npy,31,D:/work/讨论/FS-Jump3D-main/FS-Jump3D-main/data/npy/Skater_A/Axel\Axel_9.npy,Skater_A,6.2842207,9.728658,-12.234014
Axel_9.npy,32,D:/work/讨论/FS-Jump3D-main/FS-Jump3D-main/data/npy/Skater_A/Axel\Axel_9.npy,Skater_A,6.0691533,9.900077,-12.179389
Axel_9.npy,33,D:/work/讨论/FS-Jump3D-main/FS-Jump3D-main/data/npy/Skater_A/Axel\Axel_9.npy,Skater_A,6.122632,9.940136,-12.282945
Axel_9.npy,34,D:/work/讨论/FS-Jump3D-main/FS-Jump3D-main/data/npy/Skater_A/Axel\Axel_9.npy,Skater_A,5.948282,9.56306,-12.855256
Axel_9.npy,35,D:/work/讨论/FS-Jump3D-main/FS-Jump3D-main/data/npy/Skater_A/Axel\Axel_9.npy,Skater_A,5.4443364,9.436615,-13.003755
Axel_9.npy,36,D:/work/讨论/FS-Jump3D-main/FS-Jump3D-main/data/npy/Skater_A/Axel\Axel_9.npy,Skater_A,5.7528315,9.616898,-12.98777
Axel_9.npy,37,D:/work/讨论/FS-Jump3D-main/FS-Jump3D-main/data/npy/Skater_A/Axel\Axel_9.npy,Skater_A,6.0153413,10.064217,-12.71075
Axel_9.npy,38,D:/work/讨论/FS-Jump3D-main/FS-Jump3D-main/data/npy/Skater_A/Axel\Axel_9.npy,Skater_A,5.8705087,10.251501,-12.497824
Axel_9.npy,39,D:/work/讨论/FS-Jump3D-main/FS-Jump3D-main/data/npy/Skater_A/Axel\Axel_9.npy,Skater_A,6.037631,10.428936,-12.327425
Axel_9.npy,40,D:/work/讨论/FS-Jump3D-main/FS-Jump3D-main/data/npy/Skater_A/Axel\Axel_9.npy,Skater_A,6.2693095,10.404439,-12.611681
Axel_9.npy,41,D:/work/讨论/FS-Jump3D-main/FS-Jump3D-main/data/npy/Skater_A/Axel\Axel_9.npy,Skater_A,5.767309,10.176917,-12.866366
Axel_9.npy,42,D:/work/讨论/FS-Jump3D-main/FS-Jump3D-main/data/npy/Skater_A/Axel\Axel_9.npy,Skater_A,5.425118,9.943607,-12.934167
Axel_9.npy,43,D:/work/讨论/FS-Jump3D-main/FS-Jump3D-main/data/npy/Skater_A/Axel\Axel_9.npy,Skater_A,5.5872946,10.016065,-12.778978
Axel_9.npy,44,D:/work/讨论/FS-Jump3D-main/FS-Jump3D-main/data/npy/Skater_A/Axel\Axel_9.npy,Skater_A,5.6325116,10.188897,-12.371606
Axel_9.npy,45,D:/work/讨论/FS-Jump3D-main/FS-Jump3D-main/data/npy/Skater_A/Axel\Axel_9.npy,Skater_A,4.510255,10.013363,-12.976545
Axel_9.npy,46,D:/work/讨论/FS-Jump3D-main/FS-Jump3D-main/data/npy/Skater_A/Axel\Axel_9.npy,Skater_A,5.1889606,9.899643,-12.942198
Axel_9.npy,47,D:/work/讨论/FS-Jump3D-main/FS-Jump3D-main/data/npy/Skater_A/Axel\Axel_9.npy,Skater_A,5.553481,9.898783,-12.7850275
Axel_9.npy,48,D:/work/讨论/FS-Jump3D-main/FS-Jump3D-main/data/npy/Skater_A/Axel\Axel_9.npy,Skater_A,4.2853527,9.467754,-13.245662
Axel_9.npy,49,D:/work/讨论/FS-Jump3D-main/FS-Jump3D-main/data/npy/Skater_A/Axel\Axel_9.npy,Skater_A,3.3525867,9.656731,-13.425312
Axel_9.npy,50,D:/work/讨论/FS-Jump3D-main/FS-Jump3D-main/data/npy/Skater_A/Axel\Axel_9.npy,Skater_A,3.267759,9.672562,-13.431157
Axel_9.npy,51,D:/work/讨论/FS-Jump3D-main/FS-Jump3D-main/data/npy/Skater_A/Axel\Axel_9.npy,Skater_A,3.410226,9.448682,-13.496057
Axel_9.npy,52,D:/work/讨论/FS-Jump3D-main/FS-Jump3D-main/data/npy/Skater_A/Axel\Axel_9.npy,Skater_A,3.961653,8.553765,-13.607349
Axel_9.npy,53,D:/work/讨论/FS-Jump3D-main/FS-Jump3D-main/data/npy/Skater_A/Axel\Axel_9.npy,Skater_A,3.7668796,7.345077,-14.177135
Axel_9.npy,54,D:/work/讨论/FS-Jump3D-main/FS-Jump3D-main/data/npy/Skater_A/Axel\Axel_9.npy,Skater_A,3.6257238,6.4233108,-14.385607
Axel_9.npy,55,D:/work/讨论/FS-Jump3D-main/FS-Jump3D-main/data/npy/Skater_A/Axel\Axel_9.npy,Skater_A,3.5734363,5.831484,-14.421346
Axel_9.npy,56,D:/work/讨论/FS-Jump3D-main/FS-Jump3D-main/data/npy/Skater_A/Axel\Axel_9.npy,Skater_A,3.4476616,5.266221,-14.331306
Axel_9.npy,57,D:/work/讨论/FS-Jump3D-main/FS-Jump3D-main/data/npy/Skater_A/Axel\Axel_9.npy,Skater_A,3.3227305,4.694123,-14.24048
Axel_9.npy,58,D:/work/讨论/FS-Jump3D-main/FS-Jump3D-main/data/npy/Skater_A/Axel\Axel_9.npy,Skater_A,3.1914282,4.03088,-14.090575
Axel_9.npy,59,D:/work/讨论/FS-Jump3D-main/FS-Jump3D-main/data/npy/Skater_A/Axel\Axel_9.npy,Skater_A,3.1582112,3.1349032,-13.89735
Axel_9.npy,60,D:/work/讨论/FS-Jump3D-main/FS-Jump3D-main/data/npy/Skater_A/Axel\Axel_9.npy,Skater_A,4.073808,1.436564,-14.949916
Axel_9.npy,61,D:/work/讨论/FS-Jump3D-main/FS-Jump3D-main/data/npy/Skater_A/Axel\Axel_9.npy,Skater_A,3.8288922,1.0242889,-14.902124
Axel_9.npy,62,D:/work/讨论/FS-Jump3D-main/FS-Jump3D-main/data/npy/Skater_A/Axel\Axel_9.npy,Skater_A,3.6886652,0.4062246,-14.753353
Axel_9.npy,63,D:/work/讨论/FS-Jump3D-main/FS-Jump3D-main/data/npy/Skater_A/Axel\Axel_9.npy,Skater_A,3.3194315,0.036727004,-14.771628
Axel_9.npy,64,D:/work/讨论/FS-Jump3D-main/FS-Jump3D-main/data/npy/Skater_A/Axel\Axel_9.npy,Skater_A,2.7867389,-0.49147394,-14.675946
Axel_9.npy,65,D:/work/讨论/FS-Jump3D-main/FS-Jump3D-main/data/npy/Skater_A/Axel\Axel_9.npy,Skater_A,2.4501107,-1.1453819,-14.535114
Axel_9.npy,66,D:/work/讨论/FS-Jump3D-main/FS-Jump3D-main/data/npy/Skater_A/Axel\Axel_9.npy,Skater_A,1.5627006,-3.5041473,-13.704643
Axel_9.npy,67,D:/work/讨论/FS-Jump3D-main/FS-Jump3D-main/data/npy/Skater_A/Axel\Axel_9.npy,Skater_A,1.2808901,-3.7677994,-13.590069
Axel_9.npy,68,D:/work/讨论/FS-Jump3D-main/FS-Jump3D-main/data/npy/Skater_A/Axel\Axel_9.npy,Skater_A,0.890029,-3.994794,-13.4648075
Axel_9.npy,69,D:/work/讨论/FS-Jump3D-main/FS-Jump3D-main/data/npy/Skater_A/Axel\Axel_9.npy,Skater_A,0.47406995,-4.2334924,-13.387898
Axel_9.npy,70,D:/work/讨论/FS-Jump3D-main/FS-Jump3D-main/data/npy/Skater_A/Axel\Axel_9.npy,Skater_A,0.13795002,-4.406462,-13.379106
Axel_9.npy,71,D:/work/讨论/FS-Jump3D-main/FS-Jump3D-main/data/npy/Skater_A/Axel\Axel_9.npy,Skater_A,-0.37866887,-4.674551,-13.332648
Axel_9.npy,72,D:/work/讨论/FS-Jump3D-main/FS-Jump3D-main/data/npy/Skater_A/Axel\Axel_9.npy,Skater_A,-0.9880152,-5.0205436,-13.291518
Axel_9.npy,73,D:/work/讨论/FS-Jump3D-main/FS-Jump3D-main/data/npy/Skater_A/Axel\Axel_9.npy,Skater_A,-1.2877779,-5.0940676,-13.267504
Axel_9.npy,74,D:/work/讨论/FS-Jump3D-main/FS-Jump3D-main/data/npy/Skater_A/Axel\Axel_9.npy,Skater_A,-1.4622996,-5.0221786,-13.234189
Axel_9.npy,75,D:/work/讨论/FS-Jump3D-main/FS-Jump3D-main/data/npy/Skater_A/Axel\Axel_9.npy,Skater_A,-1.6738758,-5.069845,-13.21209
Axel_9.npy,76,D:/work/讨论/FS-Jump3D-main/FS-Jump3D-main/data/npy/Skater_A/Axel\Axel_9.npy,Skater_A,-1.8911422,-5.2715235,-13.178219
Axel_9.npy,77,D:/work/讨论/FS-Jump3D-main/FS-Jump3D-main/data/npy/Skater_A/Axel\Axel_9.npy,Skater_A,-2.0925539,-5.4073644,-13.103983
Axel_9.npy,78,D:/work/讨论/FS-Jump3D-main/FS-Jump3D-main/data/npy/Skater_A/Axel\Axel_9.npy,Skater_A,-2.3724768,-5.5117736,-12.999485
Axel_9.npy,79,D:/work/讨论/FS-Jump3D-main/FS-Jump3D-main/data/npy/Skater_A/Axel\Axel_9.npy,Skater_A,-2.7658212,-5.6699085,-12.859094
Axel_9.npy,80,D:/work/讨论/FS-Jump3D-main/FS-Jump3D-main/data/npy/Skater_A/Axel\Axel_9.npy,Skater_A,-3.27645,-5.7498326,-12.809532
Axel_9.npy,81,D:/work/讨论/FS-Jump3D-main/FS-Jump3D-main/data/npy/Skater_A/Axel\Axel_9.npy,Skater_A,-3.9438877,-5.4737797,-12.757325
Axel_9.npy,82,D:/work/讨论/FS-Jump3D-main/FS-Jump3D-main/data/npy/Skater_A/Axel\Axel_9.npy,Skater_A,-4.605593,-5.0842996,-12.555238
Axel_9.npy,83,D:/work/讨论/FS-Jump3D-main/FS-Jump3D-main/data/npy/Skater_A/Axel\Axel_9.npy,Skater_A,-4.8384585,-5.1550264,-12.376424
Axel_9.npy,84,D:/work/讨论/FS-Jump3D-main/FS-Jump3D-main/data/npy/Skater_A/Axel\Axel_9.npy,Skater_A,-4.8912253,-5.4503827,-12.106265
Axel_9.npy,85,D:/work/讨论/FS-Jump3D-main/FS-Jump3D-main/data/npy/Skater_A/Axel\Axel_9.npy,Skater_A,-4.947381,-5.823039,-11.639848
Axel_9.npy,86,D:/work/讨论/FS-Jump3D-main/FS-Jump3D-main/data/npy/Skater_A/Axel\Axel_9.npy,Skater_A,-4.9764643,-6.0434914,-11.137186
Axel_9.npy,87,D:/work/讨论/FS-Jump3D-main/FS-Jump3D-main/data/npy/Skater_A/Axel\Axel_9.npy,Skater_A,-4.939999,-5.9949813,-10.448122
Axel_9.npy,88,D:/work/讨论/FS-Jump3D-main/FS-Jump3D-main/data/npy/Skater_A/Axel\Axel_9.npy,Skater_A,-4.9624887,-5.870282,-9.895236
Axel_9.npy,89,D:/work/讨论/FS-Jump3D-main/FS-Jump3D-main/data/npy/Skater_A/Axel\Axel_9.npy,Skater_A,-5.1945753,-6.0124454,-9.51356
Axel_9.npy,90,D:/work/讨论/FS-Jump3D-main/FS-Jump3D-main/data/npy/Skater_A/Axel\Axel_9.npy,Skater_A,-5.6415324,-6.5326295,-9.183299
Axel_9.npy,91,D:/work/讨论/FS-Jump3D-main/FS-Jump3D-main/data/npy/Skater_A/Axel\Axel_9.npy,Skater_A,-5.9215646,-6.8559084,-8.816316
Axel_9.npy,92,D:/work/讨论/FS-Jump3D-main/FS-Jump3D-main/data/npy/Skater_A/Axel\Axel_9.npy,Skater_A,-5.976748,-7.127906,-8.335391
Axel_9.npy,93,D:/work/讨论/FS-Jump3D-main/FS-Jump3D-main/data/npy/Skater_A/Axel\Axel_9.npy,Skater_A,-5.9135733,-7.6759305,-7.893664
Axel_9.npy,94,D:/work/讨论/FS-Jump3D-main/FS-Jump3D-main/data/npy/Skater_A/Axel\Axel_9.npy,Skater_A,-5.812047,-8.168871,-7.4716525
Axel_9.npy,95,D:/work/讨论/FS-Jump3D-main/FS-Jump3D-main/data/npy/Skater_A/Axel\Axel_9.npy,Skater_A,-5.7447767,-8.4165945,-7.036806
Axel_9.npy,96,D:/work/讨论/FS-Jump3D-main/FS-Jump3D-main/data/npy/Skater_A/Axel\Axel_9.npy,Skater_A,-5.7510443,-8.725151,-6.648504
Axel_9.npy,97,D:/work/讨论/FS-Jump3D-main/FS-Jump3D-main/data/npy/Skater_A/Axel\Axel_9.npy,Skater_A,-5.784404,-9.196359,-6.2854133
Axel_9.npy,98,D:/work/讨论/FS-Jump3D-main/FS-Jump3D-main/data/npy/Skater_A/Axel\Axel_9.npy,Skater_A,-5.759952,-9.597541,-5.9419217
Axel_9.npy,99,D:/work/讨论/FS-Jump3D-main/FS-Jump3D-main/data/npy/Skater_A/Axel\Axel_9.npy,Skater_A,-5.6128154,-9.849858,-5.590642
Axel_9.npy,100,D:/work/讨论/FS-Jump3D-main/FS-Jump3D-main/data/npy/Skater_A/Axel\Axel_9.npy,Skater_A,-5.422536,-10.061456,-5.2972355
Axel_9.npy,101,D:/work/讨论/FS-Jump3D-main/FS-Jump3D-main/data/npy/Skater_A/Axel\Axel_9.npy,Skater_A,-5.278834,-10.448589,-5.1090035
Axel_9.npy,102,D:/work/讨论/FS-Jump3D-main/FS-Jump3D-main/data/npy/Skater_A/Axel\Axel_9.npy,Skater_A,-5.0364428,-11.092405,-4.909886
Axel_9.npy,103,D:/work/讨论/FS-Jump3D-main/FS-Jump3D-main/data/npy/Skater_A/Axel\Axel_9.npy,Skater_A,-4.729357,-11.584053,-4.5957026
Axel_9.npy,104,D:/work/讨论/FS-Jump3D-main/FS-Jump3D-main/data/npy/Skater_A/Axel\Axel_9.npy,Skater_A,-4.369971,-11.861782,-4.3450913
Axel_9.npy,105,D:/work/讨论/FS-Jump3D-main/FS-Jump3D-main/data/npy/Skater_A/Axel\Axel_9.npy,Skater_A,-4.0570464,-12.346709,-4.1013093
Axel_9.npy,106,D:/work/讨论/FS-Jump3D-main/FS-Jump3D-main/data/npy/Skater_A/Axel\Axel_9.npy,Skater_A,-3.7991693,-12.965358,-3.8826108
Axel_9.npy,107,D:/work/讨论/FS-Jump3D-main/FS-Jump3D-main/data/npy/Skater_A/Axel\Axel_9.npy,Skater_A,-3.5295234,-13.218423,-3.685156
Axel_9.npy,108,D:/work/讨论/FS-Jump3D-main/FS-Jump3D-main/data/npy/Skater_A/Axel\Axel_9.npy,Skater_A,-3.2613192,-13.3211975,-3.4784691
Axel_9.npy,109,D:/work/讨论/FS-Jump3D-main/FS-Jump3D-main/data/npy/Skater_A/Axel\Axel_9.npy,Skater_A,-3.0909293,-13.534063,-3.2875352
Axel_9.npy,110,D:/work/讨论/FS-Jump3D-main/FS-Jump3D-main/data/npy/Skater_A/Axel\Axel_9.npy,Skater_A,-2.979361,-13.919629,-3.0636435
Axel_9.npy,111,D:/work/讨论/FS-Jump3D-main/FS-Jump3D-main/data/npy/Skater_A/Axel\Axel_9.npy,Skater_A,-2.9148104,-14.323064,-2.787252
Axel_9.npy,112,D:/work/讨论/FS-Jump3D-main/FS-Jump3D-main/data/npy/Skater_A/Axel\Axel_9.npy,Skater_A,-2.8857362,-14.481979,-2.5055008
Axel_9.npy,113,D:/work/讨论/FS-Jump3D-main/FS-Jump3D-main/data/npy/Skater_A/Axel\Axel_9.npy,Skater_A,-2.8387363,-14.523832,-2.270457
Axel_9.npy,114,D:/work/讨论/FS-Jump3D-main/FS-Jump3D-main/data/npy/Skater_A/Axel\Axel_9.npy,Skater_A,-2.8551588,-14.666355,-2.0446594
Axel_9.npy,115,D:/work/讨论/FS-Jump3D-main/FS-Jump3D-main/data/npy/Skater_A/Axel\Axel_9.npy,Skater_A,-3.0048778,-14.92527,-1.7632257
Axel_9.npy,116,D:/work/讨论/FS-Jump3D-main/FS-Jump3D-main/data/npy/Skater_A/Axel\Axel_9.npy,Skater_A,-3.2264645,-15.044713,-1.3259072
Axel_9.npy,117,D:/work/讨论/FS-Jump3D-main/FS-Jump3D-main/data/npy/Skater_A/Axel\Axel_9.npy,Skater_A,-3.36218,-14.952057,-0.70658857
Axel_9.npy,118,D:/work/讨论/FS-Jump3D-main/FS-Jump3D-main/data/npy/Skater_A/Axel\Axel_9.npy,Skater_A,-3.3916965,-14.767906,-0.13282025
Axel_9.npy,119,D:/work/讨论/FS-Jump3D-main/FS-Jump3D-main/data/npy/Skater_A/Axel\Axel_9.npy,Skater_A,-3.4814374,-14.646681,0.43719912
Axel_9.npy,120,D:/work/讨论/FS-Jump3D-main/FS-Jump3D-main/data/npy/Skater_A/Axel\Axel_9.npy,Skater_A,-3.8567042,-14.731686,0.93402267
Axel_9.npy,121,D:/work/讨论/FS-Jump3D-main/FS-Jump3D-main/data/npy/Skater_A/Axel\Axel_9.npy,Skater_A,-4.4381294,-14.949103,1.4317607
Axel_9.npy,122,D:/work/讨论/FS-Jump3D-main/FS-Jump3D-main/data/npy/Skater_A/Axel\Axel_9.npy,Skater_A,-4.7863955,-14.924983,1.9757438
Axel_9.npy,123,D:/work/讨论/FS-Jump3D-main/FS-Jump3D-main/data/npy/Skater_A/Axel\Axel_9.npy,Skater_A,-5.0889177,-14.740441,2.7215333
Axel_9.npy,124,D:/work/讨论/FS-Jump3D-main/FS-Jump3D-main/data/npy/Skater_A/Axel\Axel_9.npy,Skater_A,-5.5359945,-14.636817,3.3606641
Axel_9.npy,125,D:/work/讨论/FS-Jump3D-main/FS-Jump3D-main/data/npy/Skater_A/Axel\Axel_9.npy,Skater_A,-6.0753336,-14.501075,3.915501
Axel_9.npy,126,D:/work/讨论/FS-Jump3D-main/FS-Jump3D-main/data/npy/Skater_A/Axel\Axel_9.npy,Skater_A,-6.6532445,-14.249366,4.448458
Axel_9.npy,127,D:/work/讨论/FS-Jump3D-main/FS-Jump3D-main/data/npy/Skater_A/Axel\Axel_9.npy,Skater_A,-7.29085,-13.912628,4.911531
Axel_9.npy,128,D:/work/讨论/FS-Jump3D-main/FS-Jump3D-main/data/npy/Skater_A/Axel\Axel_9.npy,Skater_A,-7.900887,-13.497993,5.318612
Axel_9.npy,129,D:/work/讨论/FS-Jump3D-main/FS-Jump3D-main/data/npy/Skater_A/Axel\Axel_9.npy,Skater_A,-8.414674,-12.965191,5.732122
Axel_9.npy,130,D:/work/讨论/FS-Jump3D-main/FS-Jump3D-main/data/npy/Skater_A/Axel\Axel_9.npy,Skater_A,-8.899861,-12.327889,6.157409
Axel_9.npy,131,D:/work/讨论/FS-Jump3D-main/FS-Jump3D-main/data/npy/Skater_A/Axel\Axel_9.npy,Skater_A,-9.375296,-11.663565,6.522802
Axel_9.npy,132,D:/work/讨论/FS-Jump3D-main/FS-Jump3D-main/data/npy/Skater_A/Axel\Axel_9.npy,Skater_A,-9.785775,-10.964249,6.8828244
Axel_9.npy,133,D:/work/讨论/FS-Jump3D-main/FS-Jump3D-main/data/npy/Skater_A/Axel\Axel_9.npy,Skater_A,-10.117292,-10.177166,7.274988
Axel_9.npy,134,D:/work/讨论/FS-Jump3D-main/FS-Jump3D-main/data/npy/Skater_A/Axel\Axel_9.npy,Skater_A,-10.373369,-9.366221,7.644743
Axel_9.npy,135,D:/work/讨论/FS-Jump3D-main/FS-Jump3D-main/data/npy/Skater_A/Axel\Axel_9.npy,Skater_A,-10.720884,-8.611746,7.897106
Axel_9.npy,136,D:/work/讨论/FS-Jump3D-main/FS-Jump3D-main/data/npy/Skater_A/Axel\Axel_9.npy,Skater_A,-11.138929,-8.017978,8.020353
Axel_9.npy,137,D:/work/讨论/FS-Jump3D-main/FS-Jump3D-main/data/npy/Skater_A/Axel\Axel_9.npy,Skater_A,-11.385948,-7.438715,8.169166
Axel_9.npy,138,D:/work/讨论/FS-Jump3D-main/FS-Jump3D-main/data/npy/Skater_A/Axel\Axel_9.npy,Skater_A,-11.426352,-6.6886077,8.380765
Axel_9.npy,139,D:/work/讨论/FS-Jump3D-main/FS-Jump3D-main/data/npy/Skater_A/Axel\Axel_9.npy,Skater_A,-11.511857,-5.894192,8.410186
Axel_9.npy,140,D:/work/讨论/FS-Jump3D-main/FS-Jump3D-main/data/npy/Skater_A/Axel\Axel_9.npy,Skater_A,-11.725715,-5.2442813,8.27164
Axel_9.npy,141,D:/work/讨论/FS-Jump3D-main/FS-Jump3D-main/data/npy/Skater_A/Axel\Axel_9.npy,Skater_A,-11.982881,-4.6328535,8.050454
Axel_9.npy,142,D:/work/讨论/FS-Jump3D-main/FS-Jump3D-main/data/npy/Skater_A/Axel\Axel_9.npy,Skater_A,-12.161566,-3.8728068,7.759408
Axel_9.npy,143,D:/work/讨论/FS-Jump3D-main/FS-Jump3D-main/data/npy/Skater_A/Axel\Axel_9.npy,Skater_A,-12.229978,-2.9851654,7.382742
Axel_9.npy,144,D:/work/讨论/FS-Jump3D-main/FS-Jump3D-main/data/npy/Skater_A/Axel\Axel_9.npy,Skater_A,-12.320372,-2.1337972,6.896272
Axel_9.npy,145,D:/work/讨论/FS-Jump3D-main/FS-Jump3D-main/data/npy/Skater_A/Axel\Axel_9.npy,Skater_A,-12.519601,-1.3931656,6.2959294
Axel_9.npy,146,D:/work/讨论/FS-Jump3D-main/FS-Jump3D-main/data/npy/Skater_A/Axel\Axel_9.npy,Skater_A,-12.785499,-0.7209296,5.5963593
Axel_9.npy,147,D:/work/讨论/FS-Jump3D-main/FS-Jump3D-main/data/npy/Skater_A/Axel\Axel_9.npy,Skater_A,-12.991696,-0.095660396,4.8334866
Axel_9.npy,148,D:/work/讨论/FS-Jump3D-main/FS-Jump3D-main/data/npy/Skater_A/Axel\Axel_9.npy,Skater_A,-13.203004,0.4543098,4.021325
Axel_9.npy,149,D:/work/讨论/FS-Jump3D-main/FS-Jump3D-main/data/npy/Skater_A/Axel\Axel_9.npy,Skater_A,-13.447192,0.9525669,3.2019503
Axel_9.npy,150,D:/work/讨论/FS-Jump3D-main/FS-Jump3D-main/data/npy/Skater_A/Axel\Axel_9.npy,Skater_A,-13.702968,1.4682866,2.3941722
Axel_9.npy,151,D:/work/讨论/FS-Jump3D-main/FS-Jump3D-main/data/npy/Skater_A/Axel\Axel_9.npy,Skater_A,-13.856783,1.9724025,1.6049427
Axel_9.npy,152,D:/work/讨论/FS-Jump3D-main/FS-Jump3D-main/data/npy/Skater_A/Axel\Axel_9.npy,Skater_A,-13.925857,2.4957592,0.7653221
Axel_9.npy,153,D:/work/讨论/FS-Jump3D-main/FS-Jump3D-main/data/npy/Skater_A/Axel\Axel_9.npy,Skater_A,-14.131439,3.1509213,-0.5919906
Axel_9.npy,154,D:/work/讨论/FS-Jump3D-main/FS-Jump3D-main/data/npy/Skater_A/Axel\Axel_9.npy,Skater_A,-13.768979,3.7834375,-1.0644016
Axel_9.npy,155,D:/work/讨论/FS-Jump3D-main/FS-Jump3D-main/data/npy/Skater_A/Axel\Axel_9.npy,Skater_A,-14.246312,4.4190297,-1.719947
Axel_9.npy,156,D:/work/讨论/FS-Jump3D-main/FS-Jump3D-main/data/npy/Skater_A/Axel\Axel_9.npy,Skater_A,-14.126256,5.117617,-1.9214811
Axel_9.npy,157,D:/work/讨论/FS-Jump3D-main/FS-Jump3D-main/data/npy/Skater_A/Axel\Axel_9.npy,Skater_A,-14.138485,6.025776,-2.165644
Axel_9.npy,158,D:/work/讨论/FS-Jump3D-main/FS-Jump3D-main/data/npy/Skater_A/Axel\Axel_9.npy,Skater_A,-14.124011,6.7621307,-2.2346365
Axel_9.npy,159,D:/work/讨论/FS-Jump3D-main/FS-Jump3D-main/data/npy/Skater_A/Axel\Axel_9.npy,Skater_A,-14.056349,7.8146105,-2.2322805
Axel_9.npy,160,D:/work/讨论/FS-Jump3D-main/FS-Jump3D-main/data/npy/Skater_A/Axel\Axel_9.npy,Skater_A,-13.86812,8.889461,-2.0585692
Axel_9.npy,161,D:/work/讨论/FS-Jump3D-main/FS-Jump3D-main/data/npy/Skater_A/Axel\Axel_9.npy,Skater_A,-13.588441,9.827076,-1.7535094
Axel_9.npy,162,D:/work/讨论/FS-Jump3D-main/FS-Jump3D-main/data/npy/Skater_A/Axel\Axel_9.npy,Skater_A,-13.198368,10.694869,-1.2819169
Axel_9.npy,163,D:/work/讨论/FS-Jump3D-main/FS-Jump3D-main/data/npy/Skater_A/Axel\Axel_9.npy,Skater_A,-12.698335,11.40855,-0.6642698
Axel_9.npy,164,D:/work/讨论/FS-Jump3D-main/FS-Jump3D-main/data/npy/Skater_A/Axel\Axel_9.npy,Skater_A,-12.09867,11.9322405,0.080184385
Axel_9.npy,165,D:/work/讨论/FS-Jump3D-main/FS-Jump3D-main/data/npy/Skater_A/Axel\Axel_9.npy,Skater_A,-11.434338,12.248351,0.87318
Axel_9.npy,166,D:/work/讨论/FS-Jump3D-main/FS-Jump3D-main/data/npy/Skater_A/Axel\Axel_9.npy,Skater_A,-10.849402,12.369195,1.6080191
Axel_9.npy,167,D:/work/讨论/FS-Jump3D-main/FS-Jump3D-main/data/npy/Skater_A/Axel\Axel_9.npy,Skater_A,-10.275015,12.259204,2.3204234
Axel_9.npy,168,D:/work/讨论/FS-Jump3D-main/FS-Jump3D-main/data/npy/Skater_A/Axel\Axel_9.npy,Skater_A,-9.605504,12.062178,2.9871647
Axel_9.npy,169,D:/work/讨论/FS-Jump3D-main/FS-Jump3D-main/data/npy/Skater_A/Axel\Axel_9.npy,Skater_A,-8.99135,11.74642,3.726363
Axel_9.npy,170,D:/work/讨论/FS-Jump3D-main/FS-Jump3D-main/data/npy/Skater_A/Axel\Axel_9.npy,Skater_A,-8.333692,11.272165,4.445508
Axel_9.npy,171,D:/work/讨论/FS-Jump3D-main/FS-Jump3D-main/data/npy/Skater_A/Axel\Axel_9.npy,Skater_A,-7.7840104,10.810159,5.0349855
Axel_9.npy,172,D:/work/讨论/FS-Jump3D-main/FS-Jump3D-main/data/npy/Skater_A/Axel\Axel_9.npy,Skater_A,-7.2000384,10.307079,5.6118097
Axel_9.npy,173,D:/work/讨论/FS-Jump3D-main/FS-Jump3D-main/data/npy/Skater_A/Axel\Axel_9.npy,Skater_A,-6.5841303,9.788911,6.1997232
Axel_9.npy,174,D:/work/讨论/FS-Jump3D-main/FS-Jump3D-main/data/npy/Skater_A/Axel\Axel_9.npy,Skater_A,-5.950054,9.289259,6.8178687
Axel_9.npy,175,D:/work/讨论/FS-Jump3D-main/FS-Jump3D-main/data/npy/Skater_A/Axel\Axel_9.npy,Skater_A,-5.197888,8.792202,7.474556
Axel_9.npy,176,D:/work/讨论/FS-Jump3D-main/FS-Jump3D-main/data/npy/Skater_A/Axel\Axel_9.npy,Skater_A,-4.3661647,8.434042,8.083359
Axel_9.npy,177,D:/work/讨论/FS-Jump3D-main/FS-Jump3D-main/data/npy/Skater_A/Axel\Axel_9.npy,Skater_A,-3.4816995,8.286731,8.620749
Axel_9.npy,178,D:/work/讨论/FS-Jump3D-main/FS-Jump3D-main/data/npy/Skater_A/Axel\Axel_9.npy,Skater_A,-2.2912614,8.256323,9.196335
Axel_9.npy,179,D:/work/讨论/FS-Jump3D-main/FS-Jump3D-main/data/npy/Skater_A/Axel\Axel_9.npy,Skater_A,-0.7703391,8.003833,9.693861
Axel_9.npy,180,D:/work/讨论/FS-Jump3D-main/FS-Jump3D-main/data/npy/Skater_A/Axel\Axel_9.npy,Skater_A,0.49264252,7.4354362,9.993379
Axel_9.npy,181,D:/work/讨论/FS-Jump3D-main/FS-Jump3D-main/data/npy/Skater_A/Axel\Axel_9.npy,Skater_A,1.3106616,6.665508,10.164935
Axel_9.npy,182,D:/work/讨论/FS-Jump3D-main/FS-Jump3D-main/data/npy/Skater_A/Axel\Axel_9.npy,Skater_A,1.7338495,5.541554,10.357247
Axel_9.npy,183,D:/work/讨论/FS-Jump3D-main/FS-Jump3D-main/data/npy/Skater_A/Axel\Axel_9.npy,Skater_A,1.5637167,4.020455,10.578242
Axel_9.npy,184,D:/work/讨论/FS-Jump3D-main/FS-Jump3D-main/data/npy/Skater_A/Axel\Axel_9.npy,Skater_A,0.8679722,2.9575326,10.687458
Axel_9.npy,185,D:/work/讨论/FS-Jump3D-main/FS-Jump3D-main/data/npy/Skater_A/Axel\Axel_9.npy,Skater_A,-0.034735207,2.366177,10.727667
Axel_9.npy,186,D:/work/讨论/FS-Jump3D-main/FS-Jump3D-main/data/npy/Skater_A/Axel\Axel_9.npy,Skater_A,-1.2482051,2.1953766,10.673556
Axel_9.npy,187,D:/work/讨论/FS-Jump3D-main/FS-Jump3D-main/data/npy/Skater_A/Axel\Axel_9.npy,Skater_A,-2.4511032,2.4777887,10.656831
Axel_9.npy,188,D:/work/讨论/FS-Jump3D-main/FS-Jump3D-main/data/npy/Skater_A/Axel\Axel_9.npy,Skater_A,-3.1832864,3.0080092,10.578576
Axel_9.npy,189,D:/work/讨论/FS-Jump3D-main/FS-Jump3D-main/data/npy/Skater_A/Axel\Axel_9.npy,Skater_A,-3.7303758,3.7979164,10.431186
Axel_9.npy,190,D:/work/讨论/FS-Jump3D-main/FS-Jump3D-main/data/npy/Skater_A/Axel\Axel_9.npy,Skater_A,-4.0576344,4.605633,10.085588
Axel_9.npy,191,D:/work/讨论/FS-Jump3D-main/FS-Jump3D-main/data/npy/Skater_A/Axel\Axel_9.npy,Skater_A,-3.971716,5.8793635,10.086748
Axel_9.npy,192,D:/work/讨论/FS-Jump3D-main/FS-Jump3D-main/data/npy/Skater_A/Axel\Axel_9.npy,Skater_A,-3.4391356,6.845675,10.038558
Axel_9.npy,193,D:/work/讨论/FS-Jump3D-main/FS-Jump3D-main/data/npy/Skater_A/Axel\Axel_9.npy,Skater_A,-2.5018134,7.619045,10.430897
Axel_9.npy,194,D:/work/讨论/FS-Jump3D-main/FS-Jump3D-main/data/npy/Skater_A/Axel\Axel_9.npy,Skater_A,-0.8279921,7.6635575,10.976921
Axel_9.npy,195,D:/work/讨论/FS-Jump3D-main/FS-Jump3D-main/data/npy/Skater_A/Axel\Axel_9.npy,Skater_A,0.12140133,7.420301,11.188741
Axel_9.npy,196,D:/work/讨论/FS-Jump3D-main/FS-Jump3D-main/data/npy/Skater_A/Axel\Axel_9.npy,Skater_A,1.0059593,6.345253,11.948236
Axel_9.npy,197,D:/work/讨论/FS-Jump3D-main/FS-Jump3D-main/data/npy/Skater_A/Axel\Axel_9.npy,Skater_A,1.1502969,4.7987604,12.304723
Axel_9.npy,198,D:/work/讨论/FS-Jump3D-main/FS-Jump3D-main/data/npy/Skater_A/Axel\Axel_9.npy,Skater_A,1.0181017,3.536788,12.664649
Axel_9.npy,199,D:/work/讨论/FS-Jump3D-main/FS-Jump3D-main/data/npy/Skater_A/Axel\Axel_9.npy,Skater_A,0.42537305,2.6855395,12.848868
Axel_9.npy,200,D:/work/讨论/FS-Jump3D-main/FS-Jump3D-main/data/npy/Skater_A/Axel\Axel_9.npy,Skater_A,-0.41923526,1.8443344,13.026986
Axel_9.npy,201,D:/work/讨论/FS-Jump3D-main/FS-Jump3D-main/data/npy/Skater_A/Axel\Axel_9.npy,Skater_A,-1.0608035,1.0372488,13.530706
Axel_9.npy,202,D:/work/讨论/FS-Jump3D-main/FS-Jump3D-main/data/npy/Skater_A/Axel\Axel_9.npy,Skater_A,-1.3328524,0.2841765,14.208292
Axel_9.npy,203,D:/work/讨论/FS-Jump3D-main/FS-Jump3D-main/data/npy/Skater_A/Axel\Axel_9.npy,Skater_A,-1.4497015,-0.31750873,14.677388
Axel_9.npy,204,D:/work/讨论/FS-Jump3D-main/FS-Jump3D-main/data/npy/Skater_A/Axel\Axel_9.npy,Skater_A,-1.5134892,-0.926306,15.003153
Axel_9.npy,205,D:/work/讨论/FS-Jump3D-main/FS-Jump3D-main/data/npy/Skater_A/Axel\Axel_9.npy,Skater_A,-1.4774778,-1.6715707,15.264857
Axel_9.npy,206,D:/work/讨论/FS-Jump3D-main/FS-Jump3D-main/data/npy/Skater_A/Axel\Axel_9.npy,Skater_A,-1.3739407,-2.469343,15.37623
Axel_9.npy,207,D:/work/讨论/FS-Jump3D-main/FS-Jump3D-main/data/npy/Skater_A/Axel\Axel_9.npy,Skater_A,-1.2103888,-3.418447,15.293057
Axel_9.npy,208,D:/work/讨论/FS-Jump3D-main/FS-Jump3D-main/data/npy/Skater_A/Axel\Axel_9.npy,Skater_A,-0.97462547,-4.3785625,15.03364
Axel_9.npy,209,D:/work/讨论/FS-Jump3D-main/FS-Jump3D-main/data/npy/Skater_A/Axel\Axel_9.npy,Skater_A,-0.725412,-5.214364,14.712377
Axel_9.npy,210,D:/work/讨论/FS-Jump3D-main/FS-Jump3D-main/data/npy/Skater_A/Axel\Axel_9.npy,Skater_A,-0.5391179,-5.837139,14.452067
Axel_9.npy,211,D:/work/讨论/FS-Jump3D-main/FS-Jump3D-main/data/npy/Skater_A/Axel\Axel_9.npy,Skater_A,-0.2824932,-6.4611506,14.077922
Axel_9.npy,212,D:/work/讨论/FS-Jump3D-main/FS-Jump3D-main/data/npy/Skater_A/Axel\Axel_9.npy,Skater_A,-0.0053319014,-7.2427444,13.437356
Axel_9.npy,213,D:/work/讨论/FS-Jump3D-main/FS-Jump3D-main/data/npy/Skater_A/Axel\Axel_9.npy,Skater_A,0.32199025,-7.9508414,12.762378
Axel_9.npy,214,D:/work/讨论/FS-Jump3D-main/FS-Jump3D-main/data/npy/Skater_A/Axel\Axel_9.npy,Skater_A,0.6275169,-8.457221,12.180725
Axel_9.npy,215,D:/work/讨论/FS-Jump3D-main/FS-Jump3D-main/data/npy/Skater_A/Axel\Axel_9.npy,Skater_A,0.8891933,-8.899034,11.599409
Axel_9.npy,216,D:/work/讨论/FS-Jump3D-main/FS-Jump3D-main/data/npy/Skater_A/Axel\Axel_9.npy,Skater_A,1.132828,-9.42656,10.87718
Axel_9.npy,217,D:/work/讨论/FS-Jump3D-main/FS-Jump3D-main/data/npy/Skater_A/Axel\Axel_9.npy,Skater_A,1.3588692,-9.957631,10.139947
Axel_9.npy,218,D:/work/讨论/FS-Jump3D-main/FS-Jump3D-main/data/npy/Skater_A/Axel\Axel_9.npy,Skater_A,1.5760225,-10.221731,9.598582
Axel_9.npy,219,D:/work/讨论/FS-Jump3D-main/FS-Jump3D-main/data/npy/Skater_A/Axel\Axel_9.npy,Skater_A,1.8611358,-10.368417,9.080899
Axel_9.npy,220,D:/work/讨论/FS-Jump3D-main/FS-Jump3D-main/data/npy/Skater_A/Axel\Axel_9.npy,Skater_A,2.1814048,-10.502829,8.525071
Axel_9.npy,221,D:/work/讨论/FS-Jump3D-main/FS-Jump3D-main/data/npy/Skater_A/Axel\Axel_9.npy,Skater_A,2.516259,-10.564532,7.9857473
Axel_9.npy,222,D:/work/讨论/FS-Jump3D-main/FS-Jump3D-main/data/npy/Skater_A/Axel\Axel_9.npy,Skater_A,2.8781867,-10.486883,7.5136623
Axel_9.npy,223,D:/work/讨论/FS-Jump3D-main/FS-Jump3D-main/data/npy/Skater_A/Axel\Axel_9.npy,Skater_A,3.315267,-10.176409,7.091027
Axel_9.npy,224,D:/work/讨论/FS-Jump3D-main/FS-Jump3D-main/data/npy/Skater_A/Axel\Axel_9.npy,Skater_A,3.7788029,-9.824144,6.7006593
Axel_9.npy,225,D:/work/讨论/FS-Jump3D-main/FS-Jump3D-main/data/npy/Skater_A/Axel\Axel_9.npy,Skater_A,4.189443,-9.582893,6.2537837
Axel_9.npy,226,D:/work/讨论/FS-Jump3D-main/FS-Jump3D-main/data/npy/Skater_A/Axel\Axel_9.npy,Skater_A,4.684836,-9.348788,5.7894444
Axel_9.npy,227,D:/work/讨论/FS-Jump3D-main/FS-Jump3D-main/data/npy/Skater_A/Axel\Axel_9.npy,Skater_A,5.2052064,-9.006227,5.5185976
Axel_9.npy,228,D:/work/讨论/FS-Jump3D-main/FS-Jump3D-main/data/npy/Skater_A/Axel\Axel_9.npy,Skater_A,5.6763177,-8.735324,5.342076
Axel_9.npy,229,D:/work/讨论/FS-Jump3D-main/FS-Jump3D-main/data/npy/Skater_A/Axel\Axel_9.npy,Skater_A,6.1175447,-8.58752,5.1459994
Axel_9.npy,230,D:/work/讨论/FS-Jump3D-main/FS-Jump3D-main/data/npy/Skater_A/Axel\Axel_9.npy,Skater_A,6.5131173,-8.428567,5.0072503
Axel_9.npy,231,D:/work/讨论/FS-Jump3D-main/FS-Jump3D-main/data/npy/Skater_A/Axel\Axel_9.npy,Skater_A,6.9188366,-8.205058,4.948257
Axel_9.npy,232,D:/work/讨论/FS-Jump3D-main/FS-Jump3D-main/data/npy/Skater_A/Axel\Axel_9.npy,Skater_A,7.315644,-7.9089785,4.907844
Axel_9.npy,233,D:/work/讨论/FS-Jump3D-main/FS-Jump3D-main/data/npy/Skater_A/Axel\Axel_9.npy,Skater_A,7.7438016,-7.5900464,4.8303823
Axel_9.npy,234,D:/work/讨论/FS-Jump3D-main/FS-Jump3D-main/data/npy/Skater_A/Axel\Axel_9.npy,Skater_A,8.265541,-7.486924,4.700022
Axel_9.npy,235,D:/work/讨论/FS-Jump3D-main/FS-Jump3D-main/data/npy/Skater_A/Axel\Axel_9.npy,Skater_A,8.7158165,-7.556339,4.554889
Axel_9.npy,236,D:/work/讨论/FS-Jump3D-main/FS-Jump3D-main/data/npy/Skater_A/Axel\Axel_9.npy,Skater_A,8.991631,-7.3905296,4.464287
Axel_9.npy,237,D:/work/讨论/FS-Jump3D-main/FS-Jump3D-main/data/npy/Skater_A/Axel\Axel_9.npy,Skater_A,9.3959675,-6.8236527,4.32005
Axel_9.npy,238,D:/work/讨论/FS-Jump3D-main/FS-Jump3D-main/data/npy/Skater_A/Axel\Axel_9.npy,Skater_A,9.847589,-6.4821086,4.151207
Axel_9.npy,239,D:/work/讨论/FS-Jump3D-main/FS-Jump3D-main/data/npy/Skater_A/Axel\Axel_9.npy,Skater_A,10.09095,-6.4905977,4.0262976
Axel_9.npy,240,D:/work/讨论/FS-Jump3D-main/FS-Jump3D-main/data/npy/Skater_A/Axel\Axel_9.npy,Skater_A,10.346093,-6.36177,3.8996766
Axel_9.npy,241,D:/work/讨论/FS-Jump3D-main/FS-Jump3D-main/data/npy/Skater_A/Axel\Axel_9.npy,Skater_A,10.836127,-5.868031,3.8204594
Axel_9.npy,242,D:/work/讨论/FS-Jump3D-main/FS-Jump3D-main/data/npy/Skater_A/Axel\Axel_9.npy,Skater_A,11.34727,-5.369532,3.821414
Axel_9.npy,243,D:/work/讨论/FS-Jump3D-main/FS-Jump3D-main/data/npy/Skater_A/Axel\Axel_9.npy,Skater_A,11.666577,-5.0316973,3.778268
Axel_9.npy,244,D:/work/讨论/FS-Jump3D-main/FS-Jump3D-main/data/npy/Skater_A/Axel\Axel_9.npy,Skater_A,11.97726,-4.568095,3.7713609
Axel_9.npy,245,D:/work/讨论/FS-Jump3D-main/FS-Jump3D-main/data/npy/Skater_A/Axel\Axel_9.npy,Skater_A,12.097304,-4.31732,3.7473333
Axel_9.npy,246,D:/work/讨论/FS-Jump3D-main/FS-Jump3D-main/data/npy/Skater_A/Axel\Axel_9.npy,Skater_A,12.088325,-4.3228106,3.6819706
Axel_9.npy,247,D:/work/讨论/FS-Jump3D-main/FS-Jump3D-main/data/npy/Skater_A/Axel\Axel_9.npy,Skater_A,12.092137,-4.3507524,3.6035793
Axel_9.npy,248,D:/work/讨论/FS-Jump3D-main/FS-Jump3D-main/data/npy/Skater_A/Axel\Axel_9.npy,Skater_A,12.134028,-4.309867,3.5458865
Axel_9.npy,249,D:/work/讨论/FS-Jump3D-main/FS-Jump3D-main/data/npy/Skater_A/Axel\Axel_9.npy,Skater_A,12.16388,-4.245666,3.5027068
Axel_9.npy,250,D:/work/讨论/FS-Jump3D-main/FS-Jump3D-main/data/npy/Skater_A/Axel\Axel_9.npy,Skater_A,12.201144,-4.035169,3.49674
Axel_9.npy,251,D:/work/讨论/FS-Jump3D-main/FS-Jump3D-main/data/npy/Skater_A/Axel\Axel_9.npy,Skater_A,12.234753,-3.762262,3.4630184
Axel_9.npy,252,D:/work/讨论/FS-Jump3D-main/FS-Jump3D-main/data/npy/Skater_A/Axel\Axel_9.npy,Skater_A,12.24102,-3.5835793,3.4052935
Axel_9.npy,253,D:/work/讨论/FS-Jump3D-main/FS-Jump3D-main/data/npy/Skater_A/Axel\Axel_9.npy,Skater_A,12.236139,-3.3768072,3.3532827
Axel_9.npy,254,D:/work/讨论/FS-Jump3D-main/FS-Jump3D-main/data/npy/Skater_A/Axel\Axel_9.npy,Skater_A,12.234421,-3.0710702,3.2588496
Axel_9.npy,255,D:/work/讨论/FS-Jump3D-main/FS-Jump3D-main/data/npy/Skater_A/Axel\Axel_9.npy,Skater_A,12.232268,-2.8748388,3.126201
Axel_9.npy,256,D:/work/讨论/FS-Jump3D-main/FS-Jump3D-main/data/npy/Skater_A/Axel\Axel_9.npy,Skater_A,12.2161045,-2.8264887,3.0470922
Axel_9.npy,257,D:/work/讨论/FS-Jump3D-main/FS-Jump3D-main/data/npy/Skater_A/Axel\Axel_9.npy,Skater_A,12.151875,-2.622698,2.9864454
Axel_9.npy,258,D:/work/讨论/FS-Jump3D-main/FS-Jump3D-main/data/npy/Skater_A/Axel\Axel_9.npy,Skater_A,12.073327,-2.4071453,2.8724794
Axel_9.npy,259,D:/work/讨论/FS-Jump3D-main/FS-Jump3D-main/data/npy/Skater_A/Axel\Axel_9.npy,Skater_A,11.987674,-2.265844,2.665724
Axel_9.npy,260,D:/work/讨论/FS-Jump3D-main/FS-Jump3D-main/data/npy/Skater_A/Axel\Axel_9.npy,Skater_A,11.884982,-2.124572,2.4588182
Axel_9.npy,261,D:/work/讨论/FS-Jump3D-main/FS-Jump3D-main/data/npy/Skater_A/Axel\Axel_9.npy,Skater_A,11.775337,-1.949601,2.207585
Axel_9.npy,262,D:/work/讨论/FS-Jump3D-main/FS-Jump3D-main/data/npy/Skater_A/Axel\Axel_9.npy,Skater_A,11.708614,-1.8391392,1.942321
Axel_9.npy,263,D:/work/讨论/FS-Jump3D-main/FS-Jump3D-main/data/npy/Skater_A/Axel\Axel_9.npy,Skater_A,11.594945,-1.5553566,1.8500781
Axel_9.npy,264,D:/work/讨论/FS-Jump3D-main/FS-Jump3D-main/data/npy/Skater_A/Axel\Axel_9.npy,Skater_A,11.346695,-0.56036025,1.3806764
Axel_9.npy,265,D:/work/讨论/FS-Jump3D-main/FS-Jump3D-main/data/npy/Skater_A/Axel\Axel_9.npy,Skater_A,11.406398,-0.10790319,0.9422415
Axel_9.npy,266,D:/work/讨论/FS-Jump3D-main/FS-Jump3D-main/data/npy/Skater_A/Axel\Axel_9.npy,Skater_A,11.31684,-0.03625322,0.79801565
Axel_9.npy,267,D:/work/讨论/FS-Jump3D-main/FS-Jump3D-main/data/npy/Skater_A/Axel\Axel_9.npy,Skater_A,11.249329,0.067575485,0.62778646
Axel_9.npy,268,D:/work/讨论/FS-Jump3D-main/FS-Jump3D-main/data/npy/Skater_A/Axel\Axel_9.npy,Skater_A,11.221695,0.43105823,0.24593757
Axel_9.npy,269,D:/work/讨论/FS-Jump3D-main/FS-Jump3D-main/data/npy/Skater_A/Axel\Axel_9.npy,Skater_A,10.956287,0.7970868,-0.18363172
Axel_9.npy,270,D:/work/讨论/FS-Jump3D-main/FS-Jump3D-main/data/npy/Skater_A/Axel\Axel_9.npy,Skater_A,10.5899,0.96515876,-0.41132364
Axel_9.npy,271,D:/work/讨论/FS-Jump3D-main/FS-Jump3D-main/data/npy/Skater_A/Axel\Axel_9.npy,Skater_A,10.221107,1.143081,-0.62050784
Axel_9.npy,272,D:/work/讨论/FS-Jump3D-main/FS-Jump3D-main/data/npy/Skater_A/Axel\Axel_9.npy,Skater_A,9.919501,1.3127781,-0.80983996
Axel_9.npy,273,D:/work/讨论/FS-Jump3D-main/FS-Jump3D-main/data/npy/Skater_A/Axel\Axel_9.npy,Skater_A,9.642278,1.4635984,-0.96428245
Axel_9.npy,274,D:/work/讨论/FS-Jump3D-main/FS-Jump3D-main/data/npy/Skater_A/Axel\Axel_9.npy,Skater_A,9.375413,1.6242229,-1.1184846
Axel_9.npy,275,D:/work/讨论/FS-Jump3D-main/FS-Jump3D-main/data/npy/Skater_A/Axel\Axel_9.npy,Skater_A,9.090981,1.8110443,-1.3011782
Axel_9.npy,276,D:/work/讨论/FS-Jump3D-main/FS-Jump3D-main/data/npy/Skater_A/Axel\Axel_9.npy,Skater_A,8.836722,1.9923091,-1.4768101
Axel_9.npy,277,D:/work/讨论/FS-Jump3D-main/FS-Jump3D-main/data/npy/Skater_A/Axel\Axel_9.npy,Skater_A,8.602472,2.207785,-1.6570394
Axel_9.npy,278,D:/work/讨论/FS-Jump3D-main/FS-Jump3D-main/data/npy/Skater_A/Axel\Axel_9.npy,Skater_A,8.317667,2.4383318,-1.8614664
Axel_9.npy,279,D:/work/讨论/FS-Jump3D-main/FS-Jump3D-main/data/npy/Skater_A/Axel\Axel_9.npy,Skater_A,8.017207,2.651109,-2.056919
Axel_9.npy,280,D:/work/讨论/FS-Jump3D-main/FS-Jump3D-main/data/npy/Skater_A/Axel\Axel_9.npy,Skater_A,7.7884097,2.78772,-2.2040882
Axel_9.npy,281,D:/work/讨论/FS-Jump3D-main/FS-Jump3D-main/data/npy/Skater_A/Axel\Axel_9.npy,Skater_A,7.6138763,2.894122,-2.3123627
Axel_9.npy,282,D:/work/讨论/FS-Jump3D-main/FS-Jump3D-main/data/npy/Skater_A/Axel\Axel_9.npy,Skater_A,7.4314666,3.051574,-2.4146821
Axel_9.npy,283,D:/work/讨论/FS-Jump3D-main/FS-Jump3D-main/data/npy/Skater_A/Axel\Axel_9.npy,Skater_A,7.2200594,3.2576761,-2.524506
Axel_9.npy,284,D:/work/讨论/FS-Jump3D-main/FS-Jump3D-main/data/npy/Skater_A/Axel\Axel_9.npy,Skater_A,6.9908605,3.4894292,-2.6423244
Axel_9.npy,285,D:/work/讨论/FS-Jump3D-main/FS-Jump3D-main/data/npy/Skater_A/Axel\Axel_9.npy,Skater_A,6.7637157,3.7169247,-2.7516816
Axel_9.npy,286,D:/work/讨论/FS-Jump3D-main/FS-Jump3D-main/data/npy/Skater_A/Axel\Axel_9.npy,Skater_A,6.5517063,3.9275975,-2.8524919
Axel_9.npy,287,D:/work/讨论/FS-Jump3D-main/FS-Jump3D-main/data/npy/Skater_A/Axel\Axel_9.npy,Skater_A,6.3433504,4.1576486,-2.934263
Axel_9.npy,288,D:/work/讨论/FS-Jump3D-main/FS-Jump3D-main/data/npy/Skater_A/Axel\Axel_9.npy,Skater_A,6.129222,4.417476,-2.993592
Axel_9.npy,289,D:/work/讨论/FS-Jump3D-main/FS-Jump3D-main/data/npy/Skater_A/Axel\Axel_9.npy,Skater_A,5.8937144,4.7098856,-3.051589
Axel_9.npy,290,D:/work/讨论/FS-Jump3D-main/FS-Jump3D-main/data/npy/Skater_A/Axel\Axel_9.npy,Skater_A,5.605202,5.0899687,-3.1189132
Axel_9.npy,291,D:/work/讨论/FS-Jump3D-main/FS-Jump3D-main/data/npy/Skater_A/Axel\Axel_9.npy,Skater_A,5.32073,5.4898696,-3.1754916
Axel_9.npy,292,D:/work/讨论/FS-Jump3D-main/FS-Jump3D-main/data/npy/Skater_A/Axel\Axel_9.npy,Skater_A,5.095148,5.8197317,-3.1975522
Axel_9.npy,293,D:/work/讨论/FS-Jump3D-main/FS-Jump3D-main/data/npy/Skater_A/Axel\Axel_9.npy,Skater_A,4.889003,6.1333494,-3.1772935
Axel_9.npy,294,D:/work/讨论/FS-Jump3D-main/FS-Jump3D-main/data/npy/Skater_A/Axel\Axel_9.npy,Skater_A,4.6870694,6.4594154,-3.1364355
Axel_9.npy,295,D:/work/讨论/FS-Jump3D-main/FS-Jump3D-main/data/npy/Skater_A/Axel\Axel_9.npy,Skater_A,4.52512,6.726562,-3.0989933
Axel_9.npy,296,D:/work/讨论/FS-Jump3D-main/FS-Jump3D-main/data/npy/Skater_A/Axel\Axel_9.npy,Skater_A,4.3464184,7.0140023,-3.0556235
Axel_9.npy,297,D:/work/讨论/FS-Jump3D-main/FS-Jump3D-main/data/npy/Skater_A/Axel\Axel_9.npy,Skater_A,4.112612,7.351591,-2.9996648
Axel_9.npy,298,D:/work/讨论/FS-Jump3D-main/FS-Jump3D-main/data/npy/Skater_A/Axel\Axel_9.npy,Skater_A,4.063869,7.427316,-2.985931
